Workbook
Name Abteilung: Daten!$B$2:$B$30
Name Ansprechpartner: Daten!$C$2:$C$22
Name Auswahl_Bereich: Daten!$E$7:$E$8
Name Beschränkung: Daten!$R$15:$R$18
Name Brand_EX_Freisetzung1: Brand_EX!$B$31:$B$36
Name Brand_EX_Freisetzung2: Brand_EX!$B$37:$B$41
Name Brand_EX_GG: Brand_EX!$A$3:$A$7
Name Brand_EX_Mengengruppe: Brand_EX!$B$15:$B$17
Name Brand_EX_Mengengruppe2: Brand_EX!$B$18:$B$20
Name CMR: Daten!$O$2:$O$5
Name CMR_H: Daten!$M$2:$M$18
Name Einatmen_Freisetzung1: Einatmen!$B$38:$B$43
Name Einatmen_Freisetzung2: Einatmen!$B$44:$B$49
Name Einatmen_Mengengruppe: Einatmen!$B$21:$B$23
Name Einatmen_Mengengruppe2: Einatmen!$B$24:$B$26
Name Einheit_TRGS510: Daten!$H$12:$H$13
Name Einstufung_Weitere: Daten!$E$15:$E$16
Name Entsorgung: Entsorgung!$A$2:$B$975
Name Gebindeart: Daten!$K$2:$K$28
Name Gefahrgut: Gefahrgut!$A$2:$D$2328
Name Gefahrgut_UN: Gefahrgut!$A$2:$A$2328
Name Gefahrgut_VG: Daten!$U$2:$U$5
Name Gefahrstofflager: Daten!$D$2:$D$30
Name geringe_Gefährdung: Daten!$S$15:$S$27
Name GG_Einatmen: Einatmen!$A$12:$A$17
Name GG_Haut: Haut!$A$3:$A$8
Name Haut_Wirkdauer: Haut!$A$18:$A$19
Name Haut_Wirkfläche: Haut!$A$12:$A$13
Name Kennzeichnung: Daten!$F$2:$F$15
Name LGK: Daten!$J$2:$J$28
Name Mengeneinheit: Daten!$H$2:$H$5
Name PSA_Atemschutz: Daten!$X$2:$X$7
Name PSA_Augenschutz: Daten!$W$2:$W$4
Name PSA_Handschutz: Daten!$V$2:$V$4
Name PSA_Körperschutz: Daten!$Y$2:$Y$5
Name Schutzleitfaden_Auswahl: Schutzleitfäden!$A$2:$A$46
Name Standort: Daten!$A$2:$A$4
Name Status: Daten!$E$2:$E$4
Name Stoff_Gemisch: Daten!$E$11:$E$12
Name sub_Anforderungen: Daten!$P$2:$P$4
Name sub_auswahl: Daten!$S$2:$S$12
Name sub_Ergebnis: Daten!$S$2:$S$12
Name sub_Konsequenzen: Daten!$Q$2:$Q$6
Name sub_Preis: Daten!$R$2:$R$5
Name Verbrauch: Daten!$H$15:$H$21
Name Vorsorge: Daten!$Q$15:$Q$27
Name WGK: Daten!$I$2:$I$6
Name Zustand: Daten!$G$2:$G$3
Name Zustand_alle: Daten!$G$5:$G$13

Sheet Gefahrstoffverzeichnis
A1: Verzeichnis der Gefahr- und Gebrauchsstoffe | H1: Anzahl Gefahr- und Gebrauchsstoffe | U1: Betrieblicher Umgang | AO1: Lagermanagement | BZ1: Stoffeigenschaften | CT1: Inhalative Exposition | DE1: Dermale Exposition | DO1: Brand und Explosion | DZ1: Substitutionsprüfung | ED1: =HYPERLINK(CONCATENATE("Substitutionsprüfungen"),"1") -> 1 | EE1: Toxikologie | EZ1: Entsorgungshinweise | FG1: PSA | FV1: Gefahrgut / ADR | GB1: CAS-Nummer
D2: 45714 | L2: Summe Gefahrstoffe: | M2: =COUNTIF(Q8:Q20,"A")+COUNTIF(R8:R20,"G") -> 1 | X2: Büro | Y2: Lager | Z2: Produktion / Fertigung | AA2: Werkstatt | AB2: ... | AC2: … | AD2: ... | AE2: … | AF2: …
A3: KMG Arbeitssicherheit | L3: Summe Gebrauchsstoffe: | M3: =COUNTIF(CA8:CA20,"nicht als gefährlich eingestuft") -> 0
A4: Wolzenburg 2, 58566 Kierspe | L4: Anzahl gesamt: | M4: =M2+M3 -> 1
GC5: Format: XXXXXXX-XX-X
A6: Allgemeine Informationen zum Produkt | V6: [opt.] | AI6: [optional] | AJ6: [optional] | AM6: [optional] | AP6: Lagermanagement nach TRGS 510 | AW6: [optional] | AX6: Zusammenlagerungsverbote | CA6: Stoffeigenschaften | CP6: [optional] | CU6: Gefährdung durch inhalative Exposition (EMKG: Gefährlichkeitsgruppe "Einatmen" / TRGS 402) | DF6: Gefährdung durch Hautkontakt (EMKG: Gefährlichkeitsgruppe "Haut" / TRGS 401) | DP6: Gefährdung durch physikalische Reaktionen (EMKG: Gefährlichkeitsgruppe "Brand und Explosion") | EA6: Substitution nach TRGS 600 | EF6: Einstufung nach TRGS 410 / SVHC-Meldepflicht / Angaben zu den Bestandteilen (CMR) | FA6: Entsorgungshinweise | FE6: [optional] | FH6: Persönliche Schutzausrüstung | FJ6: [optional] | FK6: [optional] | FL6: [optional] | FM6: [optional] | FR6: [optional] | FU6: [optional] | FW6: Gefahrgut / ADR | GC6: CAS (engl.: Chemical Abstract Service Registry Number)
A7: Nr. | B7: Produktbezeichnung / Handelsname | C7: Hersteller / Lieferant | D7: Sicherheits- datenblatt (SDB) (Bearbeitungsdatum) | F7: Betriebs- anweisung (BAG) (Bearbeitungsdatum) | Q7: A | R7: G | S7: WGK | T7: Status | U7: + | V7: Bild | W7: Einsatzweck / interne Verwendung | AG7: Ansprechpartner | AH7: Tätigkeiten mit geringer Gefährdung (Gefährdungsbeurteilung nach TRGS 400) | AI7: interne Bestellnummer | AJ7: Sammelbetriebsanweisung | AK7: Revisionsstand zuletzt geprüft am | AL7: SDB freigegeben am | AM7: Technisches Datenblatt (TDB) (Ausgabedatum) | AO7: + | AP7: Lagerort | AQ7: Gebindeart | AR7: max. Gebindegröße | AS7: Mengeneinheit Gebinde | AT7: max. Lagermenge (Gebinde) | AU7: max. Lagermenge | AV7: Einheit | AW7: Verbrauch pro Jahr (Gebinde) | AX7: LGK | AY7: 1 | AZ7: 2A | BA7: 2B | BB7: 3 | BC7: 4.1A | BD7: 4.1B | BE7: 4.2 | BF7: 4.3 | BG7: 5.1A | BH7: 5.1B | BI7: 5.1C | BJ7: 5.2 | BK7: 6.1A | BL7: 6.1B | BM7: 6.1C | BN7: 6.1D | BO7: 6.2 | BP7: 7 | BQ7: 8A | BR7: 8B | BS7: 9 | BT7: 10 | BU7: 11 | BV7: 12 | BW7: 13 | BX7: 10-13 | BY7: Einheit (TRGS 510) | BZ7: + | CA7: Kennzeichnung gemäß CLP-VO (EG) 1272/2008 | CB7: H-Sätze 200-er | CC7: H-Sätze 300-er | CD7: H-Sätze 400-er | CE7: EUH-Sätze | CF7: P-Sätze 100-er | CG7: P-Sätze 200-er | CH7: P-Sätze 300-er | CI7: P-Sätze 400-er | CJ7: P-Sätze 500-er | CK7: Arbeitsplatzgrenzwerte (TRGS 900, DNEL) | CL7: Flamm- punkt [°C] | CM7: Siedepunkt [°C] | CN7: Dampfdruck bei 20°C [kPa] | CO7: Anwendungs- Temperatur [°C] | CP7: VOC [%] | CQ7: Stoff / Gemisch | CR7: Zustandsform | CS7: Farbe | CT7: + | CU7: GG Einatmen | CV7: Zustandsform | CW7: Mengen-gruppe | CX7: Einstufung | CY7: Verhalten | CZ7: Freisetzungs- gruppe | DA7: Maßnahmenreihe | DB7: Schutzleitfaden | DC7: öffnen | DD7: Beschreibung der Schutzmaßnahmen | DE7: + | DF7: GG Haut | DG7: Wirkfläche | DH7: Einstufung | DI7: Wirkdauer | DJ7: Einstufung | DK7: Maßnahmen-bedarf | DL7: Schutzleitfaden | DM7: öffnen | DN7: Beschreibung der Schutzmaßnahmen | DO7: + | DP7: GG Brand und EX | DQ7: Zustandsform | DR7: Mengen-gruppe | DS7: Einstufung | DT7: Verhalten | DU7: Freisetzungs- gruppe | DV7: Maßnahmenreihe | DW7: Schutzleitfaden | DX7: öffnen | DY7: Beschreibung der Schutzmaßnahmen | DZ7: + | EA7: Ergebnis der Substitutionsprüfung (Ersatzstoffsuche) | EB7: ersetzt durch SDB_XXX | EC7: Substitut / Ersatz für SDB_XXX | ED7: Bemerkung | EE7: + | EF7: Beschäftigungs-beschränkungen | EG7: Arbeitsmedizinische Vorsorge | EH7: PBT | EI7: vPvB | EJ7: Expositions-verzeichnis | EK7: Bezeichnung CMR-Inhaltsstoff (1) gemäß Abschnitt 3 SDB | EL7: Anteil [Gew.-%] | EM7: CMR Kategorie | EN7: H-Satz (CMR) | EO7: Wortlaut der Einstufung | EP7: Bezeichnung CMR-Inhaltsstoff (2) gemäß Abschnitt 3 SDB | EQ7: Anteil [Gew.-%] | ER7: CMR Kategorie | ES7: H-Satz (CMR) | ET7: Wortlaut der Einstufung | EU7: Bezeichnung CMR-Inhaltsstoff (3) gemäß Abschnitt 3 SDB | EV7: Anteil [Gew.-%] | EW7: CMR Kategorie | EX7: H-Satz (CMR) | EY7: Wortlaut der Einstufung | EZ7: + | FA7: Abfallschlüssel Produkt | FB7: Schlüsselbezeichnung Produkt | FC7: Abfallschlüssel Produkt / Verpackung | FD7: Schlüsselbezeichnung Produkt / Verpackung | FE7: Abfallschlüssel intern / tatsächlich | FF7: Schlüsselbezeichnung intern / tatsächlich | FG7: + | FH7: Handschutz | FI7: EN-Norm | FJ7: Material | FK7: Materialstärke [mm] | FL7: Durchdringzeit (max. Tragedauer) [min] | FM7: Zuordnung im PSA-Katalog | FN7: Augenschutz / Gesichtsschutz | FO7: EN-Norm | FP7: Körperschutz | FQ7: EN-Norm | FR7: Material | FS7: Atemschutz | FT7: EN-Norm | FU7: Filter | FV7: + | FW7: UN Nummer | FX7: Gefahrenzahl | FY7: Klasse | FZ7: Bezeichnung | GA7: Verpackungs-gruppe | GB7: + | GC7: CAS 1 | GD7: CAS 2 | GE7: CAS 3 | GF7: CAS 4 | GG7: CAS 5 | GH7: CAS 6 | GI7: CAS 7 | GJ7: CAS 8 | GK7: CAS 9 | GL7: CAS 10 | GM7: CAS 11 | GN7: CAS 12
A8: 001 | B8: OKS 250 Schmierstoff | C8: OKS Spezialschmierstoffe GmbH | D8: 44732 | E8: =HYPERLINK(CONCATENATE("SDB\SDB_",A8,".pdf"),"2") -> 2 | F8: 45714 | G8: =IF(AJ8<>"",HYPERLINK(CONCATENATE("BAG\",AJ8,".pdf"),"2"),HYPERLINK(CONCATENATE("BAG\BAG_",A8,".pdf"),"2")) -> 2 | H8: =IF(ISERROR(FIND("GHS 01",$CA8)),"","●") | I8: =IF(ISERROR(FIND("GHS 02",$CA8)),"","●") | J8: =IF(ISERROR(FIND("GHS 03",$CA8)),"","●") | K8: =IF(ISERROR(FIND("GHS 04",$CA8)),"","●") | L8: =IF(ISERROR(FIND("GHS 05",$CA8)),"","●") -> ● | M8: =IF(ISERROR(FIND("GHS 06",$CA8)),"","●") | N8: =IF(ISERROR(FIND("GHS 07",$CA8)),"","●") | O8: =IF(ISERROR(FIND("GHS 08",$CA8)),"","●") | P8: =IF(ISERROR(FIND("GHS 09",$CA8)),"","●") -> ● | Q8: =IF(ISERROR(FIND("Achtung",$CA8)),"","A") | R8: =IF(ISERROR(FIND("Gefahr",$CA8)),"","G") -> G | S8: 1 | T8: aktiv | V8: =HYPERLINK(CONCATENATE("Bilder\",A8,".jpg"),"y") -> y | W8: Schmierstoff von Werkzeugmaschinen | AG8: Abteilungsleiter | AN8: =HYPERLINK(CONCATENATE("TDB\TDB_",A8,".pdf"),"2") -> 2 | AQ8: Dose | AR8: 500 | AS8: ml | AU8: =IF(AS8="","",(IF(AS8="ml",(AR8/1000)*AT8,IF(AS8="Liter",AR8*AT8,IF(AS8="g",(AR8/1000)*AT8,IF(AS8="kg",AR8*AT8)))))) -> 0 | AV8: =IF(AS8="","",(IF(AS8="ml","Liter",IF(AS8="Liter","Liter",IF(AS8="g","kg",IF(AS8="kg","kg")))))) -> Liter | AY8: =IFERROR(VLOOKUP($AX8,Zusammenlagerung!$A$3:$AA$28,2,FALSE),"") | AZ8: =IFERROR(VLOOKUP($AX8,Zusammenlagerung!$A$3:$AA$28,3,FALSE),"") | BA8: =IFERROR(VLOOKUP($AX8,Zusammenlagerung!$A$3:$AA$28,4,FALSE),"") | BB8: =IFERROR(VLOOKUP($AX8,Zusammenlagerung!$A$3:$AA$28,5,FALSE),"") | BC8: =IFERROR(VLOOKUP($AX8,Zusammenlagerung!$A$3:$AA$28,6,FALSE),"") | BD8: =IFERROR(VLOOKUP($AX8,Zusammenlagerung!$A$3:$AA$28,7,FALSE),"") | BE8: =IFERROR(VLOOKUP($AX8,Zusammenlagerung!$A$3:$AA$28,8,FALSE),"") | BF8: =IFERROR(VLOOKUP($AX8,Zusammenlagerung!$A$3:$AA$28,9,FALSE),"") | BG8: =IFERROR(VLOOKUP($AX8,Zusammenlagerung!$A$3:$AA$28,10,FALSE),"") | BH8: =IFERROR(VLOOKUP($AX8,Zusammenlagerung!$A$3:$AA$28,11,FALSE),"") | BI8: =IFERROR(VLOOKUP($AX8,Zusammenlagerung!$A$3:$AA$28,12,FALSE),"") | BJ8: =IFERROR(VLOOKUP($AX8,Zusammenlagerung!$A$3:$AA$28,13,FALSE),"") | BK8: =IFERROR(VLOOKUP($AX8,Zusammenlagerung!$A$3:$AA$28,14,FALSE),"") | BL8: =IFERROR(VLOOKUP($AX8,Zusammenlagerung!$A$3:$AA$28,15,FALSE),"") | BM8: =IFERROR(VLOOKUP($AX8,Zusammenlagerung!$A$3:$AA$28,16,FALSE),"") | BN8: =IFERROR(VLOOKUP($AX8,Zusammenlagerung!$A$3:$AA$28,17,FALSE),"") | BO8: =IFERROR(VLOOKUP($AX8,Zusammenlagerung!$A$3:$AA$28,18,FALSE),"") | BP8: =IFERROR(VLOOKUP($AX8,Zusammenlagerung!$A$3:$AA$28,19,FALSE),"") | BQ8: =IFERROR(VLOOKUP($AX8,Zusammenlagerung!$A$3:$AA$28,20,FALSE),"") | BR8: =IFERROR(VLOOKUP($AX8,Zusammenlagerung!$A$3:$AA$28,21,FALSE),"") | BT8: =IFERROR(VLOOKUP($AX8,Zusammenlagerung!$A$3:$AA$28,23,FALSE),"") | BU8: =IFERROR(VLOOKUP($AX8,Zusammenlagerung!$A$3:$AA$28,24,FALSE),"") | BV8: =IFERROR(VLOOKUP($AX8,Zusammenlagerung!$A$3:$AA$28,25,FALSE),"") | BW8: =IFERROR(VLOOKUP($AX8,Zusammenlagerung!$A$3:$AA$28,26,FALSE),"") | BX8: =IFERROR(VLOOKUP($AX8,Zusammenlagerung!$A$3:$AA$28,27,FALSE),"") | BY8: =IF(CB8<>"",(IF(COUNTIFS(CB8,"*H220*")>0,"Liter",(IF(COUNTIFS(CB8,"*H221*")>0,"Liter",IF(COUNTIFS(CB8,"*H270*")>0,"Liter",IF(COUNTIFS(CB8,"*H280*")>0,"Liter",IF(COUNTIFS(CB8,"*H281*")>0,"Liter","kg"))))))),"") -> kg | CA8: GHS 05, GHS 09, Gefahr | CB8: - | CC8: H315, H318 | CD8: H410 | CE8: EUH208, EUH212 | CF8: - | CG8: P264, P273, P280 | CH8: P305 + P351 + P338, P310, P332 + P313, P391 | CI8: - | CJ8: - | CK8: Titandioxid; [in Pulverform mit <1 % Partikel mit aerodynamischem Durchmesser ≤ 10 μm], Calciumdihydroxid, Destillate (Erdöl), durch Lösungsmittel aufbereitete schwere paraffinhaltige; Basisöl — nicht spezifiziert, | CL8: - | CM8: - | CN8: 0 | CO8: 20 | CP8: 0 | CQ8: Gemisch | CR8: Paste | CS8: weiß | CX8: {=INDEX(Einatmen!$A$21:$A$26,MATCH(CV8&CW8,Einatmen!$C$21:$C$26&Einatmen!$B$21:$B$26,0))} -> #N/A | CZ8: {=INDEX(Einatmen!$A$38:$A$49,MATCH(CV8&CY8,Einatmen!$C$38:$C$49&Einatmen!$B$38:$B$49,0))} -> #N/A | DA8: {=INDEX(Einatmen!$D$52:$D$159,MATCH(CU8&CX8&CZ8&CV8,Einatmen!$A$52:$A$159&Einatmen!$B$52:$B$159&Einatmen!$C$52:$C$159&Einatmen!$E$52:$E$159,0))} -> #N/A | DC8: =IF(ISNA(DA8),"",(IF(DB8="","",(HYPERLINK(CONCATENATE("Schutzleitfäden\",DB8,".pdf"),"1"))))) | DD8: =IFERROR(VLOOKUP(DB8,Schutzleitfäden!$A$3:$C$46,3,FALSE),"") | DH8: =IF(DG8=Haut!$A$12,Haut!$B$12,(IF(DG8=Haut!$A$13,Haut!$B$13,""))) | DJ8: =IF(DI8=Haut!$A$18,Haut!$C$18,(IF(DI8=Haut!$A$19,Haut!$C$19,""))) | DK8: {=INDEX(Haut!$D$22:$D$45,MATCH(DF8&DH8&DJ8,Haut!$A$22:$A$45&Haut!$B$22:$B$45&Haut!$C$22:$C$45,0))} -> #N/A | DL8: =IF(ISNA(DK8),"",(IF(DK8=Haut!$D$49,Haut!$E$49,(IF(DK8=Haut!$D$50,Haut!$E$50,(IF(DK8=Haut!$D$51,Haut!$E$51,(IF(DK8=Haut!$D$52,Haut!$E$52,(IF(DK8=Haut!$D$53,Haut!$E$53,""))))))))))) | DM8: =IF(ISNA(DK8),"",(HYPERLINK(CONCATENATE("Schutzleitfäden\",DL8,".pdf"),"1"))) | DN8: =IFERROR(VLOOKUP(DL8,Schutzleitfäden!$A$3:$C$46,3,FALSE),"") | DQ8: =CV8 -> 0 | DR8: =CW8 -> 0 | DS8: {=INDEX(Brand_EX!$A$15:$A$20,MATCH(DQ8&DR8,Brand_EX!$C$15:$C$20&Brand_EX!$B$15:$B$20,0))} -> #N/A | DT8: =CY8 -> 0 | DU8: {=INDEX(Brand_EX!$A$31:$A$41,MATCH(DQ8&DT8,Brand_EX!$C$31:$C$41&Brand_EX!$B$31:$B$41,0))} -> #N/A | DV8: {=INDEX(Brand_EX!$D$44:$D$133,MATCH(DP8&DS8&DU8&DQ8,Brand_EX!$A$44:$A$133&Brand_EX!$B$44:$B$133&Brand_EX!$C$44:$C$133&Brand_EX!$E$44:$E$133,0))} -> #N/A | DX8: =IF(ISNA(DV8),"",(IF(DW8="","",(HYPERLINK(CONCATENATE("Schutzleitfäden\",DW8,".pdf"),"1"))))) | DY8: =IFERROR(VLOOKUP(DW8,Schutzleitfäden!$A$3:$C$46,3,FALSE),"") | EA8: Die Möglichkeit zur Substitution des Produktes ist zu prüfen. | EJ8: =IF(EM8="Kat. 1A","ja",IF(EM8="Kat. 1B","ja",IF(ER8="Kat. 1A","ja",IF(ER8="Kat. 1B","ja",IF(EW8="Kat. 1A","ja",IF(EW8="Kat. 1B","ja","nein")))))) -> nein | EO8: =VLOOKUP(EN8,Daten!$M$2:$N$18,2,FALSE) -> #N/A | EP8: - | EQ8: 0 | ER8: - | ES8: keine | ET8: =VLOOKUP(ES8,Daten!$M$2:$N$18,2,FALSE) -> entfällt | EU8: - | EV8: 0 | EW8: - | EX8: keine | EY8: =VLOOKUP(EX8,Daten!$M$2:$N$18,2,FALSE) -> entfällt | FB8: =IF(ISERROR(VLOOKUP(FA8,Entsorgung,2,FALSE)),"",VLOOKUP(FA8,Entsorgung,2,FALSE)) | FD8: =IF(ISERROR(VLOOKUP(FC8,Entsorgung,2,FALSE)),"",VLOOKUP(FC8,Entsorgung,2,FALSE)) | FF8: =IF(ISERROR(VLOOKUP(FE8,Entsorgung,2,FALSE)),"",VLOOKUP(FE8,Entsorgung,2,FALSE)) | FH8: Chemikalien-Schutzhandschuhe | FI8: EN 374 | FN8: Dichtschließende Schutzbrille mit Seitenschutz | FO8: EN 166 | FP8: (nicht definiert) | FS8: (nicht definiert) | FX8: =IF(ISERROR(VLOOKUP(FW8,Gefahrgut,2,FALSE)),"",VLOOKUP(FW8,Gefahrgut,2,FALSE)) | FY8: =IF(ISERROR(VLOOKUP(FW8,Gefahrgut,3,FALSE)),"",VLOOKUP(FW8,Gefahrgut,3,FALSE)) | FZ8: =IF(ISERROR(VLOOKUP(FW8,Gefahrgut,4,FALSE)),"",VLOOKUP(FW8,Gefahrgut,4,FALSE))
A9: 002 | B9: CARAMBA Super Das Original Multifunktions-Spray(Aerosol) | C9: CARAMBA CHEMIE GMBH & Co.KG | D9: … | E9: =HYPERLINK(CONCATENATE("SDB\SDB_",A9,".pdf"),"2") -> 2 | F9: … | G9: =IF(AJ9<>"",HYPERLINK(CONCATENATE("BAG\",AJ9,".pdf"),"2"),HYPERLINK(CONCATENATE("BAG\BAG_",A9,".pdf"),"2")) -> 2 | H9: =IF(ISERROR(FIND("GHS 01",$CA9)),"","●") | I9: =IF(ISERROR(FIND("GHS 02",$CA9)),"","●") | J9: =IF(ISERROR(FIND("GHS 03",$CA9)),"","●") | K9: =IF(ISERROR(FIND("GHS 04",$CA9)),"","●") | L9: =IF(ISERROR(FIND("GHS 05",$CA9)),"","●") | M9: =IF(ISERROR(FIND("GHS 06",$CA9)),"","●") | N9: =IF(ISERROR(FIND("GHS 07",$CA9)),"","●") | O9: =IF(ISERROR(FIND("GHS 08",$CA9)),"","●") | P9: =IF(ISERROR(FIND("GHS 09",$CA9)),"","●") | Q9: =IF(ISERROR(FIND("Achtung",$CA9)),"","A") | R9: =IF(ISERROR(FIND("Gefahr",$CA9)),"","G") | V9: =HYPERLINK(CONCATENATE("Bilder\",A9,".jpg"),"y") -> y | AG9: Abteilungsleiter | AN9: =HYPERLINK(CONCATENATE("TDB\TDB_",A9,".pdf"),"2") -> 2 | AQ9: Dose | AR9: 500 | AS9: ml | AU9: =IF(AS9="","",(IF(AS9="ml",(AR9/1000)*AT9,IF(AS9="Liter",AR9*AT9,IF(AS9="g",(AR9/1000)*AT9,IF(AS9="kg",AR9*AT9)))))) -> 0 | AV9: =IF(AS9="","",(IF(AS9="ml","Liter",IF(AS9="Liter","Liter",IF(AS9="g","kg",IF(AS9="kg","kg")))))) -> Liter | AY9: =IFERROR(VLOOKUP($AX9,Zusammenlagerung!$A$3:$AA$28,2,FALSE),"") | AZ9: =IFERROR(VLOOKUP($AX9,Zusammenlagerung!$A$3:$AA$28,3,FALSE),"") | BA9: =IFERROR(VLOOKUP($AX9,Zusammenlagerung!$A$3:$AA$28,4,FALSE),"") | BB9: =IFERROR(VLOOKUP($AX9,Zusammenlagerung!$A$3:$AA$28,5,FALSE),"") | BC9: =IFERROR(VLOOKUP($AX9,Zusammenlagerung!$A$3:$AA$28,6,FALSE),"") | BD9: =IFERROR(VLOOKUP($AX9,Zusammenlagerung!$A$3:$AA$28,7,FALSE),"") | BE9: =IFERROR(VLOOKUP($AX9,Zusammenlagerung!$A$3:$AA$28,8,FALSE),"") | BF9: =IFERROR(VLOOKUP($AX9,Zusammenlagerung!$A$3:$AA$28,9,FALSE),"") | BG9: =IFERROR(VLOOKUP($AX9,Zusammenlagerung!$A$3:$AA$28,10,FALSE),"") | BH9: =IFERROR(VLOOKUP($AX9,Zusammenlagerung!$A$3:$AA$28,11,FALSE),"") | BI9: =IFERROR(VLOOKUP($AX9,Zusammenlagerung!$A$3:$AA$28,12,FALSE),"") | BJ9: =IFERROR(VLOOKUP($AX9,Zusammenlagerung!$A$3:$AA$28,13,FALSE),"") | BK9: =IFERROR(VLOOKUP($AX9,Zusammenlagerung!$A$3:$AA$28,14,FALSE),"") | BL9: =IFERROR(VLOOKUP($AX9,Zusammenlagerung!$A$3:$AA$28,15,FALSE),"") | BM9: =IFERROR(VLOOKUP($AX9,Zusammenlagerung!$A$3:$AA$28,16,FALSE),"") | BN9: =IFERROR(VLOOKUP($AX9,Zusammenlagerung!$A$3:$AA$28,17,FALSE),"") | BO9: =IFERROR(VLOOKUP($AX9,Zusammenlagerung!$A$3:$AA$28,18,FALSE),"") | BP9: =IFERROR(VLOOKUP($AX9,Zusammenlagerung!$A$3:$AA$28,19,FALSE),"") | BQ9: =IFERROR(VLOOKUP($AX9,Zusammenlagerung!$A$3:$AA$28,20,FALSE),"") | BR9: =IFERROR(VLOOKUP($AX9,Zusammenlagerung!$A$3:$AA$28,21,FALSE),"") | BT9: =IFERROR(VLOOKUP($AX9,Zusammenlagerung!$A$3:$AA$28,23,FALSE),"") | BU9: =IFERROR(VLOOKUP($AX9,Zusammenlagerung!$A$3:$AA$28,24,FALSE),"") | BV9: =IFERROR(VLOOKUP($AX9,Zusammenlagerung!$A$3:$AA$28,25,FALSE),"") | BW9: =IFERROR(VLOOKUP($AX9,Zusammenlagerung!$A$3:$AA$28,26,FALSE),"") | BX9: =IFERROR(VLOOKUP($AX9,Zusammenlagerung!$A$3:$AA$28,27,FALSE),"") | BY9: =IF(CB9<>"",(IF(COUNTIFS(CB9,"*H220*")>0,"Liter",(IF(COUNTIFS(CB9,"*H221*")>0,"Liter",IF(COUNTIFS(CB9,"*H270*")>0,"Liter",IF(COUNTIFS(CB9,"*H280*")>0,"Liter",IF(COUNTIFS(CB9,"*H281*")>0,"Liter","kg"))))))),"") | CO9: 20 | CX9: {=INDEX(Einatmen!$A$21:$A$26,MATCH(CV9&CW9,Einatmen!$C$21:$C$26&Einatmen!$B$21:$B$26,0))} -> #N/A | CZ9: {=INDEX(Einatmen!$A$38:$A$49,MATCH(CV9&CY9,Einatmen!$C$38:$C$49&Einatmen!$B$38:$B$49,0))} -> #N/A | DA9: {=INDEX(Einatmen!$D$52:$D$159,MATCH(CU9&CX9&CZ9&CV9,Einatmen!$A$52:$A$159&Einatmen!$B$52:$B$159&Einatmen!$C$52:$C$159&Einatmen!$E$52:$E$159,0))} -> #N/A | DC9: =IF(ISNA(DA9),"",(IF(DB9="","",(HYPERLINK(CONCATENATE("Schutzleitfäden\",DB9,".pdf"),"1"))))) | DD9: =IFERROR(VLOOKUP(DB9,Schutzleitfäden!$A$3:$C$46,3,FALSE),"") | DH9: =IF(DG9=Haut!$A$12,Haut!$B$12,(IF(DG9=Haut!$A$13,Haut!$B$13,""))) | DJ9: =IF(DI9=Haut!$A$18,Haut!$C$18,(IF(DI9=Haut!$A$19,Haut!$C$19,""))) | DK9: {=INDEX(Haut!$D$22:$D$45,MATCH(DF9&DH9&DJ9,Haut!$A$22:$A$45&Haut!$B$22:$B$45&Haut!$C$22:$C$45,0))} -> #N/A | DL9: =IF(ISNA(DK9),"",(IF(DK9=Haut!$D$49,Haut!$E$49,(IF(DK9=Haut!$D$50,Haut!$E$50,(IF(DK9=Haut!$D$51,Haut!$E$51,(IF(DK9=Haut!$D$52,Haut!$E$52,(IF(DK9=Haut!$D$53,Haut!$E$53,""))))))))))) | DM9: =IF(ISNA(DK9),"",(HYPERLINK(CONCATENATE("Schutzleitfäden\",DL9,".pdf"),"1"))) | DN9: =IFERROR(VLOOKUP(DL9,Schutzleitfäden!$A$3:$C$46,3,FALSE),"") | DQ9: =CV9 -> 0 | DR9: =CW9 -> 0 | DS9: {=INDEX(Brand_EX!$A$15:$A$20,MATCH(DQ9&DR9,Brand_EX!$C$15:$C$20&Brand_EX!$B$15:$B$20,0))} -> #N/A | DT9: =CY9 -> 0 | DU9: {=INDEX(Brand_EX!$A$31:$A$41,MATCH(DQ9&DT9,Brand_EX!$C$31:$C$41&Brand_EX!$B$31:$B$41,0))} -> #N/A | DV9: {=INDEX(Brand_EX!$D$44:$D$133,MATCH(DP9&DS9&DU9&DQ9,Brand_EX!$A$44:$A$133&Brand_EX!$B$44:$B$133&Brand_EX!$C$44:$C$133&Brand_EX!$E$44:$E$133,0))} -> #N/A | DX9: =IF(ISNA(DV9),"",(IF(DW9="","",(HYPERLINK(CONCATENATE("Schutzleitfäden\",DW9,".pdf"),"1"))))) | DY9: =IFERROR(VLOOKUP(DW9,Schutzleitfäden!$A$3:$C$46,3,FALSE),"") | EA9: Die Möglichkeit zur Substitution des Produktes ist zu prüfen. | EJ9: =IF(EM9="Kat. 1A","ja",IF(EM9="Kat. 1B","ja",IF(ER9="Kat. 1A","ja",IF(ER9="Kat. 1B","ja",IF(EW9="Kat. 1A","ja",IF(EW9="Kat. 1B","ja","nein")))))) -> nein | EO9: =VLOOKUP(EN9,Daten!$M$2:$N$18,2,FALSE) -> #N/A | EP9: - | EQ9: 0 | ER9: - | ES9: keine | ET9: =VLOOKUP(ES9,Daten!$M$2:$N$18,2,FALSE) -> entfällt | EU9: - | EV9: 0 | EW9: - | EX9: keine | EY9: =VLOOKUP(EX9,Daten!$M$2:$N$18,2,FALSE) -> entfällt | FB9: =IF(ISERROR(VLOOKUP(FA9,Entsorgung,2,FALSE)),"",VLOOKUP(FA9,Entsorgung,2,FALSE)) | FD9: =IF(ISERROR(VLOOKUP(FC9,Entsorgung,2,FALSE)),"",VLOOKUP(FC9,Entsorgung,2,FALSE)) | FF9: =IF(ISERROR(VLOOKUP(FE9,Entsorgung,2,FALSE)),"",VLOOKUP(FE9,Entsorgung,2,FALSE)) | FH9: Chemikalien-Schutzhandschuhe | FI9: EN 374 | FN9: Dichtschließende Schutzbrille mit Seitenschutz | FO9: EN 166 | FP9: (nicht definiert) | FS9: (nicht definiert) | FX9: =IF(ISERROR(VLOOKUP(FW9,Gefahrgut,2,FALSE)),"",VLOOKUP(FW9,Gefahrgut,2,FALSE)) | FY9: =IF(ISERROR(VLOOKUP(FW9,Gefahrgut,3,FALSE)),"",VLOOKUP(FW9,Gefahrgut,3,FALSE)) | FZ9: =IF(ISERROR(VLOOKUP(FW9,Gefahrgut,4,FALSE)),"",VLOOKUP(FW9,Gefahrgut,4,FALSE))
A10: 003 | B10: DH556-AE2 A7201 Formreiniger | C10: hebrochemie GmbH | D10: … | E10: =HYPERLINK(CONCATENATE("SDB\SDB_",A10,".pdf"),"2") -> 2 | F10: … | G10: =IF(AJ10<>"",HYPERLINK(CONCATENATE("BAG\",AJ10,".pdf"),"2"),HYPERLINK(CONCATENATE("BAG\BAG_",A10,".pdf"),"2")) -> 2 | H10: =IF(ISERROR(FIND("GHS 01",$CA10)),"","●") | I10: =IF(ISERROR(FIND("GHS 02",$CA10)),"","●") | J10: =IF(ISERROR(FIND("GHS 03",$CA10)),"","●") | K10: =IF(ISERROR(FIND("GHS 04",$CA10)),"","●") | L10: =IF(ISERROR(FIND("GHS 05",$CA10)),"","●") | M10: =IF(ISERROR(FIND("GHS 06",$CA10)),"","●") | N10: =IF(ISERROR(FIND("GHS 07",$CA10)),"","●") | O10: =IF(ISERROR(FIND("GHS 08",$CA10)),"","●") | P10: =IF(ISERROR(FIND("GHS 09",$CA10)),"","●") | Q10: =IF(ISERROR(FIND("Achtung",$CA10)),"","A") | R10: =IF(ISERROR(FIND("Gefahr",$CA10)),"","G") | V10: =HYPERLINK(CONCATENATE("Bilder\",A10,".jpg"),"y") -> y | AG10: Abteilungsleiter | AN10: =HYPERLINK(CONCATENATE("TDB\TDB_",A10,".pdf"),"2") -> 2 | AQ10: Dose | AR10: 270 | AS10: ml | AU10: =IF(AS10="","",(IF(AS10="ml",(AR10/1000)*AT10,IF(AS10="Liter",AR10*AT10,IF(AS10="g",(AR10/1000)*AT10,IF(AS10="kg",AR10*AT10)))))) -> 0 | AV10: =IF(AS10="","",(IF(AS10="ml","Liter",IF(AS10="Liter","Liter",IF(AS10="g","kg",IF(AS10="kg","kg")))))) -> Liter | AY10: =IFERROR(VLOOKUP($AX10,Zusammenlagerung!$A$3:$AA$28,2,FALSE),"") | AZ10: =IFERROR(VLOOKUP($AX10,Zusammenlagerung!$A$3:$AA$28,3,FALSE),"") | BA10: =IFERROR(VLOOKUP($AX10,Zusammenlagerung!$A$3:$AA$28,4,FALSE),"") | BB10: =IFERROR(VLOOKUP($AX10,Zusammenlagerung!$A$3:$AA$28,5,FALSE),"") | BC10: =IFERROR(VLOOKUP($AX10,Zusammenlagerung!$A$3:$AA$28,6,FALSE),"") | BD10: =IFERROR(VLOOKUP($AX10,Zusammenlagerung!$A$3:$AA$28,7,FALSE),"") | BE10: =IFERROR(VLOOKUP($AX10,Zusammenlagerung!$A$3:$AA$28,8,FALSE),"") | BF10: =IFERROR(VLOOKUP($AX10,Zusammenlagerung!$A$3:$AA$28,9,FALSE),"") | BG10: =IFERROR(VLOOKUP($AX10,Zusammenlagerung!$A$3:$AA$28,10,FALSE),"") | BH10: =IFERROR(VLOOKUP($AX10,Zusammenlagerung!$A$3:$AA$28,11,FALSE),"") | BI10: =IFERROR(VLOOKUP($AX10,Zusammenlagerung!$A$3:$AA$28,12,FALSE),"") | BJ10: =IFERROR(VLOOKUP($AX10,Zusammenlagerung!$A$3:$AA$28,13,FALSE),"") | BK10: =IFERROR(VLOOKUP($AX10,Zusammenlagerung!$A$3:$AA$28,14,FALSE),"") | BL10: =IFERROR(VLOOKUP($AX10,Zusammenlagerung!$A$3:$AA$28,15,FALSE),"") | BM10: =IFERROR(VLOOKUP($AX10,Zusammenlagerung!$A$3:$AA$28,16,FALSE),"") | BN10: =IFERROR(VLOOKUP($AX10,Zusammenlagerung!$A$3:$AA$28,17,FALSE),"") | BO10: =IFERROR(VLOOKUP($AX10,Zusammenlagerung!$A$3:$AA$28,18,FALSE),"") | BP10: =IFERROR(VLOOKUP($AX10,Zusammenlagerung!$A$3:$AA$28,19,FALSE),"") | BQ10: =IFERROR(VLOOKUP($AX10,Zusammenlagerung!$A$3:$AA$28,20,FALSE),"") | BR10: =IFERROR(VLOOKUP($AX10,Zusammenlagerung!$A$3:$AA$28,21,FALSE),"") | BT10: =IFERROR(VLOOKUP($AX10,Zusammenlagerung!$A$3:$AA$28,23,FALSE),"") | BU10: =IFERROR(VLOOKUP($AX10,Zusammenlagerung!$A$3:$AA$28,24,FALSE),"") | BV10: =IFERROR(VLOOKUP($AX10,Zusammenlagerung!$A$3:$AA$28,25,FALSE),"") | BW10: =IFERROR(VLOOKUP($AX10,Zusammenlagerung!$A$3:$AA$28,26,FALSE),"") | BX10: =IFERROR(VLOOKUP($AX10,Zusammenlagerung!$A$3:$AA$28,27,FALSE),"") | BY10: =IF(CB10<>"",(IF(COUNTIFS(CB10,"*H220*")>0,"Liter",(IF(COUNTIFS(CB10,"*H221*")>0,"Liter",IF(COUNTIFS(CB10,"*H270*")>0,"Liter",IF(COUNTIFS(CB10,"*H280*")>0,"Liter",IF(COUNTIFS(CB10,"*H281*")>0,"Liter","kg"))))))),"") | CO10: 20 | CX10: {=INDEX(Einatmen!$A$21:$A$26,MATCH(CV10&CW10,Einatmen!$C$21:$C$26&Einatmen!$B$21:$B$26,0))} -> #N/A | CZ10: {=INDEX(Einatmen!$A$38:$A$49,MATCH(CV10&CY10,Einatmen!$C$38:$C$49&Einatmen!$B$38:$B$49,0))} -> #N/A | DA10: {=INDEX(Einatmen!$D$52:$D$159,MATCH(CU10&CX10&CZ10&CV10,Einatmen!$A$52:$A$159&Einatmen!$B$52:$B$159&Einatmen!$C$52:$C$159&Einatmen!$E$52:$E$159,0))} -> #N/A | DC10: =IF(ISNA(DA10),"",(IF(DB10="","",(HYPERLINK(CONCATENATE("Schutzleitfäden\",DB10,".pdf"),"1"))))) | DD10: =IFERROR(VLOOKUP(DB10,Schutzleitfäden!$A$3:$C$46,3,FALSE),"") | DH10: =IF(DG10=Haut!$A$12,Haut!$B$12,(IF(DG10=Haut!$A$13,Haut!$B$13,""))) | DJ10: =IF(DI10=Haut!$A$18,Haut!$C$18,(IF(DI10=Haut!$A$19,Haut!$C$19,""))) | DK10: {=INDEX(Haut!$D$22:$D$45,MATCH(DF10&DH10&DJ10,Haut!$A$22:$A$45&Haut!$B$22:$B$45&Haut!$C$22:$C$45,0))} -> #N/A | DL10: =IF(ISNA(DK10),"",(IF(DK10=Haut!$D$49,Haut!$E$49,(IF(DK10=Haut!$D$50,Haut!$E$50,(IF(DK10=Haut!$D$51,Haut!$E$51,(IF(DK10=Haut!$D$52,Haut!$E$52,(IF(DK10=Haut!$D$53,Haut!$E$53,""))))))))))) | DM10: =IF(ISNA(DK10),"",(HYPERLINK(CONCATENATE("Schutzleitfäden\",DL10,".pdf"),"1"))) | DN10: =IFERROR(VLOOKUP(DL10,Schutzleitfäden!$A$3:$C$46,3,FALSE),"") | DQ10: =CV10 -> 0 | DR10: =CW10 -> 0 | DS10: {=INDEX(Brand_EX!$A$15:$A$20,MATCH(DQ10&DR10,Brand_EX!$C$15:$C$20&Brand_EX!$B$15:$B$20,0))} -> #N/A | DT10: =CY10 -> 0 | DU10: {=INDEX(Brand_EX!$A$31:$A$41,MATCH(DQ10&DT10,Brand_EX!$C$31:$C$41&Brand_EX!$B$31:$B$41,0))} -> #N/A | DV10: {=INDEX(Brand_EX!$D$44:$D$133,MATCH(DP10&DS10&DU10&DQ10,Brand_EX!$A$44:$A$133&Brand_EX!$B$44:$B$133&Brand_EX!$C$44:$C$133&Brand_EX!$E$44:$E$133,0))} -> #N/A | DX10: =IF(ISNA(DV10),"",(IF(DW10="","",(HYPERLINK(CONCATENATE("Schutzleitfäden\",DW10,".pdf"),"1"))))) | DY10: =IFERROR(VLOOKUP(DW10,Schutzleitfäden!$A$3:$C$46,3,FALSE),"") | EA10: Die Möglichkeit zur Substitution des Produktes ist zu prüfen. | EJ10: =IF(EM10="Kat. 1A","ja",IF(EM10="Kat. 1B","ja",IF(ER10="Kat. 1A","ja",IF(ER10="Kat. 1B","ja",IF(EW10="Kat. 1A","ja",IF(EW10="Kat. 1B","ja","nein")))))) -> nein | EO10: =VLOOKUP(EN10,Daten!$M$2:$N$18,2,FALSE) -> #N/A | EP10: - | EQ10: 0 | ER10: - | ES10: keine | ET10: =VLOOKUP(ES10,Daten!$M$2:$N$18,2,FALSE) -> entfällt | EU10: - | EV10: 0 | EW10: - | EX10: keine | EY10: =VLOOKUP(EX10,Daten!$M$2:$N$18,2,FALSE) -> entfällt | FB10: =IF(ISERROR(VLOOKUP(FA10,Entsorgung,2,FALSE)),"",VLOOKUP(FA10,Entsorgung,2,FALSE)) | FD10: =IF(ISERROR(VLOOKUP(FC10,Entsorgung,2,FALSE)),"",VLOOKUP(FC10,Entsorgung,2,FALSE)) | FF10: =IF(ISERROR(VLOOKUP(FE10,Entsorgung,2,FALSE)),"",VLOOKUP(FE10,Entsorgung,2,FALSE)) | FH10: Chemikalien-Schutzhandschuhe | FI10: EN 374 | FN10: Dichtschließende Schutzbrille mit Seitenschutz | FO10: EN 166 | FP10: (nicht definiert) | FS10: (nicht definiert) | FX10: =IF(ISERROR(VLOOKUP(FW10,Gefahrgut,2,FALSE)),"",VLOOKUP(FW10,Gefahrgut,2,FALSE)) | FY10: =IF(ISERROR(VLOOKUP(FW10,Gefahrgut,3,FALSE)),"",VLOOKUP(FW10,Gefahrgut,3,FALSE)) | FZ10: =IF(ISERROR(VLOOKUP(FW10,Gefahrgut,4,FALSE)),"",VLOOKUP(FW10,Gefahrgut,4,FALSE))
A11: 004 | B11: ALGOREX Spiritus | C11: MEYER-CHEMIE GmbH & Co KG | E11: =HYPERLINK(CONCATENATE("SDB\SDB_",A11,".pdf"),"2") -> 2 | G11: =IF(AJ11<>"",HYPERLINK(CONCATENATE("BAG\",AJ11,".pdf"),"2"),HYPERLINK(CONCATENATE("BAG\BAG_",A11,".pdf"),"2")) -> 2 | H11: =IF(ISERROR(FIND("GHS 01",$CA11)),"","●") | I11: =IF(ISERROR(FIND("GHS 02",$CA11)),"","●") | J11: =IF(ISERROR(FIND("GHS 03",$CA11)),"","●") | K11: =IF(ISERROR(FIND("GHS 04",$CA11)),"","●") | L11: =IF(ISERROR(FIND("GHS 05",$CA11)),"","●") | M11: =IF(ISERROR(FIND("GHS 06",$CA11)),"","●") | N11: =IF(ISERROR(FIND("GHS 07",$CA11)),"","●") | O11: =IF(ISERROR(FIND("GHS 08",$CA11)),"","●") | P11: =IF(ISERROR(FIND("GHS 09",$CA11)),"","●") | Q11: =IF(ISERROR(FIND("Achtung",$CA11)),"","A") | R11: =IF(ISERROR(FIND("Gefahr",$CA11)),"","G") | V11: =HYPERLINK(CONCATENATE("Bilder\",A11,".jpg"),"y") -> y | AG11: Abteilungsleiter | AN11: =HYPERLINK(CONCATENATE("TDB\TDB_",A11,".pdf"),"2") -> 2 | AQ11: Kunststoff-Flasche | AR11: 1 | AS11: Liter | AU11: =IF(AS11="","",(IF(AS11="ml",(AR11/1000)*AT11,IF(AS11="Liter",AR11*AT11,IF(AS11="g",(AR11/1000)*AT11,IF(AS11="kg",AR11*AT11)))))) -> 0 | AV11: =IF(AS11="","",(IF(AS11="ml","Liter",IF(AS11="Liter","Liter",IF(AS11="g","kg",IF(AS11="kg","kg")))))) -> Liter | AY11: =IFERROR(VLOOKUP($AX11,Zusammenlagerung!$A$3:$AA$28,2,FALSE),"") | AZ11: =IFERROR(VLOOKUP($AX11,Zusammenlagerung!$A$3:$AA$28,3,FALSE),"") | BA11: =IFERROR(VLOOKUP($AX11,Zusammenlagerung!$A$3:$AA$28,4,FALSE),"") | BB11: =IFERROR(VLOOKUP($AX11,Zusammenlagerung!$A$3:$AA$28,5,FALSE),"") | BC11: =IFERROR(VLOOKUP($AX11,Zusammenlagerung!$A$3:$AA$28,6,FALSE),"") | BD11: =IFERROR(VLOOKUP($AX11,Zusammenlagerung!$A$3:$AA$28,7,FALSE),"") | BE11: =IFERROR(VLOOKUP($AX11,Zusammenlagerung!$A$3:$AA$28,8,FALSE),"") | BF11: =IFERROR(VLOOKUP($AX11,Zusammenlagerung!$A$3:$AA$28,9,FALSE),"") | BG11: =IFERROR(VLOOKUP($AX11,Zusammenlagerung!$A$3:$AA$28,10,FALSE),"") | BH11: =IFERROR(VLOOKUP($AX11,Zusammenlagerung!$A$3:$AA$28,11,FALSE),"") | BI11: =IFERROR(VLOOKUP($AX11,Zusammenlagerung!$A$3:$AA$28,12,FALSE),"") | BJ11: =IFERROR(VLOOKUP($AX11,Zusammenlagerung!$A$3:$AA$28,13,FALSE),"") | BK11: =IFERROR(VLOOKUP($AX11,Zusammenlagerung!$A$3:$AA$28,14,FALSE),"") | BL11: =IFERROR(VLOOKUP($AX11,Zusammenlagerung!$A$3:$AA$28,15,FALSE),"") | BM11: =IFERROR(VLOOKUP($AX11,Zusammenlagerung!$A$3:$AA$28,16,FALSE),"") | BN11: =IFERROR(VLOOKUP($AX11,Zusammenlagerung!$A$3:$AA$28,17,FALSE),"") | BO11: =IFERROR(VLOOKUP($AX11,Zusammenlagerung!$A$3:$AA$28,18,FALSE),"") | BP11: =IFERROR(VLOOKUP($AX11,Zusammenlagerung!$A$3:$AA$28,19,FALSE),"") | BQ11: =IFERROR(VLOOKUP($AX11,Zusammenlagerung!$A$3:$AA$28,20,FALSE),"") | BR11: =IFERROR(VLOOKUP($AX11,Zusammenlagerung!$A$3:$AA$28,21,FALSE),"") | BT11: =IFERROR(VLOOKUP($AX11,Zusammenlagerung!$A$3:$AA$28,23,FALSE),"") | BU11: =IFERROR(VLOOKUP($AX11,Zusammenlagerung!$A$3:$AA$28,24,FALSE),"") | BV11: =IFERROR(VLOOKUP($AX11,Zusammenlagerung!$A$3:$AA$28,25,FALSE),"") | BW11: =IFERROR(VLOOKUP($AX11,Zusammenlagerung!$A$3:$AA$28,26,FALSE),"") | BX11: =IFERROR(VLOOKUP($AX11,Zusammenlagerung!$A$3:$AA$28,27,FALSE),"") | BY11: =IF(CB11<>"",(IF(COUNTIFS(CB11,"*H220*")>0,"Liter",(IF(COUNTIFS(CB11,"*H221*")>0,"Liter",IF(COUNTIFS(CB11,"*H270*")>0,"Liter",IF(COUNTIFS(CB11,"*H280*")>0,"Liter",IF(COUNTIFS(CB11,"*H281*")>0,"Liter","kg"))))))),"") | CO11: 20 | CX11: {=INDEX(Einatmen!$A$21:$A$26,MATCH(CV11&CW11,Einatmen!$C$21:$C$26&Einatmen!$B$21:$B$26,0))} -> #N/A | CZ11: {=INDEX(Einatmen!$A$38:$A$49,MATCH(CV11&CY11,Einatmen!$C$38:$C$49&Einatmen!$B$38:$B$49,0))} -> #N/A | DA11: {=INDEX(Einatmen!$D$52:$D$159,MATCH(CU11&CX11&CZ11&CV11,Einatmen!$A$52:$A$159&Einatmen!$B$52:$B$159&Einatmen!$C$52:$C$159&Einatmen!$E$52:$E$159,0))} -> #N/A | DC11: =IF(ISNA(DA11),"",(IF(DB11="","",(HYPERLINK(CONCATENATE("Schutzleitfäden\",DB11,".pdf"),"1"))))) | DD11: =IFERROR(VLOOKUP(DB11,Schutzleitfäden!$A$3:$C$46,3,FALSE),"") | DH11: =IF(DG11=Haut!$A$12,Haut!$B$12,(IF(DG11=Haut!$A$13,Haut!$B$13,""))) | DJ11: =IF(DI11=Haut!$A$18,Haut!$C$18,(IF(DI11=Haut!$A$19,Haut!$C$19,""))) | DK11: {=INDEX(Haut!$D$22:$D$45,MATCH(DF11&DH11&DJ11,Haut!$A$22:$A$45&Haut!$B$22:$B$45&Haut!$C$22:$C$45,0))} -> #N/A | DL11: =IF(ISNA(DK11),"",(IF(DK11=Haut!$D$49,Haut!$E$49,(IF(DK11=Haut!$D$50,Haut!$E$50,(IF(DK11=Haut!$D$51,Haut!$E$51,(IF(DK11=Haut!$D$52,Haut!$E$52,(IF(DK11=Haut!$D$53,Haut!$E$53,""))))))))))) | DM11: =IF(ISNA(DK11),"",(HYPERLINK(CONCATENATE("Schutzleitfäden\",DL11,".pdf"),"1"))) | DN11: =IFERROR(VLOOKUP(DL11,Schutzleitfäden!$A$3:$C$46,3,FALSE),"") | DQ11: =CV11 -> 0 | DR11: =CW11 -> 0 | DS11: {=INDEX(Brand_EX!$A$15:$A$20,MATCH(DQ11&DR11,Brand_EX!$C$15:$C$20&Brand_EX!$B$15:$B$20,0))} -> #N/A | DT11: =CY11 -> 0 | DU11: {=INDEX(Brand_EX!$A$31:$A$41,MATCH(DQ11&DT11,Brand_EX!$C$31:$C$41&Brand_EX!$B$31:$B$41,0))} -> #N/A | DV11: {=INDEX(Brand_EX!$D$44:$D$133,MATCH(DP11&DS11&DU11&DQ11,Brand_EX!$A$44:$A$133&Brand_EX!$B$44:$B$133&Brand_EX!$C$44:$C$133&Brand_EX!$E$44:$E$133,0))} -> #N/A | DX11: =IF(ISNA(DV11),"",(IF(DW11="","",(HYPERLINK(CONCATENATE("Schutzleitfäden\",DW11,".pdf"),"1"))))) | DY11: =IFERROR(VLOOKUP(DW11,Schutzleitfäden!$A$3:$C$46,3,FALSE),"") | EA11: Die Möglichkeit zur Substitution des Produktes ist zu prüfen. | EJ11: =IF(EM11="Kat. 1A","ja",IF(EM11="Kat. 1B","ja",IF(ER11="Kat. 1A","ja",IF(ER11="Kat. 1B","ja",IF(EW11="Kat. 1A","ja",IF(EW11="Kat. 1B","ja","nein")))))) -> nein | EO11: =VLOOKUP(EN11,Daten!$M$2:$N$18,2,FALSE) -> #N/A | EP11: - | EQ11: 0 | ER11: - | ES11: keine | ET11: =VLOOKUP(ES11,Daten!$M$2:$N$18,2,FALSE) -> entfällt | EU11: - | EV11: 0 | EW11: - | EX11: keine | EY11: =VLOOKUP(EX11,Daten!$M$2:$N$18,2,FALSE) -> entfällt | FB11: =IF(ISERROR(VLOOKUP(FA11,Entsorgung,2,FALSE)),"",VLOOKUP(FA11,Entsorgung,2,FALSE)) | FD11: =IF(ISERROR(VLOOKUP(FC11,Entsorgung,2,FALSE)),"",VLOOKUP(FC11,Entsorgung,2,FALSE)) | FF11: =IF(ISERROR(VLOOKUP(FE11,Entsorgung,2,FALSE)),"",VLOOKUP(FE11,Entsorgung,2,FALSE)) | FH11: Chemikalien-Schutzhandschuhe | FI11: EN 374 | FN11: Dichtschließende Schutzbrille mit Seitenschutz | FO11: EN 166 | FP11: (nicht definiert) | FS11: (nicht definiert) | FX11: =IF(ISERROR(VLOOKUP(FW11,Gefahrgut,2,FALSE)),"",VLOOKUP(FW11,Gefahrgut,2,FALSE)) | FY11: =IF(ISERROR(VLOOKUP(FW11,Gefahrgut,3,FALSE)),"",VLOOKUP(FW11,Gefahrgut,3,FALSE)) | FZ11: =IF(ISERROR(VLOOKUP(FW11,Gefahrgut,4,FALSE)),"",VLOOKUP(FW11,Gefahrgut,4,FALSE))
A12: 005 | B12: A.C.S. 3 | C12: Bremer & Leguil GmbH | E12: =HYPERLINK(CONCATENATE("SDB\SDB_",A12,".pdf"),"2") -> 2 | G12: =IF(AJ12<>"",HYPERLINK(CONCATENATE("BAG\",AJ12,".pdf"),"2"),HYPERLINK(CONCATENATE("BAG\BAG_",A12,".pdf"),"2")) -> 2 | H12: =IF(ISERROR(FIND("GHS 01",$CA12)),"","●") | I12: =IF(ISERROR(FIND("GHS 02",$CA12)),"","●") | J12: =IF(ISERROR(FIND("GHS 03",$CA12)),"","●") | K12: =IF(ISERROR(FIND("GHS 04",$CA12)),"","●") | L12: =IF(ISERROR(FIND("GHS 05",$CA12)),"","●") | M12: =IF(ISERROR(FIND("GHS 06",$CA12)),"","●") | N12: =IF(ISERROR(FIND("GHS 07",$CA12)),"","●") | O12: =IF(ISERROR(FIND("GHS 08",$CA12)),"","●") | P12: =IF(ISERROR(FIND("GHS 09",$CA12)),"","●") | Q12: =IF(ISERROR(FIND("Achtung",$CA12)),"","A") | R12: =IF(ISERROR(FIND("Gefahr",$CA12)),"","G") | V12: =HYPERLINK(CONCATENATE("Bilder\",A12,".jpg"),"y") -> y | AG12: Abteilungsleiter | AN12: =HYPERLINK(CONCATENATE("TDB\TDB_",A12,".pdf"),"2") -> 2 | AQ12: Dose | AR12: 750 | AS12: ml | AU12: =IF(AS12="","",(IF(AS12="ml",(AR12/1000)*AT12,IF(AS12="Liter",AR12*AT12,IF(AS12="g",(AR12/1000)*AT12,IF(AS12="kg",AR12*AT12)))))) -> 0 | AV12: =IF(AS12="","",(IF(AS12="ml","Liter",IF(AS12="Liter","Liter",IF(AS12="g","kg",IF(AS12="kg","kg")))))) -> Liter | AY12: =IFERROR(VLOOKUP($AX12,Zusammenlagerung!$A$3:$AA$28,2,FALSE),"") | AZ12: =IFERROR(VLOOKUP($AX12,Zusammenlagerung!$A$3:$AA$28,3,FALSE),"") | BA12: =IFERROR(VLOOKUP($AX12,Zusammenlagerung!$A$3:$AA$28,4,FALSE),"") | BB12: =IFERROR(VLOOKUP($AX12,Zusammenlagerung!$A$3:$AA$28,5,FALSE),"") | BC12: =IFERROR(VLOOKUP($AX12,Zusammenlagerung!$A$3:$AA$28,6,FALSE),"") | BD12: =IFERROR(VLOOKUP($AX12,Zusammenlagerung!$A$3:$AA$28,7,FALSE),"") | BE12: =IFERROR(VLOOKUP($AX12,Zusammenlagerung!$A$3:$AA$28,8,FALSE),"") | BF12: =IFERROR(VLOOKUP($AX12,Zusammenlagerung!$A$3:$AA$28,9,FALSE),"") | BG12: =IFERROR(VLOOKUP($AX12,Zusammenlagerung!$A$3:$AA$28,10,FALSE),"") | BH12: =IFERROR(VLOOKUP($AX12,Zusammenlagerung!$A$3:$AA$28,11,FALSE),"") | BI12: =IFERROR(VLOOKUP($AX12,Zusammenlagerung!$A$3:$AA$28,12,FALSE),"") | BJ12: =IFERROR(VLOOKUP($AX12,Zusammenlagerung!$A$3:$AA$28,13,FALSE),"") | BK12: =IFERROR(VLOOKUP($AX12,Zusammenlagerung!$A$3:$AA$28,14,FALSE),"") | BL12: =IFERROR(VLOOKUP($AX12,Zusammenlagerung!$A$3:$AA$28,15,FALSE),"") | BM12: =IFERROR(VLOOKUP($AX12,Zusammenlagerung!$A$3:$AA$28,16,FALSE),"") | BN12: =IFERROR(VLOOKUP($AX12,Zusammenlagerung!$A$3:$AA$28,17,FALSE),"") | BO12: =IFERROR(VLOOKUP($AX12,Zusammenlagerung!$A$3:$AA$28,18,FALSE),"") | BP12: =IFERROR(VLOOKUP($AX12,Zusammenlagerung!$A$3:$AA$28,19,FALSE),"") | BQ12: =IFERROR(VLOOKUP($AX12,Zusammenlagerung!$A$3:$AA$28,20,FALSE),"") | BR12: =IFERROR(VLOOKUP($AX12,Zusammenlagerung!$A$3:$AA$28,21,FALSE),"") | BT12: =IFERROR(VLOOKUP($AX12,Zusammenlagerung!$A$3:$AA$28,23,FALSE),"") | BU12: =IFERROR(VLOOKUP($AX12,Zusammenlagerung!$A$3:$AA$28,24,FALSE),"") | BV12: =IFERROR(VLOOKUP($AX12,Zusammenlagerung!$A$3:$AA$28,25,FALSE),"") | BW12: =IFERROR(VLOOKUP($AX12,Zusammenlagerung!$A$3:$AA$28,26,FALSE),"") | BX12: =IFERROR(VLOOKUP($AX12,Zusammenlagerung!$A$3:$AA$28,27,FALSE),"") | BY12: =IF(CB12<>"",(IF(COUNTIFS(CB12,"*H220*")>0,"Liter",(IF(COUNTIFS(CB12,"*H221*")>0,"Liter",IF(COUNTIFS(CB12,"*H270*")>0,"Liter",IF(COUNTIFS(CB12,"*H280*")>0,"Liter",IF(COUNTIFS(CB12,"*H281*")>0,"Liter","kg"))))))),"") | CO12: 20 | CX12: {=INDEX(Einatmen!$A$21:$A$26,MATCH(CV12&CW12,Einatmen!$C$21:$C$26&Einatmen!$B$21:$B$26,0))} -> #N/A | CZ12: {=INDEX(Einatmen!$A$38:$A$49,MATCH(CV12&CY12,Einatmen!$C$38:$C$49&Einatmen!$B$38:$B$49,0))} -> #N/A | DA12: {=INDEX(Einatmen!$D$52:$D$159,MATCH(CU12&CX12&CZ12&CV12,Einatmen!$A$52:$A$159&Einatmen!$B$52:$B$159&Einatmen!$C$52:$C$159&Einatmen!$E$52:$E$159,0))} -> #N/A | DC12: =IF(ISNA(DA12),"",(IF(DB12="","",(HYPERLINK(CONCATENATE("Schutzleitfäden\",DB12,".pdf"),"1"))))) | DD12: =IFERROR(VLOOKUP(DB12,Schutzleitfäden!$A$3:$C$46,3,FALSE),"") | DH12: =IF(DG12=Haut!$A$12,Haut!$B$12,(IF(DG12=Haut!$A$13,Haut!$B$13,""))) | DJ12: =IF(DI12=Haut!$A$18,Haut!$C$18,(IF(DI12=Haut!$A$19,Haut!$C$19,""))) | DK12: {=INDEX(Haut!$D$22:$D$45,MATCH(DF12&DH12&DJ12,Haut!$A$22:$A$45&Haut!$B$22:$B$45&Haut!$C$22:$C$45,0))} -> #N/A | DL12: =IF(ISNA(DK12),"",(IF(DK12=Haut!$D$49,Haut!$E$49,(IF(DK12=Haut!$D$50,Haut!$E$50,(IF(DK12=Haut!$D$51,Haut!$E$51,(IF(DK12=Haut!$D$52,Haut!$E$52,(IF(DK12=Haut!$D$53,Haut!$E$53,""))))))))))) | DM12: =IF(ISNA(DK12),"",(HYPERLINK(CONCATENATE("Schutzleitfäden\",DL12,".pdf"),"1"))) | DN12: =IFERROR(VLOOKUP(DL12,Schutzleitfäden!$A$3:$C$46,3,FALSE),"") | DQ12: =CV12 -> 0 | DR12: =CW12 -> 0 | DS12: {=INDEX(Brand_EX!$A$15:$A$20,MATCH(DQ12&DR12,Brand_EX!$C$15:$C$20&Brand_EX!$B$15:$B$20,0))} -> #N/A | DT12: =CY12 -> 0 | DU12: {=INDEX(Brand_EX!$A$31:$A$41,MATCH(DQ12&DT12,Brand_EX!$C$31:$C$41&Brand_EX!$B$31:$B$41,0))} -> #N/A | DV12: {=INDEX(Brand_EX!$D$44:$D$133,MATCH(DP12&DS12&DU12&DQ12,Brand_EX!$A$44:$A$133&Brand_EX!$B$44:$B$133&Brand_EX!$C$44:$C$133&Brand_EX!$E$44:$E$133,0))} -> #N/A | DX12: =IF(ISNA(DV12),"",(IF(DW12="","",(HYPERLINK(CONCATENATE("Schutzleitfäden\",DW12,".pdf"),"1"))))) | DY12: =IFERROR(VLOOKUP(DW12,Schutzleitfäden!$A$3:$C$46,3,FALSE),"") | EA12: Die Möglichkeit zur Substitution des Produktes ist zu prüfen. | EJ12: =IF(EM12="Kat. 1A","ja",IF(EM12="Kat. 1B","ja",IF(ER12="Kat. 1A","ja",IF(ER12="Kat. 1B","ja",IF(EW12="Kat. 1A","ja",IF(EW12="Kat. 1B","ja","nein")))))) -> nein | EO12: =VLOOKUP(EN12,Daten!$M$2:$N$18,2,FALSE) -> #N/A | EP12: - | EQ12: 0 | ER12: - | ES12: keine | ET12: =VLOOKUP(ES12,Daten!$M$2:$N$18,2,FALSE) -> entfällt | EU12: - | EV12: 0 | EW12: - | EX12: keine | EY12: =VLOOKUP(EX12,Daten!$M$2:$N$18,2,FALSE) -> entfällt | FB12: =IF(ISERROR(VLOOKUP(FA12,Entsorgung,2,FALSE)),"",VLOOKUP(FA12,Entsorgung,2,FALSE)) | FD12: =IF(ISERROR(VLOOKUP(FC12,Entsorgung,2,FALSE)),"",VLOOKUP(FC12,Entsorgung,2,FALSE)) | FF12: =IF(ISERROR(VLOOKUP(FE12,Entsorgung,2,FALSE)),"",VLOOKUP(FE12,Entsorgung,2,FALSE)) | FH12: Chemikalien-Schutzhandschuhe | FI12: EN 374 | FN12: Dichtschließende Schutzbrille mit Seitenschutz | FO12: EN 166 | FP12: (nicht definiert) | FS12: (nicht definiert) | FX12: =IF(ISERROR(VLOOKUP(FW12,Gefahrgut,2,FALSE)),"",VLOOKUP(FW12,Gefahrgut,2,FALSE)) | FY12: =IF(ISERROR(VLOOKUP(FW12,Gefahrgut,3,FALSE)),"",VLOOKUP(FW12,Gefahrgut,3,FALSE)) | FZ12: =IF(ISERROR(VLOOKUP(FW12,Gefahrgut,4,FALSE)),"",VLOOKUP(FW12,Gefahrgut,4,FALSE))
A13: 006 | B13: Metaflux 75-17 Citrus-Reiniger (Spray) | C13: TECHNO-SERVICE GmbH | E13: =HYPERLINK(CONCATENATE("SDB\SDB_",A13,".pdf"),"2") -> 2 | G13: =IF(AJ13<>"",HYPERLINK(CONCATENATE("BAG\",AJ13,".pdf"),"2"),HYPERLINK(CONCATENATE("BAG\BAG_",A13,".pdf"),"2")) -> 2 | H13: =IF(ISERROR(FIND("GHS 01",$CA13)),"","●") | I13: =IF(ISERROR(FIND("GHS 02",$CA13)),"","●") | J13: =IF(ISERROR(FIND("GHS 03",$CA13)),"","●") | K13: =IF(ISERROR(FIND("GHS 04",$CA13)),"","●") | L13: =IF(ISERROR(FIND("GHS 05",$CA13)),"","●") | M13: =IF(ISERROR(FIND("GHS 06",$CA13)),"","●") | N13: =IF(ISERROR(FIND("GHS 07",$CA13)),"","●") | O13: =IF(ISERROR(FIND("GHS 08",$CA13)),"","●") | P13: =IF(ISERROR(FIND("GHS 09",$CA13)),"","●") | Q13: =IF(ISERROR(FIND("Achtung",$CA13)),"","A") | R13: =IF(ISERROR(FIND("Gefahr",$CA13)),"","G") | V13: =HYPERLINK(CONCATENATE("Bilder\",A13,".jpg"),"y") -> y | AG13: Abteilungsleiter | AN13: =HYPERLINK(CONCATENATE("TDB\TDB_",A13,".pdf"),"2") -> 2 | AQ13: Dose | AR13: 400 | AS13: ml | AU13: =IF(AS13="","",(IF(AS13="ml",(AR13/1000)*AT13,IF(AS13="Liter",AR13*AT13,IF(AS13="g",(AR13/1000)*AT13,IF(AS13="kg",AR13*AT13)))))) -> 0 | AV13: =IF(AS13="","",(IF(AS13="ml","Liter",IF(AS13="Liter","Liter",IF(AS13="g","kg",IF(AS13="kg","kg")))))) -> Liter | AY13: =IFERROR(VLOOKUP($AX13,Zusammenlagerung!$A$3:$AA$28,2,FALSE),"") | AZ13: =IFERROR(VLOOKUP($AX13,Zusammenlagerung!$A$3:$AA$28,3,FALSE),"") | BA13: =IFERROR(VLOOKUP($AX13,Zusammenlagerung!$A$3:$AA$28,4,FALSE),"") | BB13: =IFERROR(VLOOKUP($AX13,Zusammenlagerung!$A$3:$AA$28,5,FALSE),"") | BC13: =IFERROR(VLOOKUP($AX13,Zusammenlagerung!$A$3:$AA$28,6,FALSE),"") | BD13: =IFERROR(VLOOKUP($AX13,Zusammenlagerung!$A$3:$AA$28,7,FALSE),"") | BE13: =IFERROR(VLOOKUP($AX13,Zusammenlagerung!$A$3:$AA$28,8,FALSE),"") | BF13: =IFERROR(VLOOKUP($AX13,Zusammenlagerung!$A$3:$AA$28,9,FALSE),"") | BG13: =IFERROR(VLOOKUP($AX13,Zusammenlagerung!$A$3:$AA$28,10,FALSE),"") | BH13: =IFERROR(VLOOKUP($AX13,Zusammenlagerung!$A$3:$AA$28,11,FALSE),"") | BI13: =IFERROR(VLOOKUP($AX13,Zusammenlagerung!$A$3:$AA$28,12,FALSE),"") | BJ13: =IFERROR(VLOOKUP($AX13,Zusammenlagerung!$A$3:$AA$28,13,FALSE),"") | BK13: =IFERROR(VLOOKUP($AX13,Zusammenlagerung!$A$3:$AA$28,14,FALSE),"") | BL13: =IFERROR(VLOOKUP($AX13,Zusammenlagerung!$A$3:$AA$28,15,FALSE),"") | BM13: =IFERROR(VLOOKUP($AX13,Zusammenlagerung!$A$3:$AA$28,16,FALSE),"") | BN13: =IFERROR(VLOOKUP($AX13,Zusammenlagerung!$A$3:$AA$28,17,FALSE),"") | BO13: =IFERROR(VLOOKUP($AX13,Zusammenlagerung!$A$3:$AA$28,18,FALSE),"") | BP13: =IFERROR(VLOOKUP($AX13,Zusammenlagerung!$A$3:$AA$28,19,FALSE),"") | BQ13: =IFERROR(VLOOKUP($AX13,Zusammenlagerung!$A$3:$AA$28,20,FALSE),"") | BR13: =IFERROR(VLOOKUP($AX13,Zusammenlagerung!$A$3:$AA$28,21,FALSE),"") | BT13: =IFERROR(VLOOKUP($AX13,Zusammenlagerung!$A$3:$AA$28,23,FALSE),"") | BU13: =IFERROR(VLOOKUP($AX13,Zusammenlagerung!$A$3:$AA$28,24,FALSE),"") | BV13: =IFERROR(VLOOKUP($AX13,Zusammenlagerung!$A$3:$AA$28,25,FALSE),"") | BW13: =IFERROR(VLOOKUP($AX13,Zusammenlagerung!$A$3:$AA$28,26,FALSE),"") | BX13: =IFERROR(VLOOKUP($AX13,Zusammenlagerung!$A$3:$AA$28,27,FALSE),"") | BY13: =IF(CB13<>"",(IF(COUNTIFS(CB13,"*H220*")>0,"Liter",(IF(COUNTIFS(CB13,"*H221*")>0,"Liter",IF(COUNTIFS(CB13,"*H270*")>0,"Liter",IF(COUNTIFS(CB13,"*H280*")>0,"Liter",IF(COUNTIFS(CB13,"*H281*")>0,"Liter","kg"))))))),"") | CO13: 20 | CX13: {=INDEX(Einatmen!$A$21:$A$26,MATCH(CV13&CW13,Einatmen!$C$21:$C$26&Einatmen!$B$21:$B$26,0))} -> #N/A | CZ13: {=INDEX(Einatmen!$A$38:$A$49,MATCH(CV13&CY13,Einatmen!$C$38:$C$49&Einatmen!$B$38:$B$49,0))} -> #N/A | DA13: {=INDEX(Einatmen!$D$52:$D$159,MATCH(CU13&CX13&CZ13&CV13,Einatmen!$A$52:$A$159&Einatmen!$B$52:$B$159&Einatmen!$C$52:$C$159&Einatmen!$E$52:$E$159,0))} -> #N/A | DC13: =IF(ISNA(DA13),"",(IF(DB13="","",(HYPERLINK(CONCATENATE("Schutzleitfäden\",DB13,".pdf"),"1"))))) | DD13: =IFERROR(VLOOKUP(DB13,Schutzleitfäden!$A$3:$C$46,3,FALSE),"") | DH13: =IF(DG13=Haut!$A$12,Haut!$B$12,(IF(DG13=Haut!$A$13,Haut!$B$13,""))) | DJ13: =IF(DI13=Haut!$A$18,Haut!$C$18,(IF(DI13=Haut!$A$19,Haut!$C$19,""))) | DK13: {=INDEX(Haut!$D$22:$D$45,MATCH(DF13&DH13&DJ13,Haut!$A$22:$A$45&Haut!$B$22:$B$45&Haut!$C$22:$C$45,0))} -> #N/A | DL13: =IF(ISNA(DK13),"",(IF(DK13=Haut!$D$49,Haut!$E$49,(IF(DK13=Haut!$D$50,Haut!$E$50,(IF(DK13=Haut!$D$51,Haut!$E$51,(IF(DK13=Haut!$D$52,Haut!$E$52,(IF(DK13=Haut!$D$53,Haut!$E$53,""))))))))))) | DM13: =IF(ISNA(DK13),"",(HYPERLINK(CONCATENATE("Schutzleitfäden\",DL13,".pdf"),"1"))) | DN13: =IFERROR(VLOOKUP(DL13,Schutzleitfäden!$A$3:$C$46,3,FALSE),"") | DQ13: =CV13 -> 0 | DR13: =CW13 -> 0 | DS13: {=INDEX(Brand_EX!$A$15:$A$20,MATCH(DQ13&DR13,Brand_EX!$C$15:$C$20&Brand_EX!$B$15:$B$20,0))} -> #N/A | DT13: =CY13 -> 0 | DU13: {=INDEX(Brand_EX!$A$31:$A$41,MATCH(DQ13&DT13,Brand_EX!$C$31:$C$41&Brand_EX!$B$31:$B$41,0))} -> #N/A | DV13: {=INDEX(Brand_EX!$D$44:$D$133,MATCH(DP13&DS13&DU13&DQ13,Brand_EX!$A$44:$A$133&Brand_EX!$B$44:$B$133&Brand_EX!$C$44:$C$133&Brand_EX!$E$44:$E$133,0))} -> #N/A | DX13: =IF(ISNA(DV13),"",(IF(DW13="","",(HYPERLINK(CONCATENATE("Schutzleitfäden\",DW13,".pdf"),"1"))))) | DY13: =IFERROR(VLOOKUP(DW13,Schutzleitfäden!$A$3:$C$46,3,FALSE),"") | EA13: Die Möglichkeit zur Substitution des Produktes ist zu prüfen. | EJ13: =IF(EM13="Kat. 1A","ja",IF(EM13="Kat. 1B","ja",IF(ER13="Kat. 1A","ja",IF(ER13="Kat. 1B","ja",IF(EW13="Kat. 1A","ja",IF(EW13="Kat. 1B","ja","nein")))))) -> nein | EO13: =VLOOKUP(EN13,Daten!$M$2:$N$18,2,FALSE) -> #N/A | EP13: - | EQ13: 0 | ER13: - | ES13: keine | ET13: =VLOOKUP(ES13,Daten!$M$2:$N$18,2,FALSE) -> entfällt | EU13: - | EV13: 0 | EW13: - | EX13: keine | EY13: =VLOOKUP(EX13,Daten!$M$2:$N$18,2,FALSE) -> entfällt | FB13: =IF(ISERROR(VLOOKUP(FA13,Entsorgung,2,FALSE)),"",VLOOKUP(FA13,Entsorgung,2,FALSE)) | FD13: =IF(ISERROR(VLOOKUP(FC13,Entsorgung,2,FALSE)),"",VLOOKUP(FC13,Entsorgung,2,FALSE)) | FF13: =IF(ISERROR(VLOOKUP(FE13,Entsorgung,2,FALSE)),"",VLOOKUP(FE13,Entsorgung,2,FALSE)) | FH13: Chemikalien-Schutzhandschuhe | FI13: EN 374 | FN13: Dichtschließende Schutzbrille mit Seitenschutz | FO13: EN 166 | FP13: (nicht definiert) | FS13: (nicht definiert) | FX13: =IF(ISERROR(VLOOKUP(FW13,Gefahrgut,2,FALSE)),"",VLOOKUP(FW13,Gefahrgut,2,FALSE)) | FY13: =IF(ISERROR(VLOOKUP(FW13,Gefahrgut,3,FALSE)),"",VLOOKUP(FW13,Gefahrgut,3,FALSE)) | FZ13: =IF(ISERROR(VLOOKUP(FW13,Gefahrgut,4,FALSE)),"",VLOOKUP(FW13,Gefahrgut,4,FALSE))
A14: 007 | B14: Cramolin Plastik | C14: ITW Chemische Produkte GmbH & Co. KG | E14: =HYPERLINK(CONCATENATE("SDB\SDB_",A14,".pdf"),"2") -> 2 | G14: =IF(AJ14<>"",HYPERLINK(CONCATENATE("BAG\",AJ14,".pdf"),"2"),HYPERLINK(CONCATENATE("BAG\BAG_",A14,".pdf"),"2")) -> 2 | H14: =IF(ISERROR(FIND("GHS 01",$CA14)),"","●") | I14: =IF(ISERROR(FIND("GHS 02",$CA14)),"","●") | J14: =IF(ISERROR(FIND("GHS 03",$CA14)),"","●") | K14: =IF(ISERROR(FIND("GHS 04",$CA14)),"","●") | L14: =IF(ISERROR(FIND("GHS 05",$CA14)),"","●") | M14: =IF(ISERROR(FIND("GHS 06",$CA14)),"","●") | N14: =IF(ISERROR(FIND("GHS 07",$CA14)),"","●") | O14: =IF(ISERROR(FIND("GHS 08",$CA14)),"","●") | P14: =IF(ISERROR(FIND("GHS 09",$CA14)),"","●") | Q14: =IF(ISERROR(FIND("Achtung",$CA14)),"","A") | R14: =IF(ISERROR(FIND("Gefahr",$CA14)),"","G") | V14: =HYPERLINK(CONCATENATE("Bilder\",A14,".jpg"),"y") -> y | AG14: Abteilungsleiter | AN14: =HYPERLINK(CONCATENATE("TDB\TDB_",A14,".pdf"),"2") -> 2 | AQ14: Dose | AR14: 200 | AS14: ml | AU14: =IF(AS14="","",(IF(AS14="ml",(AR14/1000)*AT14,IF(AS14="Liter",AR14*AT14,IF(AS14="g",(AR14/1000)*AT14,IF(AS14="kg",AR14*AT14)))))) -> 0 | AV14: =IF(AS14="","",(IF(AS14="ml","Liter",IF(AS14="Liter","Liter",IF(AS14="g","kg",IF(AS14="kg","kg")))))) -> Liter | AY14: =IFERROR(VLOOKUP($AX14,Zusammenlagerung!$A$3:$AA$28,2,FALSE),"") | AZ14: =IFERROR(VLOOKUP($AX14,Zusammenlagerung!$A$3:$AA$28,3,FALSE),"") | BA14: =IFERROR(VLOOKUP($AX14,Zusammenlagerung!$A$3:$AA$28,4,FALSE),"") | BB14: =IFERROR(VLOOKUP($AX14,Zusammenlagerung!$A$3:$AA$28,5,FALSE),"") | BC14: =IFERROR(VLOOKUP($AX14,Zusammenlagerung!$A$3:$AA$28,6,FALSE),"") | BD14: =IFERROR(VLOOKUP($AX14,Zusammenlagerung!$A$3:$AA$28,7,FALSE),"") | BE14: =IFERROR(VLOOKUP($AX14,Zusammenlagerung!$A$3:$AA$28,8,FALSE),"") | BF14: =IFERROR(VLOOKUP($AX14,Zusammenlagerung!$A$3:$AA$28,9,FALSE),"") | BG14: =IFERROR(VLOOKUP($AX14,Zusammenlagerung!$A$3:$AA$28,10,FALSE),"") | BH14: =IFERROR(VLOOKUP($AX14,Zusammenlagerung!$A$3:$AA$28,11,FALSE),"") | BI14: =IFERROR(VLOOKUP($AX14,Zusammenlagerung!$A$3:$AA$28,12,FALSE),"") | BJ14: =IFERROR(VLOOKUP($AX14,Zusammenlagerung!$A$3:$AA$28,13,FALSE),"") | BK14: =IFERROR(VLOOKUP($AX14,Zusammenlagerung!$A$3:$AA$28,14,FALSE),"") | BL14: =IFERROR(VLOOKUP($AX14,Zusammenlagerung!$A$3:$AA$28,15,FALSE),"") | BM14: =IFERROR(VLOOKUP($AX14,Zusammenlagerung!$A$3:$AA$28,16,FALSE),"") | BN14: =IFERROR(VLOOKUP($AX14,Zusammenlagerung!$A$3:$AA$28,17,FALSE),"") | BO14: =IFERROR(VLOOKUP($AX14,Zusammenlagerung!$A$3:$AA$28,18,FALSE),"") | BP14: =IFERROR(VLOOKUP($AX14,Zusammenlagerung!$A$3:$AA$28,19,FALSE),"") | BQ14: =IFERROR(VLOOKUP($AX14,Zusammenlagerung!$A$3:$AA$28,20,FALSE),"") | BR14: =IFERROR(VLOOKUP($AX14,Zusammenlagerung!$A$3:$AA$28,21,FALSE),"") | BT14: =IFERROR(VLOOKUP($AX14,Zusammenlagerung!$A$3:$AA$28,23,FALSE),"") | BU14: =IFERROR(VLOOKUP($AX14,Zusammenlagerung!$A$3:$AA$28,24,FALSE),"") | BV14: =IFERROR(VLOOKUP($AX14,Zusammenlagerung!$A$3:$AA$28,25,FALSE),"") | BW14: =IFERROR(VLOOKUP($AX14,Zusammenlagerung!$A$3:$AA$28,26,FALSE),"") | BX14: =IFERROR(VLOOKUP($AX14,Zusammenlagerung!$A$3:$AA$28,27,FALSE),"") | BY14: =IF(CB14<>"",(IF(COUNTIFS(CB14,"*H220*")>0,"Liter",(IF(COUNTIFS(CB14,"*H221*")>0,"Liter",IF(COUNTIFS(CB14,"*H270*")>0,"Liter",IF(COUNTIFS(CB14,"*H280*")>0,"Liter",IF(COUNTIFS(CB14,"*H281*")>0,"Liter","kg"))))))),"") | CO14: 20 | CX14: {=INDEX(Einatmen!$A$21:$A$26,MATCH(CV14&CW14,Einatmen!$C$21:$C$26&Einatmen!$B$21:$B$26,0))} -> #N/A | CZ14: {=INDEX(Einatmen!$A$38:$A$49,MATCH(CV14&CY14,Einatmen!$C$38:$C$49&Einatmen!$B$38:$B$49,0))} -> #N/A | DA14: {=INDEX(Einatmen!$D$52:$D$159,MATCH(CU14&CX14&CZ14&CV14,Einatmen!$A$52:$A$159&Einatmen!$B$52:$B$159&Einatmen!$C$52:$C$159&Einatmen!$E$52:$E$159,0))} -> #N/A | DC14: =IF(ISNA(DA14),"",(IF(DB14="","",(HYPERLINK(CONCATENATE("Schutzleitfäden\",DB14,".pdf"),"1"))))) | DD14: =IFERROR(VLOOKUP(DB14,Schutzleitfäden!$A$3:$C$46,3,FALSE),"") | DH14: =IF(DG14=Haut!$A$12,Haut!$B$12,(IF(DG14=Haut!$A$13,Haut!$B$13,""))) | DJ14: =IF(DI14=Haut!$A$18,Haut!$C$18,(IF(DI14=Haut!$A$19,Haut!$C$19,""))) | DK14: {=INDEX(Haut!$D$22:$D$45,MATCH(DF14&DH14&DJ14,Haut!$A$22:$A$45&Haut!$B$22:$B$45&Haut!$C$22:$C$45,0))} -> #N/A | DL14: =IF(ISNA(DK14),"",(IF(DK14=Haut!$D$49,Haut!$E$49,(IF(DK14=Haut!$D$50,Haut!$E$50,(IF(DK14=Haut!$D$51,Haut!$E$51,(IF(DK14=Haut!$D$52,Haut!$E$52,(IF(DK14=Haut!$D$53,Haut!$E$53,""))))))))))) | DM14: =IF(ISNA(DK14),"",(HYPERLINK(CONCATENATE("Schutzleitfäden\",DL14,".pdf"),"1"))) | DN14: =IFERROR(VLOOKUP(DL14,Schutzleitfäden!$A$3:$C$46,3,FALSE),"") | DQ14: =CV14 -> 0 | DR14: =CW14 -> 0 | DS14: {=INDEX(Brand_EX!$A$15:$A$20,MATCH(DQ14&DR14,Brand_EX!$C$15:$C$20&Brand_EX!$B$15:$B$20,0))} -> #N/A | DT14: =CY14 -> 0 | DU14: {=INDEX(Brand_EX!$A$31:$A$41,MATCH(DQ14&DT14,Brand_EX!$C$31:$C$41&Brand_EX!$B$31:$B$41,0))} -> #N/A | DV14: {=INDEX(Brand_EX!$D$44:$D$133,MATCH(DP14&DS14&DU14&DQ14,Brand_EX!$A$44:$A$133&Brand_EX!$B$44:$B$133&Brand_EX!$C$44:$C$133&Brand_EX!$E$44:$E$133,0))} -> #N/A | DX14: =IF(ISNA(DV14),"",(IF(DW14="","",(HYPERLINK(CONCATENATE("Schutzleitfäden\",DW14,".pdf"),"1"))))) | DY14: =IFERROR(VLOOKUP(DW14,Schutzleitfäden!$A$3:$C$46,3,FALSE),"") | EA14: Die Möglichkeit zur Substitution des Produktes ist zu prüfen. | EJ14: =IF(EM14="Kat. 1A","ja",IF(EM14="Kat. 1B","ja",IF(ER14="Kat. 1A","ja",IF(ER14="Kat. 1B","ja",IF(EW14="Kat. 1A","ja",IF(EW14="Kat. 1B","ja","nein")))))) -> nein | EO14: =VLOOKUP(EN14,Daten!$M$2:$N$18,2,FALSE) -> #N/A | EP14: - | EQ14: 0 | ER14: - | ES14: keine | ET14: =VLOOKUP(ES14,Daten!$M$2:$N$18,2,FALSE) -> entfällt | EU14: - | EV14: 0 | EW14: - | EX14: keine | EY14: =VLOOKUP(EX14,Daten!$M$2:$N$18,2,FALSE) -> entfällt | FB14: =IF(ISERROR(VLOOKUP(FA14,Entsorgung,2,FALSE)),"",VLOOKUP(FA14,Entsorgung,2,FALSE)) | FD14: =IF(ISERROR(VLOOKUP(FC14,Entsorgung,2,FALSE)),"",VLOOKUP(FC14,Entsorgung,2,FALSE)) | FF14: =IF(ISERROR(VLOOKUP(FE14,Entsorgung,2,FALSE)),"",VLOOKUP(FE14,Entsorgung,2,FALSE)) | FH14: Chemikalien-Schutzhandschuhe | FI14: EN 374 | FN14: Dichtschließende Schutzbrille mit Seitenschutz | FO14: EN 166 | FP14: (nicht definiert) | FS14: (nicht definiert) | FX14: =IF(ISERROR(VLOOKUP(FW14,Gefahrgut,2,FALSE)),"",VLOOKUP(FW14,Gefahrgut,2,FALSE)) | FY14: =IF(ISERROR(VLOOKUP(FW14,Gefahrgut,3,FALSE)),"",VLOOKUP(FW14,Gefahrgut,3,FALSE)) | FZ14: =IF(ISERROR(VLOOKUP(FW14,Gefahrgut,4,FALSE)),"",VLOOKUP(FW14,Gefahrgut,4,FALSE))
A15: 008 | B15: D555-AE2 Z 263 | C15: hebrochemie GmbH | E15: =HYPERLINK(CONCATENATE("SDB\SDB_",A15,".pdf"),"2") -> 2 | G15: =IF(AJ15<>"",HYPERLINK(CONCATENATE("BAG\",AJ15,".pdf"),"2"),HYPERLINK(CONCATENATE("BAG\BAG_",A15,".pdf"),"2")) -> 2 | H15: =IF(ISERROR(FIND("GHS 01",$CA15)),"","●") | I15: =IF(ISERROR(FIND("GHS 02",$CA15)),"","●") | J15: =IF(ISERROR(FIND("GHS 03",$CA15)),"","●") | K15: =IF(ISERROR(FIND("GHS 04",$CA15)),"","●") | L15: =IF(ISERROR(FIND("GHS 05",$CA15)),"","●") | M15: =IF(ISERROR(FIND("GHS 06",$CA15)),"","●") | N15: =IF(ISERROR(FIND("GHS 07",$CA15)),"","●") | O15: =IF(ISERROR(FIND("GHS 08",$CA15)),"","●") | P15: =IF(ISERROR(FIND("GHS 09",$CA15)),"","●") | Q15: =IF(ISERROR(FIND("Achtung",$CA15)),"","A") | R15: =IF(ISERROR(FIND("Gefahr",$CA15)),"","G") | V15: =HYPERLINK(CONCATENATE("Bilder\",A15,".jpg"),"y") -> y | AG15: Abteilungsleiter | AN15: =HYPERLINK(CONCATENATE("TDB\TDB_",A15,".pdf"),"2") -> 2 | AQ15: Dose | AR15: 270 | AS15: ml | AU15: =IF(AS15="","",(IF(AS15="ml",(AR15/1000)*AT15,IF(AS15="Liter",AR15*AT15,IF(AS15="g",(AR15/1000)*AT15,IF(AS15="kg",AR15*AT15)))))) -> 0 | AV15: =IF(AS15="","",(IF(AS15="ml","Liter",IF(AS15="Liter","Liter",IF(AS15="g","kg",IF(AS15="kg","kg")))))) -> Liter | AY15: =IFERROR(VLOOKUP($AX15,Zusammenlagerung!$A$3:$AA$28,2,FALSE),"") | AZ15: =IFERROR(VLOOKUP($AX15,Zusammenlagerung!$A$3:$AA$28,3,FALSE),"") | BA15: =IFERROR(VLOOKUP($AX15,Zusammenlagerung!$A$3:$AA$28,4,FALSE),"") | BB15: =IFERROR(VLOOKUP($AX15,Zusammenlagerung!$A$3:$AA$28,5,FALSE),"") | BC15: =IFERROR(VLOOKUP($AX15,Zusammenlagerung!$A$3:$AA$28,6,FALSE),"") | BD15: =IFERROR(VLOOKUP($AX15,Zusammenlagerung!$A$3:$AA$28,7,FALSE),"") | BE15: =IFERROR(VLOOKUP($AX15,Zusammenlagerung!$A$3:$AA$28,8,FALSE),"") | BF15: =IFERROR(VLOOKUP($AX15,Zusammenlagerung!$A$3:$AA$28,9,FALSE),"") | BG15: =IFERROR(VLOOKUP($AX15,Zusammenlagerung!$A$3:$AA$28,10,FALSE),"") | BH15: =IFERROR(VLOOKUP($AX15,Zusammenlagerung!$A$3:$AA$28,11,FALSE),"") | BI15: =IFERROR(VLOOKUP($AX15,Zusammenlagerung!$A$3:$AA$28,12,FALSE),"") | BJ15: =IFERROR(VLOOKUP($AX15,Zusammenlagerung!$A$3:$AA$28,13,FALSE),"") | BK15: =IFERROR(VLOOKUP($AX15,Zusammenlagerung!$A$3:$AA$28,14,FALSE),"") | BL15: =IFERROR(VLOOKUP($AX15,Zusammenlagerung!$A$3:$AA$28,15,FALSE),"") | BM15: =IFERROR(VLOOKUP($AX15,Zusammenlagerung!$A$3:$AA$28,16,FALSE),"") | BN15: =IFERROR(VLOOKUP($AX15,Zusammenlagerung!$A$3:$AA$28,17,FALSE),"") | BO15: =IFERROR(VLOOKUP($AX15,Zusammenlagerung!$A$3:$AA$28,18,FALSE),"") | BP15: =IFERROR(VLOOKUP($AX15,Zusammenlagerung!$A$3:$AA$28,19,FALSE),"") | BQ15: =IFERROR(VLOOKUP($AX15,Zusammenlagerung!$A$3:$AA$28,20,FALSE),"") | BR15: =IFERROR(VLOOKUP($AX15,Zusammenlagerung!$A$3:$AA$28,21,FALSE),"") | BT15: =IFERROR(VLOOKUP($AX15,Zusammenlagerung!$A$3:$AA$28,23,FALSE),"") | BU15: =IFERROR(VLOOKUP($AX15,Zusammenlagerung!$A$3:$AA$28,24,FALSE),"") | BV15: =IFERROR(VLOOKUP($AX15,Zusammenlagerung!$A$3:$AA$28,25,FALSE),"") | BW15: =IFERROR(VLOOKUP($AX15,Zusammenlagerung!$A$3:$AA$28,26,FALSE),"") | BX15: =IFERROR(VLOOKUP($AX15,Zusammenlagerung!$A$3:$AA$28,27,FALSE),"") | BY15: =IF(CB15<>"",(IF(COUNTIFS(CB15,"*H220*")>0,"Liter",(IF(COUNTIFS(CB15,"*H221*")>0,"Liter",IF(COUNTIFS(CB15,"*H270*")>0,"Liter",IF(COUNTIFS(CB15,"*H280*")>0,"Liter",IF(COUNTIFS(CB15,"*H281*")>0,"Liter","kg"))))))),"") | CO15: 20 | CX15: {=INDEX(Einatmen!$A$21:$A$26,MATCH(CV15&CW15,Einatmen!$C$21:$C$26&Einatmen!$B$21:$B$26,0))} -> #N/A | CZ15: {=INDEX(Einatmen!$A$38:$A$49,MATCH(CV15&CY15,Einatmen!$C$38:$C$49&Einatmen!$B$38:$B$49,0))} -> #N/A | DA15: {=INDEX(Einatmen!$D$52:$D$159,MATCH(CU15&CX15&CZ15&CV15,Einatmen!$A$52:$A$159&Einatmen!$B$52:$B$159&Einatmen!$C$52:$C$159&Einatmen!$E$52:$E$159,0))} -> #N/A | DC15: =IF(ISNA(DA15),"",(IF(DB15="","",(HYPERLINK(CONCATENATE("Schutzleitfäden\",DB15,".pdf"),"1"))))) | DD15: =IFERROR(VLOOKUP(DB15,Schutzleitfäden!$A$3:$C$46,3,FALSE),"") | DH15: =IF(DG15=Haut!$A$12,Haut!$B$12,(IF(DG15=Haut!$A$13,Haut!$B$13,""))) | DJ15: =IF(DI15=Haut!$A$18,Haut!$C$18,(IF(DI15=Haut!$A$19,Haut!$C$19,""))) | DK15: {=INDEX(Haut!$D$22:$D$45,MATCH(DF15&DH15&DJ15,Haut!$A$22:$A$45&Haut!$B$22:$B$45&Haut!$C$22:$C$45,0))} -> #N/A | DL15: =IF(ISNA(DK15),"",(IF(DK15=Haut!$D$49,Haut!$E$49,(IF(DK15=Haut!$D$50,Haut!$E$50,(IF(DK15=Haut!$D$51,Haut!$E$51,(IF(DK15=Haut!$D$52,Haut!$E$52,(IF(DK15=Haut!$D$53,Haut!$E$53,""))))))))))) | DM15: =IF(ISNA(DK15),"",(HYPERLINK(CONCATENATE("Schutzleitfäden\",DL15,".pdf"),"1"))) | DN15: =IFERROR(VLOOKUP(DL15,Schutzleitfäden!$A$3:$C$46,3,FALSE),"") | DQ15: =CV15 -> 0 | DR15: =CW15 -> 0 | DS15: {=INDEX(Brand_EX!$A$15:$A$20,MATCH(DQ15&DR15,Brand_EX!$C$15:$C$20&Brand_EX!$B$15:$B$20,0))} -> #N/A | DT15: =CY15 -> 0 | DU15: {=INDEX(Brand_EX!$A$31:$A$41,MATCH(DQ15&DT15,Brand_EX!$C$31:$C$41&Brand_EX!$B$31:$B$41,0))} -> #N/A | DV15: {=INDEX(Brand_EX!$D$44:$D$133,MATCH(DP15&DS15&DU15&DQ15,Brand_EX!$A$44:$A$133&Brand_EX!$B$44:$B$133&Brand_EX!$C$44:$C$133&Brand_EX!$E$44:$E$133,0))} -> #N/A | DX15: =IF(ISNA(DV15),"",(IF(DW15="","",(HYPERLINK(CONCATENATE("Schutzleitfäden\",DW15,".pdf"),"1"))))) | DY15: =IFERROR(VLOOKUP(DW15,Schutzleitfäden!$A$3:$C$46,3,FALSE),"") | EA15: Die Möglichkeit zur Substitution des Produktes ist zu prüfen. | EJ15: =IF(EM15="Kat. 1A","ja",IF(EM15="Kat. 1B","ja",IF(ER15="Kat. 1A","ja",IF(ER15="Kat. 1B","ja",IF(EW15="Kat. 1A","ja",IF(EW15="Kat. 1B","ja","nein")))))) -> nein | EO15: =VLOOKUP(EN15,Daten!$M$2:$N$18,2,FALSE) -> #N/A | EP15: - | EQ15: 0 | ER15: - | ES15: keine | ET15: =VLOOKUP(ES15,Daten!$M$2:$N$18,2,FALSE) -> entfällt | EU15: - | EV15: 0 | EW15: - | EX15: keine | EY15: =VLOOKUP(EX15,Daten!$M$2:$N$18,2,FALSE) -> entfällt | FB15: =IF(ISERROR(VLOOKUP(FA15,Entsorgung,2,FALSE)),"",VLOOKUP(FA15,Entsorgung,2,FALSE)) | FD15: =IF(ISERROR(VLOOKUP(FC15,Entsorgung,2,FALSE)),"",VLOOKUP(FC15,Entsorgung,2,FALSE)) | FF15: =IF(ISERROR(VLOOKUP(FE15,Entsorgung,2,FALSE)),"",VLOOKUP(FE15,Entsorgung,2,FALSE)) | FH15: Chemikalien-Schutzhandschuhe | FI15: EN 374 | FN15: Dichtschließende Schutzbrille mit Seitenschutz | FO15: EN 166 | FP15: (nicht definiert) | FS15: (nicht definiert) | FX15: =IF(ISERROR(VLOOKUP(FW15,Gefahrgut,2,FALSE)),"",VLOOKUP(FW15,Gefahrgut,2,FALSE)) | FY15: =IF(ISERROR(VLOOKUP(FW15,Gefahrgut,3,FALSE)),"",VLOOKUP(FW15,Gefahrgut,3,FALSE)) | FZ15: =IF(ISERROR(VLOOKUP(FW15,Gefahrgut,4,FALSE)),"",VLOOKUP(FW15,Gefahrgut,4,FALSE))
A16: 009 | B16: DH556-AE2 A7201 Formreiniger | C16: hebrochemie GmbH | E16: =HYPERLINK(CONCATENATE("SDB\SDB_",A16,".pdf"),"2") -> 2 | G16: =IF(AJ16<>"",HYPERLINK(CONCATENATE("BAG\",AJ16,".pdf"),"2"),HYPERLINK(CONCATENATE("BAG\BAG_",A16,".pdf"),"2")) -> 2 | H16: =IF(ISERROR(FIND("GHS 01",$CA16)),"","●") | I16: =IF(ISERROR(FIND("GHS 02",$CA16)),"","●") | J16: =IF(ISERROR(FIND("GHS 03",$CA16)),"","●") | K16: =IF(ISERROR(FIND("GHS 04",$CA16)),"","●") | L16: =IF(ISERROR(FIND("GHS 05",$CA16)),"","●") | M16: =IF(ISERROR(FIND("GHS 06",$CA16)),"","●") | N16: =IF(ISERROR(FIND("GHS 07",$CA16)),"","●") | O16: =IF(ISERROR(FIND("GHS 08",$CA16)),"","●") | P16: =IF(ISERROR(FIND("GHS 09",$CA16)),"","●") | Q16: =IF(ISERROR(FIND("Achtung",$CA16)),"","A") | R16: =IF(ISERROR(FIND("Gefahr",$CA16)),"","G") | V16: =HYPERLINK(CONCATENATE("Bilder\",A16,".jpg"),"y") -> y | AG16: Abteilungsleiter | AN16: =HYPERLINK(CONCATENATE("TDB\TDB_",A16,".pdf"),"2") -> 2 | AQ16: Dose | AR16: 270 | AS16: ml | AU16: =IF(AS16="","",(IF(AS16="ml",(AR16/1000)*AT16,IF(AS16="Liter",AR16*AT16,IF(AS16="g",(AR16/1000)*AT16,IF(AS16="kg",AR16*AT16)))))) -> 0 | AV16: =IF(AS16="","",(IF(AS16="ml","Liter",IF(AS16="Liter","Liter",IF(AS16="g","kg",IF(AS16="kg","kg")))))) -> Liter | AY16: =IFERROR(VLOOKUP($AX16,Zusammenlagerung!$A$3:$AA$28,2,FALSE),"") | AZ16: =IFERROR(VLOOKUP($AX16,Zusammenlagerung!$A$3:$AA$28,3,FALSE),"") | BA16: =IFERROR(VLOOKUP($AX16,Zusammenlagerung!$A$3:$AA$28,4,FALSE),"") | BB16: =IFERROR(VLOOKUP($AX16,Zusammenlagerung!$A$3:$AA$28,5,FALSE),"") | BC16: =IFERROR(VLOOKUP($AX16,Zusammenlagerung!$A$3:$AA$28,6,FALSE),"") | BD16: =IFERROR(VLOOKUP($AX16,Zusammenlagerung!$A$3:$AA$28,7,FALSE),"") | BE16: =IFERROR(VLOOKUP($AX16,Zusammenlagerung!$A$3:$AA$28,8,FALSE),"") | BF16: =IFERROR(VLOOKUP($AX16,Zusammenlagerung!$A$3:$AA$28,9,FALSE),"") | BG16: =IFERROR(VLOOKUP($AX16,Zusammenlagerung!$A$3:$AA$28,10,FALSE),"") | BH16: =IFERROR(VLOOKUP($AX16,Zusammenlagerung!$A$3:$AA$28,11,FALSE),"") | BI16: =IFERROR(VLOOKUP($AX16,Zusammenlagerung!$A$3:$AA$28,12,FALSE),"") | BJ16: =IFERROR(VLOOKUP($AX16,Zusammenlagerung!$A$3:$AA$28,13,FALSE),"") | BK16: =IFERROR(VLOOKUP($AX16,Zusammenlagerung!$A$3:$AA$28,14,FALSE),"") | BL16: =IFERROR(VLOOKUP($AX16,Zusammenlagerung!$A$3:$AA$28,15,FALSE),"") | BM16: =IFERROR(VLOOKUP($AX16,Zusammenlagerung!$A$3:$AA$28,16,FALSE),"") | BN16: =IFERROR(VLOOKUP($AX16,Zusammenlagerung!$A$3:$AA$28,17,FALSE),"") | BO16: =IFERROR(VLOOKUP($AX16,Zusammenlagerung!$A$3:$AA$28,18,FALSE),"") | BP16: =IFERROR(VLOOKUP($AX16,Zusammenlagerung!$A$3:$AA$28,19,FALSE),"") | BQ16: =IFERROR(VLOOKUP($AX16,Zusammenlagerung!$A$3:$AA$28,20,FALSE),"") | BR16: =IFERROR(VLOOKUP($AX16,Zusammenlagerung!$A$3:$AA$28,21,FALSE),"") | BT16: =IFERROR(VLOOKUP($AX16,Zusammenlagerung!$A$3:$AA$28,23,FALSE),"") | BU16: =IFERROR(VLOOKUP($AX16,Zusammenlagerung!$A$3:$AA$28,24,FALSE),"") | BV16: =IFERROR(VLOOKUP($AX16,Zusammenlagerung!$A$3:$AA$28,25,FALSE),"") | BW16: =IFERROR(VLOOKUP($AX16,Zusammenlagerung!$A$3:$AA$28,26,FALSE),"") | BX16: =IFERROR(VLOOKUP($AX16,Zusammenlagerung!$A$3:$AA$28,27,FALSE),"") | BY16: =IF(CB16<>"",(IF(COUNTIFS(CB16,"*H220*")>0,"Liter",(IF(COUNTIFS(CB16,"*H221*")>0,"Liter",IF(COUNTIFS(CB16,"*H270*")>0,"Liter",IF(COUNTIFS(CB16,"*H280*")>0,"Liter",IF(COUNTIFS(CB16,"*H281*")>0,"Liter","kg"))))))),"") | CO16: 20 | CX16: {=INDEX(Einatmen!$A$21:$A$26,MATCH(CV16&CW16,Einatmen!$C$21:$C$26&Einatmen!$B$21:$B$26,0))} -> #N/A | CZ16: {=INDEX(Einatmen!$A$38:$A$49,MATCH(CV16&CY16,Einatmen!$C$38:$C$49&Einatmen!$B$38:$B$49,0))} -> #N/A | DA16: {=INDEX(Einatmen!$D$52:$D$159,MATCH(CU16&CX16&CZ16&CV16,Einatmen!$A$52:$A$159&Einatmen!$B$52:$B$159&Einatmen!$C$52:$C$159&Einatmen!$E$52:$E$159,0))} -> #N/A | DC16: =IF(ISNA(DA16),"",(IF(DB16="","",(HYPERLINK(CONCATENATE("Schutzleitfäden\",DB16,".pdf"),"1"))))) | DD16: =IFERROR(VLOOKUP(DB16,Schutzleitfäden!$A$3:$C$46,3,FALSE),"") | DH16: =IF(DG16=Haut!$A$12,Haut!$B$12,(IF(DG16=Haut!$A$13,Haut!$B$13,""))) | DJ16: =IF(DI16=Haut!$A$18,Haut!$C$18,(IF(DI16=Haut!$A$19,Haut!$C$19,""))) | DK16: {=INDEX(Haut!$D$22:$D$45,MATCH(DF16&DH16&DJ16,Haut!$A$22:$A$45&Haut!$B$22:$B$45&Haut!$C$22:$C$45,0))} -> #N/A | DL16: =IF(ISNA(DK16),"",(IF(DK16=Haut!$D$49,Haut!$E$49,(IF(DK16=Haut!$D$50,Haut!$E$50,(IF(DK16=Haut!$D$51,Haut!$E$51,(IF(DK16=Haut!$D$52,Haut!$E$52,(IF(DK16=Haut!$D$53,Haut!$E$53,""))))))))))) | DM16: =IF(ISNA(DK16),"",(HYPERLINK(CONCATENATE("Schutzleitfäden\",DL16,".pdf"),"1"))) | DN16: =IFERROR(VLOOKUP(DL16,Schutzleitfäden!$A$3:$C$46,3,FALSE),"") | DQ16: =CV16 -> 0 | DR16: =CW16 -> 0 | DS16: {=INDEX(Brand_EX!$A$15:$A$20,MATCH(DQ16&DR16,Brand_EX!$C$15:$C$20&Brand_EX!$B$15:$B$20,0))} -> #N/A | DT16: =CY16 -> 0 | DU16: {=INDEX(Brand_EX!$A$31:$A$41,MATCH(DQ16&DT16,Brand_EX!$C$31:$C$41&Brand_EX!$B$31:$B$41,0))} -> #N/A | DV16: {=INDEX(Brand_EX!$D$44:$D$133,MATCH(DP16&DS16&DU16&DQ16,Brand_EX!$A$44:$A$133&Brand_EX!$B$44:$B$133&Brand_EX!$C$44:$C$133&Brand_EX!$E$44:$E$133,0))} -> #N/A | DX16: =IF(ISNA(DV16),"",(IF(DW16="","",(HYPERLINK(CONCATENATE("Schutzleitfäden\",DW16,".pdf"),"1"))))) | DY16: =IFERROR(VLOOKUP(DW16,Schutzleitfäden!$A$3:$C$46,3,FALSE),"") | EA16: Die Möglichkeit zur Substitution des Produktes ist zu prüfen. | EJ16: =IF(EM16="Kat. 1A","ja",IF(EM16="Kat. 1B","ja",IF(ER16="Kat. 1A","ja",IF(ER16="Kat. 1B","ja",IF(EW16="Kat. 1A","ja",IF(EW16="Kat. 1B","ja","nein")))))) -> nein | EO16: =VLOOKUP(EN16,Daten!$M$2:$N$18,2,FALSE) -> #N/A | EP16: - | EQ16: 0 | ER16: - | ES16: keine | ET16: =VLOOKUP(ES16,Daten!$M$2:$N$18,2,FALSE) -> entfällt | EU16: - | EV16: 0 | EW16: - | EX16: keine | EY16: =VLOOKUP(EX16,Daten!$M$2:$N$18,2,FALSE) -> entfällt | FB16: =IF(ISERROR(VLOOKUP(FA16,Entsorgung,2,FALSE)),"",VLOOKUP(FA16,Entsorgung,2,FALSE)) | FD16: =IF(ISERROR(VLOOKUP(FC16,Entsorgung,2,FALSE)),"",VLOOKUP(FC16,Entsorgung,2,FALSE)) | FF16: =IF(ISERROR(VLOOKUP(FE16,Entsorgung,2,FALSE)),"",VLOOKUP(FE16,Entsorgung,2,FALSE)) | FH16: Chemikalien-Schutzhandschuhe | FI16: EN 374 | FN16: Dichtschließende Schutzbrille mit Seitenschutz | FO16: EN 166 | FP16: (nicht definiert) | FS16: (nicht definiert) | FX16: =IF(ISERROR(VLOOKUP(FW16,Gefahrgut,2,FALSE)),"",VLOOKUP(FW16,Gefahrgut,2,FALSE)) | FY16: =IF(ISERROR(VLOOKUP(FW16,Gefahrgut,3,FALSE)),"",VLOOKUP(FW16,Gefahrgut,3,FALSE)) | FZ16: =IF(ISERROR(VLOOKUP(FW16,Gefahrgut,4,FALSE)),"",VLOOKUP(FW16,Gefahrgut,4,FALSE))
A17: 010 | B17: Divinol Lithogrease 000 | C17: Zeller+Gmelin GmbH & Co. KG | E17: =HYPERLINK(CONCATENATE("SDB\SDB_",A17,".pdf"),"2") -> 2 | G17: =IF(AJ17<>"",HYPERLINK(CONCATENATE("BAG\",AJ17,".pdf"),"2"),HYPERLINK(CONCATENATE("BAG\BAG_",A17,".pdf"),"2")) -> 2 | H17: =IF(ISERROR(FIND("GHS 01",$CA17)),"","●") | I17: =IF(ISERROR(FIND("GHS 02",$CA17)),"","●") | J17: =IF(ISERROR(FIND("GHS 03",$CA17)),"","●") | K17: =IF(ISERROR(FIND("GHS 04",$CA17)),"","●") | L17: =IF(ISERROR(FIND("GHS 05",$CA17)),"","●") | M17: =IF(ISERROR(FIND("GHS 06",$CA17)),"","●") | N17: =IF(ISERROR(FIND("GHS 07",$CA17)),"","●") | O17: =IF(ISERROR(FIND("GHS 08",$CA17)),"","●") | P17: =IF(ISERROR(FIND("GHS 09",$CA17)),"","●") | Q17: =IF(ISERROR(FIND("Achtung",$CA17)),"","A") | R17: =IF(ISERROR(FIND("Gefahr",$CA17)),"","G") | V17: =HYPERLINK(CONCATENATE("Bilder\",A17,".jpg"),"y") -> y | AG17: Abteilungsleiter | AN17: =HYPERLINK(CONCATENATE("TDB\TDB_",A17,".pdf"),"2") -> 2 | AQ17: Tube | AR17: 1 | AS17: kg | AU17: =IF(AS17="","",(IF(AS17="ml",(AR17/1000)*AT17,IF(AS17="Liter",AR17*AT17,IF(AS17="g",(AR17/1000)*AT17,IF(AS17="kg",AR17*AT17)))))) -> 0 | AV17: =IF(AS17="","",(IF(AS17="ml","Liter",IF(AS17="Liter","Liter",IF(AS17="g","kg",IF(AS17="kg","kg")))))) -> kg | AY17: =IFERROR(VLOOKUP($AX17,Zusammenlagerung!$A$3:$AA$28,2,FALSE),"") | AZ17: =IFERROR(VLOOKUP($AX17,Zusammenlagerung!$A$3:$AA$28,3,FALSE),"") | BA17: =IFERROR(VLOOKUP($AX17,Zusammenlagerung!$A$3:$AA$28,4,FALSE),"") | BB17: =IFERROR(VLOOKUP($AX17,Zusammenlagerung!$A$3:$AA$28,5,FALSE),"") | BC17: =IFERROR(VLOOKUP($AX17,Zusammenlagerung!$A$3:$AA$28,6,FALSE),"") | BD17: =IFERROR(VLOOKUP($AX17,Zusammenlagerung!$A$3:$AA$28,7,FALSE),"") | BE17: =IFERROR(VLOOKUP($AX17,Zusammenlagerung!$A$3:$AA$28,8,FALSE),"") | BF17: =IFERROR(VLOOKUP($AX17,Zusammenlagerung!$A$3:$AA$28,9,FALSE),"") | BG17: =IFERROR(VLOOKUP($AX17,Zusammenlagerung!$A$3:$AA$28,10,FALSE),"") | BH17: =IFERROR(VLOOKUP($AX17,Zusammenlagerung!$A$3:$AA$28,11,FALSE),"") | BI17: =IFERROR(VLOOKUP($AX17,Zusammenlagerung!$A$3:$AA$28,12,FALSE),"") | BJ17: =IFERROR(VLOOKUP($AX17,Zusammenlagerung!$A$3:$AA$28,13,FALSE),"") | BK17: =IFERROR(VLOOKUP($AX17,Zusammenlagerung!$A$3:$AA$28,14,FALSE),"") | BL17: =IFERROR(VLOOKUP($AX17,Zusammenlagerung!$A$3:$AA$28,15,FALSE),"") | BM17: =IFERROR(VLOOKUP($AX17,Zusammenlagerung!$A$3:$AA$28,16,FALSE),"") | BN17: =IFERROR(VLOOKUP($AX17,Zusammenlagerung!$A$3:$AA$28,17,FALSE),"") | BO17: =IFERROR(VLOOKUP($AX17,Zusammenlagerung!$A$3:$AA$28,18,FALSE),"") | BP17: =IFERROR(VLOOKUP($AX17,Zusammenlagerung!$A$3:$AA$28,19,FALSE),"") | BQ17: =IFERROR(VLOOKUP($AX17,Zusammenlagerung!$A$3:$AA$28,20,FALSE),"") | BR17: =IFERROR(VLOOKUP($AX17,Zusammenlagerung!$A$3:$AA$28,21,FALSE),"") | BT17: =IFERROR(VLOOKUP($AX17,Zusammenlagerung!$A$3:$AA$28,23,FALSE),"") | BU17: =IFERROR(VLOOKUP($AX17,Zusammenlagerung!$A$3:$AA$28,24,FALSE),"") | BV17: =IFERROR(VLOOKUP($AX17,Zusammenlagerung!$A$3:$AA$28,25,FALSE),"") | BW17: =IFERROR(VLOOKUP($AX17,Zusammenlagerung!$A$3:$AA$28,26,FALSE),"") | BX17: =IFERROR(VLOOKUP($AX17,Zusammenlagerung!$A$3:$AA$28,27,FALSE),"") | BY17: =IF(CB17<>"",(IF(COUNTIFS(CB17,"*H220*")>0,"Liter",(IF(COUNTIFS(CB17,"*H221*")>0,"Liter",IF(COUNTIFS(CB17,"*H270*")>0,"Liter",IF(COUNTIFS(CB17,"*H280*")>0,"Liter",IF(COUNTIFS(CB17,"*H281*")>0,"Liter","kg"))))))),"") | CO17: 20 | CX17: {=INDEX(Einatmen!$A$21:$A$26,MATCH(CV17&CW17,Einatmen!$C$21:$C$26&Einatmen!$B$21:$B$26,0))} -> #N/A | CZ17: {=INDEX(Einatmen!$A$38:$A$49,MATCH(CV17&CY17,Einatmen!$C$38:$C$49&Einatmen!$B$38:$B$49,0))} -> #N/A | DA17: {=INDEX(Einatmen!$D$52:$D$159,MATCH(CU17&CX17&CZ17&CV17,Einatmen!$A$52:$A$159&Einatmen!$B$52:$B$159&Einatmen!$C$52:$C$159&Einatmen!$E$52:$E$159,0))} -> #N/A | DC17: =IF(ISNA(DA17),"",(IF(DB17="","",(HYPERLINK(CONCATENATE("Schutzleitfäden\",DB17,".pdf"),"1"))))) | DD17: =IFERROR(VLOOKUP(DB17,Schutzleitfäden!$A$3:$C$46,3,FALSE),"") | DH17: =IF(DG17=Haut!$A$12,Haut!$B$12,(IF(DG17=Haut!$A$13,Haut!$B$13,""))) | DJ17: =IF(DI17=Haut!$A$18,Haut!$C$18,(IF(DI17=Haut!$A$19,Haut!$C$19,""))) | DK17: {=INDEX(Haut!$D$22:$D$45,MATCH(DF17&DH17&DJ17,Haut!$A$22:$A$45&Haut!$B$22:$B$45&Haut!$C$22:$C$45,0))} -> #N/A | DL17: =IF(ISNA(DK17),"",(IF(DK17=Haut!$D$49,Haut!$E$49,(IF(DK17=Haut!$D$50,Haut!$E$50,(IF(DK17=Haut!$D$51,Haut!$E$51,(IF(DK17=Haut!$D$52,Haut!$E$52,(IF(DK17=Haut!$D$53,Haut!$E$53,""))))))))))) | DM17: =IF(ISNA(DK17),"",(HYPERLINK(CONCATENATE("Schutzleitfäden\",DL17,".pdf"),"1"))) | DN17: =IFERROR(VLOOKUP(DL17,Schutzleitfäden!$A$3:$C$46,3,FALSE),"") | DQ17: =CV17 -> 0 | DR17: =CW17 -> 0 | DS17: {=INDEX(Brand_EX!$A$15:$A$20,MATCH(DQ17&DR17,Brand_EX!$C$15:$C$20&Brand_EX!$B$15:$B$20,0))} -> #N/A | DT17: =CY17 -> 0 | DU17: {=INDEX(Brand_EX!$A$31:$A$41,MATCH(DQ17&DT17,Brand_EX!$C$31:$C$41&Brand_EX!$B$31:$B$41,0))} -> #N/A | DV17: {=INDEX(Brand_EX!$D$44:$D$133,MATCH(DP17&DS17&DU17&DQ17,Brand_EX!$A$44:$A$133&Brand_EX!$B$44:$B$133&Brand_EX!$C$44:$C$133&Brand_EX!$E$44:$E$133,0))} -> #N/A | DX17: =IF(ISNA(DV17),"",(IF(DW17="","",(HYPERLINK(CONCATENATE("Schutzleitfäden\",DW17,".pdf"),"1"))))) | DY17: =IFERROR(VLOOKUP(DW17,Schutzleitfäden!$A$3:$C$46,3,FALSE),"") | EA17: Die Möglichkeit zur Substitution des Produktes ist zu prüfen. | EJ17: =IF(EM17="Kat. 1A","ja",IF(EM17="Kat. 1B","ja",IF(ER17="Kat. 1A","ja",IF(ER17="Kat. 1B","ja",IF(EW17="Kat. 1A","ja",IF(EW17="Kat. 1B","ja","nein")))))) -> nein | EO17: =VLOOKUP(EN17,Daten!$M$2:$N$18,2,FALSE) -> #N/A | EP17: - | EQ17: 0 | ER17: - | ES17: keine | ET17: =VLOOKUP(ES17,Daten!$M$2:$N$18,2,FALSE) -> entfällt | EU17: - | EV17: 0 | EW17: - | EX17: keine | EY17: =VLOOKUP(EX17,Daten!$M$2:$N$18,2,FALSE) -> entfällt | FB17: =IF(ISERROR(VLOOKUP(FA17,Entsorgung,2,FALSE)),"",VLOOKUP(FA17,Entsorgung,2,FALSE)) | FD17: =IF(ISERROR(VLOOKUP(FC17,Entsorgung,2,FALSE)),"",VLOOKUP(FC17,Entsorgung,2,FALSE)) | FF17: =IF(ISERROR(VLOOKUP(FE17,Entsorgung,2,FALSE)),"",VLOOKUP(FE17,Entsorgung,2,FALSE)) | FH17: Chemikalien-Schutzhandschuhe | FI17: EN 374 | FN17: Dichtschließende Schutzbrille mit Seitenschutz | FO17: EN 166 | FP17: (nicht definiert) | FS17: (nicht definiert) | FX17: =IF(ISERROR(VLOOKUP(FW17,Gefahrgut,2,FALSE)),"",VLOOKUP(FW17,Gefahrgut,2,FALSE)) | FY17: =IF(ISERROR(VLOOKUP(FW17,Gefahrgut,3,FALSE)),"",VLOOKUP(FW17,Gefahrgut,3,FALSE)) | FZ17: =IF(ISERROR(VLOOKUP(FW17,Gefahrgut,4,FALSE)),"",VLOOKUP(FW17,Gefahrgut,4,FALSE))
A18: 011 | B18: E563-AE2 Z 261 | C18: hebrochemie GmbH | E18: =HYPERLINK(CONCATENATE("SDB\SDB_",A18,".pdf"),"2") -> 2 | G18: =IF(AJ18<>"",HYPERLINK(CONCATENATE("BAG\",AJ18,".pdf"),"2"),HYPERLINK(CONCATENATE("BAG\BAG_",A18,".pdf"),"2")) -> 2 | H18: =IF(ISERROR(FIND("GHS 01",$CA18)),"","●") | I18: =IF(ISERROR(FIND("GHS 02",$CA18)),"","●") | J18: =IF(ISERROR(FIND("GHS 03",$CA18)),"","●") | K18: =IF(ISERROR(FIND("GHS 04",$CA18)),"","●") | L18: =IF(ISERROR(FIND("GHS 05",$CA18)),"","●") | M18: =IF(ISERROR(FIND("GHS 06",$CA18)),"","●") | N18: =IF(ISERROR(FIND("GHS 07",$CA18)),"","●") | O18: =IF(ISERROR(FIND("GHS 08",$CA18)),"","●") | P18: =IF(ISERROR(FIND("GHS 09",$CA18)),"","●") | Q18: =IF(ISERROR(FIND("Achtung",$CA18)),"","A") | R18: =IF(ISERROR(FIND("Gefahr",$CA18)),"","G") | V18: =HYPERLINK(CONCATENATE("Bilder\",A18,".jpg"),"y") -> y | AG18: Abteilungsleiter | AN18: =HYPERLINK(CONCATENATE("TDB\TDB_",A18,".pdf"),"2") -> 2 | AQ18: Dose | AR18: 270 | AS18: ml | AU18: =IF(AS18="","",(IF(AS18="ml",(AR18/1000)*AT18,IF(AS18="Liter",AR18*AT18,IF(AS18="g",(AR18/1000)*AT18,IF(AS18="kg",AR18*AT18)))))) -> 0 | AV18: =IF(AS18="","",(IF(AS18="ml","Liter",IF(AS18="Liter","Liter",IF(AS18="g","kg",IF(AS18="kg","kg")))))) -> Liter | AY18: =IFERROR(VLOOKUP($AX18,Zusammenlagerung!$A$3:$AA$28,2,FALSE),"") | AZ18: =IFERROR(VLOOKUP($AX18,Zusammenlagerung!$A$3:$AA$28,3,FALSE),"") | BA18: =IFERROR(VLOOKUP($AX18,Zusammenlagerung!$A$3:$AA$28,4,FALSE),"") | BB18: =IFERROR(VLOOKUP($AX18,Zusammenlagerung!$A$3:$AA$28,5,FALSE),"") | BC18: =IFERROR(VLOOKUP($AX18,Zusammenlagerung!$A$3:$AA$28,6,FALSE),"") | BD18: =IFERROR(VLOOKUP($AX18,Zusammenlagerung!$A$3:$AA$28,7,FALSE),"") | BE18: =IFERROR(VLOOKUP($AX18,Zusammenlagerung!$A$3:$AA$28,8,FALSE),"") | BF18: =IFERROR(VLOOKUP($AX18,Zusammenlagerung!$A$3:$AA$28,9,FALSE),"") | BG18: =IFERROR(VLOOKUP($AX18,Zusammenlagerung!$A$3:$AA$28,10,FALSE),"") | BH18: =IFERROR(VLOOKUP($AX18,Zusammenlagerung!$A$3:$AA$28,11,FALSE),"") | BI18: =IFERROR(VLOOKUP($AX18,Zusammenlagerung!$A$3:$AA$28,12,FALSE),"") | BJ18: =IFERROR(VLOOKUP($AX18,Zusammenlagerung!$A$3:$AA$28,13,FALSE),"") | BK18: =IFERROR(VLOOKUP($AX18,Zusammenlagerung!$A$3:$AA$28,14,FALSE),"") | BL18: =IFERROR(VLOOKUP($AX18,Zusammenlagerung!$A$3:$AA$28,15,FALSE),"") | BM18: =IFERROR(VLOOKUP($AX18,Zusammenlagerung!$A$3:$AA$28,16,FALSE),"") | BN18: =IFERROR(VLOOKUP($AX18,Zusammenlagerung!$A$3:$AA$28,17,FALSE),"") | BO18: =IFERROR(VLOOKUP($AX18,Zusammenlagerung!$A$3:$AA$28,18,FALSE),"") | BP18: =IFERROR(VLOOKUP($AX18,Zusammenlagerung!$A$3:$AA$28,19,FALSE),"") | BQ18: =IFERROR(VLOOKUP($AX18,Zusammenlagerung!$A$3:$AA$28,20,FALSE),"") | BR18: =IFERROR(VLOOKUP($AX18,Zusammenlagerung!$A$3:$AA$28,21,FALSE),"") | BT18: =IFERROR(VLOOKUP($AX18,Zusammenlagerung!$A$3:$AA$28,23,FALSE),"") | BU18: =IFERROR(VLOOKUP($AX18,Zusammenlagerung!$A$3:$AA$28,24,FALSE),"") | BV18: =IFERROR(VLOOKUP($AX18,Zusammenlagerung!$A$3:$AA$28,25,FALSE),"") | BW18: =IFERROR(VLOOKUP($AX18,Zusammenlagerung!$A$3:$AA$28,26,FALSE),"") | BX18: =IFERROR(VLOOKUP($AX18,Zusammenlagerung!$A$3:$AA$28,27,FALSE),"") | BY18: =IF(CB18<>"",(IF(COUNTIFS(CB18,"*H220*")>0,"Liter",(IF(COUNTIFS(CB18,"*H221*")>0,"Liter",IF(COUNTIFS(CB18,"*H270*")>0,"Liter",IF(COUNTIFS(CB18,"*H280*")>0,"Liter",IF(COUNTIFS(CB18,"*H281*")>0,"Liter","kg"))))))),"") | CO18: 20 | CX18: {=INDEX(Einatmen!$A$21:$A$26,MATCH(CV18&CW18,Einatmen!$C$21:$C$26&Einatmen!$B$21:$B$26,0))} -> #N/A | CZ18: {=INDEX(Einatmen!$A$38:$A$49,MATCH(CV18&CY18,Einatmen!$C$38:$C$49&Einatmen!$B$38:$B$49,0))} -> #N/A | DA18: {=INDEX(Einatmen!$D$52:$D$159,MATCH(CU18&CX18&CZ18&CV18,Einatmen!$A$52:$A$159&Einatmen!$B$52:$B$159&Einatmen!$C$52:$C$159&Einatmen!$E$52:$E$159,0))} -> #N/A | DC18: =IF(ISNA(DA18),"",(IF(DB18="","",(HYPERLINK(CONCATENATE("Schutzleitfäden\",DB18,".pdf"),"1"))))) | DD18: =IFERROR(VLOOKUP(DB18,Schutzleitfäden!$A$3:$C$46,3,FALSE),"") | DH18: =IF(DG18=Haut!$A$12,Haut!$B$12,(IF(DG18=Haut!$A$13,Haut!$B$13,""))) | DJ18: =IF(DI18=Haut!$A$18,Haut!$C$18,(IF(DI18=Haut!$A$19,Haut!$C$19,""))) | DK18: {=INDEX(Haut!$D$22:$D$45,MATCH(DF18&DH18&DJ18,Haut!$A$22:$A$45&Haut!$B$22:$B$45&Haut!$C$22:$C$45,0))} -> #N/A | DL18: =IF(ISNA(DK18),"",(IF(DK18=Haut!$D$49,Haut!$E$49,(IF(DK18=Haut!$D$50,Haut!$E$50,(IF(DK18=Haut!$D$51,Haut!$E$51,(IF(DK18=Haut!$D$52,Haut!$E$52,(IF(DK18=Haut!$D$53,Haut!$E$53,""))))))))))) | DM18: =IF(ISNA(DK18),"",(HYPERLINK(CONCATENATE("Schutzleitfäden\",DL18,".pdf"),"1"))) | DN18: =IFERROR(VLOOKUP(DL18,Schutzleitfäden!$A$3:$C$46,3,FALSE),"") | DQ18: =CV18 -> 0 | DR18: =CW18 -> 0 | DS18: {=INDEX(Brand_EX!$A$15:$A$20,MATCH(DQ18&DR18,Brand_EX!$C$15:$C$20&Brand_EX!$B$15:$B$20,0))} -> #N/A | DT18: =CY18 -> 0 | DU18: {=INDEX(Brand_EX!$A$31:$A$41,MATCH(DQ18&DT18,Brand_EX!$C$31:$C$41&Brand_EX!$B$31:$B$41,0))} -> #N/A | DV18: {=INDEX(Brand_EX!$D$44:$D$133,MATCH(DP18&DS18&DU18&DQ18,Brand_EX!$A$44:$A$133&Brand_EX!$B$44:$B$133&Brand_EX!$C$44:$C$133&Brand_EX!$E$44:$E$133,0))} -> #N/A | DX18: =IF(ISNA(DV18),"",(IF(DW18="","",(HYPERLINK(CONCATENATE("Schutzleitfäden\",DW18,".pdf"),"1"))))) | DY18: =IFERROR(VLOOKUP(DW18,Schutzleitfäden!$A$3:$C$46,3,FALSE),"") | EA18: Die Möglichkeit zur Substitution des Produktes ist zu prüfen. | EJ18: =IF(EM18="Kat. 1A","ja",IF(EM18="Kat. 1B","ja",IF(ER18="Kat. 1A","ja",IF(ER18="Kat. 1B","ja",IF(EW18="Kat. 1A","ja",IF(EW18="Kat. 1B","ja","nein")))))) -> nein | EO18: =VLOOKUP(EN18,Daten!$M$2:$N$18,2,FALSE) -> #N/A | EP18: - | EQ18: 0 | ER18: - | ES18: keine | ET18: =VLOOKUP(ES18,Daten!$M$2:$N$18,2,FALSE) -> entfällt | EU18: - | EV18: 0 | EW18: - | EX18: keine | EY18: =VLOOKUP(EX18,Daten!$M$2:$N$18,2,FALSE) -> entfällt | FB18: =IF(ISERROR(VLOOKUP(FA18,Entsorgung,2,FALSE)),"",VLOOKUP(FA18,Entsorgung,2,FALSE)) | FD18: =IF(ISERROR(VLOOKUP(FC18,Entsorgung,2,FALSE)),"",VLOOKUP(FC18,Entsorgung,2,FALSE)) | FF18: =IF(ISERROR(VLOOKUP(FE18,Entsorgung,2,FALSE)),"",VLOOKUP(FE18,Entsorgung,2,FALSE)) | FH18: Chemikalien-Schutzhandschuhe | FI18: EN 374 | FN18: Dichtschließende Schutzbrille mit Seitenschutz | FO18: EN 166 | FP18: (nicht definiert) | FS18: (nicht definiert) | FX18: =IF(ISERROR(VLOOKUP(FW18,Gefahrgut,2,FALSE)),"",VLOOKUP(FW18,Gefahrgut,2,FALSE)) | FY18: =IF(ISERROR(VLOOKUP(FW18,Gefahrgut,3,FALSE)),"",VLOOKUP(FW18,Gefahrgut,3,FALSE)) | FZ18: =IF(ISERROR(VLOOKUP(FW18,Gefahrgut,4,FALSE)),"",VLOOKUP(FW18,Gefahrgut,4,FALSE))
A19: 012 | B19: E581-AE2 Z 267 | C19: hebrochemie GmbH | E19: =HYPERLINK(CONCATENATE("SDB\SDB_",A19,".pdf"),"2") -> 2 | G19: =IF(AJ19<>"",HYPERLINK(CONCATENATE("BAG\",AJ19,".pdf"),"2"),HYPERLINK(CONCATENATE("BAG\BAG_",A19,".pdf"),"2")) -> 2 | H19: =IF(ISERROR(FIND("GHS 01",$CA19)),"","●") | I19: =IF(ISERROR(FIND("GHS 02",$CA19)),"","●") | J19: =IF(ISERROR(FIND("GHS 03",$CA19)),"","●") | K19: =IF(ISERROR(FIND("GHS 04",$CA19)),"","●") | L19: =IF(ISERROR(FIND("GHS 05",$CA19)),"","●") | M19: =IF(ISERROR(FIND("GHS 06",$CA19)),"","●") | N19: =IF(ISERROR(FIND("GHS 07",$CA19)),"","●") | O19: =IF(ISERROR(FIND("GHS 08",$CA19)),"","●") | P19: =IF(ISERROR(FIND("GHS 09",$CA19)),"","●") | Q19: =IF(ISERROR(FIND("Achtung",$CA19)),"","A") | R19: =IF(ISERROR(FIND("Gefahr",$CA19)),"","G") | V19: =HYPERLINK(CONCATENATE("Bilder\",A19,".jpg"),"y") -> y | AG19: Abteilungsleiter | AN19: =HYPERLINK(CONCATENATE("TDB\TDB_",A19,".pdf"),"2") -> 2 | AQ19: Dose | AR19: 270 | AS19: ml | AU19: =IF(AS19="","",(IF(AS19="ml",(AR19/1000)*AT19,IF(AS19="Liter",AR19*AT19,IF(AS19="g",(AR19/1000)*AT19,IF(AS19="kg",AR19*AT19)))))) -> 0 | AV19: =IF(AS19="","",(IF(AS19="ml","Liter",IF(AS19="Liter","Liter",IF(AS19="g","kg",IF(AS19="kg","kg")))))) -> Liter | AY19: =IFERROR(VLOOKUP($AX19,Zusammenlagerung!$A$3:$AA$28,2,FALSE),"") | AZ19: =IFERROR(VLOOKUP($AX19,Zusammenlagerung!$A$3:$AA$28,3,FALSE),"") | BA19: =IFERROR(VLOOKUP($AX19,Zusammenlagerung!$A$3:$AA$28,4,FALSE),"") | BB19: =IFERROR(VLOOKUP($AX19,Zusammenlagerung!$A$3:$AA$28,5,FALSE),"") | BC19: =IFERROR(VLOOKUP($AX19,Zusammenlagerung!$A$3:$AA$28,6,FALSE),"") | BD19: =IFERROR(VLOOKUP($AX19,Zusammenlagerung!$A$3:$AA$28,7,FALSE),"") | BE19: =IFERROR(VLOOKUP($AX19,Zusammenlagerung!$A$3:$AA$28,8,FALSE),"") | BF19: =IFERROR(VLOOKUP($AX19,Zusammenlagerung!$A$3:$AA$28,9,FALSE),"") | BG19: =IFERROR(VLOOKUP($AX19,Zusammenlagerung!$A$3:$AA$28,10,FALSE),"") | BH19: =IFERROR(VLOOKUP($AX19,Zusammenlagerung!$A$3:$AA$28,11,FALSE),"") | BI19: =IFERROR(VLOOKUP($AX19,Zusammenlagerung!$A$3:$AA$28,12,FALSE),"") | BJ19: =IFERROR(VLOOKUP($AX19,Zusammenlagerung!$A$3:$AA$28,13,FALSE),"") | BK19: =IFERROR(VLOOKUP($AX19,Zusammenlagerung!$A$3:$AA$28,14,FALSE),"") | BL19: =IFERROR(VLOOKUP($AX19,Zusammenlagerung!$A$3:$AA$28,15,FALSE),"") | BM19: =IFERROR(VLOOKUP($AX19,Zusammenlagerung!$A$3:$AA$28,16,FALSE),"") | BN19: =IFERROR(VLOOKUP($AX19,Zusammenlagerung!$A$3:$AA$28,17,FALSE),"") | BO19: =IFERROR(VLOOKUP($AX19,Zusammenlagerung!$A$3:$AA$28,18,FALSE),"") | BP19: =IFERROR(VLOOKUP($AX19,Zusammenlagerung!$A$3:$AA$28,19,FALSE),"") | BQ19: =IFERROR(VLOOKUP($AX19,Zusammenlagerung!$A$3:$AA$28,20,FALSE),"") | BR19: =IFERROR(VLOOKUP($AX19,Zusammenlagerung!$A$3:$AA$28,21,FALSE),"") | BT19: =IFERROR(VLOOKUP($AX19,Zusammenlagerung!$A$3:$AA$28,23,FALSE),"") | BU19: =IFERROR(VLOOKUP($AX19,Zusammenlagerung!$A$3:$AA$28,24,FALSE),"") | BV19: =IFERROR(VLOOKUP($AX19,Zusammenlagerung!$A$3:$AA$28,25,FALSE),"") | BW19: =IFERROR(VLOOKUP($AX19,Zusammenlagerung!$A$3:$AA$28,26,FALSE),"") | BX19: =IFERROR(VLOOKUP($AX19,Zusammenlagerung!$A$3:$AA$28,27,FALSE),"") | BY19: =IF(CB19<>"",(IF(COUNTIFS(CB19,"*H220*")>0,"Liter",(IF(COUNTIFS(CB19,"*H221*")>0,"Liter",IF(COUNTIFS(CB19,"*H270*")>0,"Liter",IF(COUNTIFS(CB19,"*H280*")>0,"Liter",IF(COUNTIFS(CB19,"*H281*")>0,"Liter","kg"))))))),"") | CO19: 20 | CX19: {=INDEX(Einatmen!$A$21:$A$26,MATCH(CV19&CW19,Einatmen!$C$21:$C$26&Einatmen!$B$21:$B$26,0))} -> #N/A | CZ19: {=INDEX(Einatmen!$A$38:$A$49,MATCH(CV19&CY19,Einatmen!$C$38:$C$49&Einatmen!$B$38:$B$49,0))} -> #N/A | DA19: {=INDEX(Einatmen!$D$52:$D$159,MATCH(CU19&CX19&CZ19&CV19,Einatmen!$A$52:$A$159&Einatmen!$B$52:$B$159&Einatmen!$C$52:$C$159&Einatmen!$E$52:$E$159,0))} -> #N/A | DC19: =IF(ISNA(DA19),"",(IF(DB19="","",(HYPERLINK(CONCATENATE("Schutzleitfäden\",DB19,".pdf"),"1"))))) | DD19: =IFERROR(VLOOKUP(DB19,Schutzleitfäden!$A$3:$C$46,3,FALSE),"") | DH19: =IF(DG19=Haut!$A$12,Haut!$B$12,(IF(DG19=Haut!$A$13,Haut!$B$13,""))) | DJ19: =IF(DI19=Haut!$A$18,Haut!$C$18,(IF(DI19=Haut!$A$19,Haut!$C$19,""))) | DK19: {=INDEX(Haut!$D$22:$D$45,MATCH(DF19&DH19&DJ19,Haut!$A$22:$A$45&Haut!$B$22:$B$45&Haut!$C$22:$C$45,0))} -> #N/A | DL19: =IF(ISNA(DK19),"",(IF(DK19=Haut!$D$49,Haut!$E$49,(IF(DK19=Haut!$D$50,Haut!$E$50,(IF(DK19=Haut!$D$51,Haut!$E$51,(IF(DK19=Haut!$D$52,Haut!$E$52,(IF(DK19=Haut!$D$53,Haut!$E$53,""))))))))))) | DM19: =IF(ISNA(DK19),"",(HYPERLINK(CONCATENATE("Schutzleitfäden\",DL19,".pdf"),"1"))) | DN19: =IFERROR(VLOOKUP(DL19,Schutzleitfäden!$A$3:$C$46,3,FALSE),"") | DQ19: =CV19 -> 0 | DR19: =CW19 -> 0 | DS19: {=INDEX(Brand_EX!$A$15:$A$20,MATCH(DQ19&DR19,Brand_EX!$C$15:$C$20&Brand_EX!$B$15:$B$20,0))} -> #N/A | DT19: =CY19 -> 0 | DU19: {=INDEX(Brand_EX!$A$31:$A$41,MATCH(DQ19&DT19,Brand_EX!$C$31:$C$41&Brand_EX!$B$31:$B$41,0))} -> #N/A | DV19: {=INDEX(Brand_EX!$D$44:$D$133,MATCH(DP19&DS19&DU19&DQ19,Brand_EX!$A$44:$A$133&Brand_EX!$B$44:$B$133&Brand_EX!$C$44:$C$133&Brand_EX!$E$44:$E$133,0))} -> #N/A | DX19: =IF(ISNA(DV19),"",(IF(DW19="","",(HYPERLINK(CONCATENATE("Schutzleitfäden\",DW19,".pdf"),"1"))))) | DY19: =IFERROR(VLOOKUP(DW19,Schutzleitfäden!$A$3:$C$46,3,FALSE),"") | EA19: Die Möglichkeit zur Substitution des Produktes ist zu prüfen. | EJ19: =IF(EM19="Kat. 1A","ja",IF(EM19="Kat. 1B","ja",IF(ER19="Kat. 1A","ja",IF(ER19="Kat. 1B","ja",IF(EW19="Kat. 1A","ja",IF(EW19="Kat. 1B","ja","nein")))))) -> nein | EO19: =VLOOKUP(EN19,Daten!$M$2:$N$18,2,FALSE) -> #N/A | EP19: - | EQ19: 0 | ER19: - | ES19: keine | ET19: =VLOOKUP(ES19,Daten!$M$2:$N$18,2,FALSE) -> entfällt | EU19: - | EV19: 0 | EW19: - | EX19: keine | EY19: =VLOOKUP(EX19,Daten!$M$2:$N$18,2,FALSE) -> entfällt | FB19: =IF(ISERROR(VLOOKUP(FA19,Entsorgung,2,FALSE)),"",VLOOKUP(FA19,Entsorgung,2,FALSE)) | FD19: =IF(ISERROR(VLOOKUP(FC19,Entsorgung,2,FALSE)),"",VLOOKUP(FC19,Entsorgung,2,FALSE)) | FF19: =IF(ISERROR(VLOOKUP(FE19,Entsorgung,2,FALSE)),"",VLOOKUP(FE19,Entsorgung,2,FALSE)) | FH19: Chemikalien-Schutzhandschuhe | FI19: EN 374 | FN19: Dichtschließende Schutzbrille mit Seitenschutz | FO19: EN 166 | FP19: (nicht definiert) | FS19: (nicht definiert) | FX19: =IF(ISERROR(VLOOKUP(FW19,Gefahrgut,2,FALSE)),"",VLOOKUP(FW19,Gefahrgut,2,FALSE)) | FY19: =IF(ISERROR(VLOOKUP(FW19,Gefahrgut,3,FALSE)),"",VLOOKUP(FW19,Gefahrgut,3,FALSE)) | FZ19: =IF(ISERROR(VLOOKUP(FW19,Gefahrgut,4,FALSE)),"",VLOOKUP(FW19,Gefahrgut,4,FALSE))
A20: 013 | B20: EEML400D | C20: Electrolube - WENTWORTH LTD | E20: =HYPERLINK(CONCATENATE("SDB\SDB_",A20,".pdf"),"2") -> 2 | G20: =IF(AJ20<>"",HYPERLINK(CONCATENATE("BAG\",AJ20,".pdf"),"2"),HYPERLINK(CONCATENATE("BAG\BAG_",A20,".pdf"),"2")) -> 2 | H20: =IF(ISERROR(FIND("GHS 01",$CA20)),"","●") | I20: =IF(ISERROR(FIND("GHS 02",$CA20)),"","●") | J20: =IF(ISERROR(FIND("GHS 03",$CA20)),"","●") | K20: =IF(ISERROR(FIND("GHS 04",$CA20)),"","●") | L20: =IF(ISERROR(FIND("GHS 05",$CA20)),"","●") | M20: =IF(ISERROR(FIND("GHS 06",$CA20)),"","●") | N20: =IF(ISERROR(FIND("GHS 07",$CA20)),"","●") | O20: =IF(ISERROR(FIND("GHS 08",$CA20)),"","●") | P20: =IF(ISERROR(FIND("GHS 09",$CA20)),"","●") | Q20: =IF(ISERROR(FIND("Achtung",$CA20)),"","A") | R20: =IF(ISERROR(FIND("Gefahr",$CA20)),"","G") | V20: =HYPERLINK(CONCATENATE("Bilder\",A20,".jpg"),"y") -> y | AG20: Abteilungsleiter | AN20: =HYPERLINK(CONCATENATE("TDB\TDB_",A20,".pdf"),"2") -> 2 | AQ20: Dose | AR20: 400 | AS20: ml | AU20: =IF(AS20="","",(IF(AS20="ml",(AR20/1000)*AT20,IF(AS20="Liter",AR20*AT20,IF(AS20="g",(AR20/1000)*AT20,IF(AS20="kg",AR20*AT20)))))) -> 0 | AV20: =IF(AS20="","",(IF(AS20="ml","Liter",IF(AS20="Liter","Liter",IF(AS20="g","kg",IF(AS20="kg","kg")))))) -> Liter | AY20: =IFERROR(VLOOKUP($AX20,Zusammenlagerung!$A$3:$AA$28,2,FALSE),"") | AZ20: =IFERROR(VLOOKUP($AX20,Zusammenlagerung!$A$3:$AA$28,3,FALSE),"") | BA20: =IFERROR(VLOOKUP($AX20,Zusammenlagerung!$A$3:$AA$28,4,FALSE),"") | BB20: =IFERROR(VLOOKUP($AX20,Zusammenlagerung!$A$3:$AA$28,5,FALSE),"") | BC20: =IFERROR(VLOOKUP($AX20,Zusammenlagerung!$A$3:$AA$28,6,FALSE),"") | BD20: =IFERROR(VLOOKUP($AX20,Zusammenlagerung!$A$3:$AA$28,7,FALSE),"") | BE20: =IFERROR(VLOOKUP($AX20,Zusammenlagerung!$A$3:$AA$28,8,FALSE),"") | BF20: =IFERROR(VLOOKUP($AX20,Zusammenlagerung!$A$3:$AA$28,9,FALSE),"") | BG20: =IFERROR(VLOOKUP($AX20,Zusammenlagerung!$A$3:$AA$28,10,FALSE),"") | BH20: =IFERROR(VLOOKUP($AX20,Zusammenlagerung!$A$3:$AA$28,11,FALSE),"") | BI20: =IFERROR(VLOOKUP($AX20,Zusammenlagerung!$A$3:$AA$28,12,FALSE),"") | BJ20: =IFERROR(VLOOKUP($AX20,Zusammenlagerung!$A$3:$AA$28,13,FALSE),"") | BK20: =IFERROR(VLOOKUP($AX20,Zusammenlagerung!$A$3:$AA$28,14,FALSE),"") | BL20: =IFERROR(VLOOKUP($AX20,Zusammenlagerung!$A$3:$AA$28,15,FALSE),"") | BM20: =IFERROR(VLOOKUP($AX20,Zusammenlagerung!$A$3:$AA$28,16,FALSE),"") | BN20: =IFERROR(VLOOKUP($AX20,Zusammenlagerung!$A$3:$AA$28,17,FALSE),"") | BO20: =IFERROR(VLOOKUP($AX20,Zusammenlagerung!$A$3:$AA$28,18,FALSE),"") | BP20: =IFERROR(VLOOKUP($AX20,Zusammenlagerung!$A$3:$AA$28,19,FALSE),"") | BQ20: =IFERROR(VLOOKUP($AX20,Zusammenlagerung!$A$3:$AA$28,20,FALSE),"") | BR20: =IFERROR(VLOOKUP($AX20,Zusammenlagerung!$A$3:$AA$28,21,FALSE),"") | BT20: =IFERROR(VLOOKUP($AX20,Zusammenlagerung!$A$3:$AA$28,23,FALSE),"") | BU20: =IFERROR(VLOOKUP($AX20,Zusammenlagerung!$A$3:$AA$28,24,FALSE),"") | BV20: =IFERROR(VLOOKUP($AX20,Zusammenlagerung!$A$3:$AA$28,25,FALSE),"") | BW20: =IFERROR(VLOOKUP($AX20,Zusammenlagerung!$A$3:$AA$28,26,FALSE),"") | BX20: =IFERROR(VLOOKUP($AX20,Zusammenlagerung!$A$3:$AA$28,27,FALSE),"") | BY20: =IF(CB20<>"",(IF(COUNTIFS(CB20,"*H220*")>0,"Liter",(IF(COUNTIFS(CB20,"*H221*")>0,"Liter",IF(COUNTIFS(CB20,"*H270*")>0,"Liter",IF(COUNTIFS(CB20,"*H280*")>0,"Liter",IF(COUNTIFS(CB20,"*H281*")>0,"Liter","kg"))))))),"") | CO20: 20 | CX20: {=INDEX(Einatmen!$A$21:$A$26,MATCH(CV20&CW20,Einatmen!$C$21:$C$26&Einatmen!$B$21:$B$26,0))} -> #N/A | CZ20: {=INDEX(Einatmen!$A$38:$A$49,MATCH(CV20&CY20,Einatmen!$C$38:$C$49&Einatmen!$B$38:$B$49,0))} -> #N/A | DA20: {=INDEX(Einatmen!$D$52:$D$159,MATCH(CU20&CX20&CZ20&CV20,Einatmen!$A$52:$A$159&Einatmen!$B$52:$B$159&Einatmen!$C$52:$C$159&Einatmen!$E$52:$E$159,0))} -> #N/A | DC20: =IF(ISNA(DA20),"",(IF(DB20="","",(HYPERLINK(CONCATENATE("Schutzleitfäden\",DB20,".pdf"),"1"))))) | DD20: =IFERROR(VLOOKUP(DB20,Schutzleitfäden!$A$3:$C$46,3,FALSE),"") | DH20: =IF(DG20=Haut!$A$12,Haut!$B$12,(IF(DG20=Haut!$A$13,Haut!$B$13,""))) | DJ20: =IF(DI20=Haut!$A$18,Haut!$C$18,(IF(DI20=Haut!$A$19,Haut!$C$19,""))) | DK20: {=INDEX(Haut!$D$22:$D$45,MATCH(DF20&DH20&DJ20,Haut!$A$22:$A$45&Haut!$B$22:$B$45&Haut!$C$22:$C$45,0))} -> #N/A | DL20: =IF(ISNA(DK20),"",(IF(DK20=Haut!$D$49,Haut!$E$49,(IF(DK20=Haut!$D$50,Haut!$E$50,(IF(DK20=Haut!$D$51,Haut!$E$51,(IF(DK20=Haut!$D$52,Haut!$E$52,(IF(DK20=Haut!$D$53,Haut!$E$53,""))))))))))) | DM20: =IF(ISNA(DK20),"",(HYPERLINK(CONCATENATE("Schutzleitfäden\",DL20,".pdf"),"1"))) | DN20: =IFERROR(VLOOKUP(DL20,Schutzleitfäden!$A$3:$C$46,3,FALSE),"") | DQ20: =CV20 -> 0 | DR20: =CW20 -> 0 | DS20: {=INDEX(Brand_EX!$A$15:$A$20,MATCH(DQ20&DR20,Brand_EX!$C$15:$C$20&Brand_EX!$B$15:$B$20,0))} -> #N/A | DT20: =CY20 -> 0 | DU20: {=INDEX(Brand_EX!$A$31:$A$41,MATCH(DQ20&DT20,Brand_EX!$C$31:$C$41&Brand_EX!$B$31:$B$41,0))} -> #N/A | DV20: {=INDEX(Brand_EX!$D$44:$D$133,MATCH(DP20&DS20&DU20&DQ20,Brand_EX!$A$44:$A$133&Brand_EX!$B$44:$B$133&Brand_EX!$C$44:$C$133&Brand_EX!$E$44:$E$133,0))} -> #N/A | DX20: =IF(ISNA(DV20),"",(IF(DW20="","",(HYPERLINK(CONCATENATE("Schutzleitfäden\",DW20,".pdf"),"1"))))) | DY20: =IFERROR(VLOOKUP(DW20,Schutzleitfäden!$A$3:$C$46,3,FALSE),"") | EA20: Die Möglichkeit zur Substitution des Produktes ist zu prüfen. | EJ20: =IF(EM20="Kat. 1A","ja",IF(EM20="Kat. 1B","ja",IF(ER20="Kat. 1A","ja",IF(ER20="Kat. 1B","ja",IF(EW20="Kat. 1A","ja",IF(EW20="Kat. 1B","ja","nein")))))) -> nein | EO20: =VLOOKUP(EN20,Daten!$M$2:$N$18,2,FALSE) -> #N/A | EP20: - | EQ20: 0 | ER20: - | ES20: keine | ET20: =VLOOKUP(ES20,Daten!$M$2:$N$18,2,FALSE) -> entfällt | EU20: - | EV20: 0 | EW20: - | EX20: keine | EY20: =VLOOKUP(EX20,Daten!$M$2:$N$18,2,FALSE) -> entfällt | FB20: =IF(ISERROR(VLOOKUP(FA20,Entsorgung,2,FALSE)),"",VLOOKUP(FA20,Entsorgung,2,FALSE)) | FD20: =IF(ISERROR(VLOOKUP(FC20,Entsorgung,2,FALSE)),"",VLOOKUP(FC20,Entsorgung,2,FALSE)) | FF20: =IF(ISERROR(VLOOKUP(FE20,Entsorgung,2,FALSE)),"",VLOOKUP(FE20,Entsorgung,2,FALSE)) | FH20: Chemikalien-Schutzhandschuhe | FI20: EN 374 | FN20: Dichtschließende Schutzbrille mit Seitenschutz | FO20: EN 166 | FP20: (nicht definiert) | FS20: (nicht definiert) | FX20: =IF(ISERROR(VLOOKUP(FW20,Gefahrgut,2,FALSE)),"",VLOOKUP(FW20,Gefahrgut,2,FALSE)) | FY20: =IF(ISERROR(VLOOKUP(FW20,Gefahrgut,3,FALSE)),"",VLOOKUP(FW20,Gefahrgut,3,FALSE)) | FZ20: =IF(ISERROR(VLOOKUP(FW20,Gefahrgut,4,FALSE)),"",VLOOKUP(FW20,Gefahrgut,4,FALSE))
A21: 014 | E21: =HYPERLINK(CONCATENATE("SDB\SDB_",A21,".pdf"),"2") -> 2 | G21: =IF(AJ21<>"",HYPERLINK(CONCATENATE("BAG\",AJ21,".pdf"),"2"),HYPERLINK(CONCATENATE("BAG\BAG_",A21,".pdf"),"2")) -> 2 | H21: =IF(ISERROR(FIND("GHS 01",$CA21)),"","●") | I21: =IF(ISERROR(FIND("GHS 02",$CA21)),"","●") | J21: =IF(ISERROR(FIND("GHS 03",$CA21)),"","●") | K21: =IF(ISERROR(FIND("GHS 04",$CA21)),"","●") | L21: =IF(ISERROR(FIND("GHS 05",$CA21)),"","●") | M21: =IF(ISERROR(FIND("GHS 06",$CA21)),"","●") | N21: =IF(ISERROR(FIND("GHS 07",$CA21)),"","●") | O21: =IF(ISERROR(FIND("GHS 08",$CA21)),"","●") | P21: =IF(ISERROR(FIND("GHS 09",$CA21)),"","●") | Q21: =IF(ISERROR(FIND("Achtung",$CA21)),"","A") | R21: =IF(ISERROR(FIND("Gefahr",$CA21)),"","G") | V21: =HYPERLINK(CONCATENATE("Bilder\",A21,".jpg"),"y") -> y | AN21: =HYPERLINK(CONCATENATE("TDB\TDB_",A21,".pdf"),"2") -> 2 | AU21: =IF(AS21="","",(IF(AS21="ml",(AR21/1000)*AT21,IF(AS21="Liter",AR21*AT21,IF(AS21="g",(AR21/1000)*AT21,IF(AS21="kg",AR21*AT21)))))) | AV21: =IF(AS21="","",(IF(AS21="ml","Liter",IF(AS21="Liter","Liter",IF(AS21="g","kg",IF(AS21="kg","kg")))))) | AY21: =IFERROR(VLOOKUP($AX21,Zusammenlagerung!$A$3:$AA$28,2,FALSE),"") | AZ21: =IFERROR(VLOOKUP($AX21,Zusammenlagerung!$A$3:$AA$28,3,FALSE),"") | BA21: =IFERROR(VLOOKUP($AX21,Zusammenlagerung!$A$3:$AA$28,4,FALSE),"") | BB21: =IFERROR(VLOOKUP($AX21,Zusammenlagerung!$A$3:$AA$28,5,FALSE),"") | BC21: =IFERROR(VLOOKUP($AX21,Zusammenlagerung!$A$3:$AA$28,6,FALSE),"") | BD21: =IFERROR(VLOOKUP($AX21,Zusammenlagerung!$A$3:$AA$28,7,FALSE),"") | BE21: =IFERROR(VLOOKUP($AX21,Zusammenlagerung!$A$3:$AA$28,8,FALSE),"") | BF21: =IFERROR(VLOOKUP($AX21,Zusammenlagerung!$A$3:$AA$28,9,FALSE),"") | BG21: =IFERROR(VLOOKUP($AX21,Zusammenlagerung!$A$3:$AA$28,10,FALSE),"") | BH21: =IFERROR(VLOOKUP($AX21,Zusammenlagerung!$A$3:$AA$28,11,FALSE),"") | BI21: =IFERROR(VLOOKUP($AX21,Zusammenlagerung!$A$3:$AA$28,12,FALSE),"") | BJ21: =IFERROR(VLOOKUP($AX21,Zusammenlagerung!$A$3:$AA$28,13,FALSE),"") | BK21: =IFERROR(VLOOKUP($AX21,Zusammenlagerung!$A$3:$AA$28,14,FALSE),"") | BL21: =IFERROR(VLOOKUP($AX21,Zusammenlagerung!$A$3:$AA$28,15,FALSE),"") | BM21: =IFERROR(VLOOKUP($AX21,Zusammenlagerung!$A$3:$AA$28,16,FALSE),"") | BN21: =IFERROR(VLOOKUP($AX21,Zusammenlagerung!$A$3:$AA$28,17,FALSE),"") | BO21: =IFERROR(VLOOKUP($AX21,Zusammenlagerung!$A$3:$AA$28,18,FALSE),"") | BP21: =IFERROR(VLOOKUP($AX21,Zusammenlagerung!$A$3:$AA$28,19,FALSE),"") | BQ21: =IFERROR(VLOOKUP($AX21,Zusammenlagerung!$A$3:$AA$28,20,FALSE),"") | BR21: =IFERROR(VLOOKUP($AX21,Zusammenlagerung!$A$3:$AA$28,21,FALSE),"") | BT21: =IFERROR(VLOOKUP($AX21,Zusammenlagerung!$A$3:$AA$28,23,FALSE),"") | BU21: =IFERROR(VLOOKUP($AX21,Zusammenlagerung!$A$3:$AA$28,24,FALSE),"") | BV21: =IFERROR(VLOOKUP($AX21,Zusammenlagerung!$A$3:$AA$28,25,FALSE),"") | BW21: =IFERROR(VLOOKUP($AX21,Zusammenlagerung!$A$3:$AA$28,26,FALSE),"") | BX21: =IFERROR(VLOOKUP($AX21,Zusammenlagerung!$A$3:$AA$28,27,FALSE),"") | BY21: =IF(CB21<>"",(IF(COUNTIFS(CB21,"*H220*")>0,"Liter",(IF(COUNTIFS(CB21,"*H221*")>0,"Liter",IF(COUNTIFS(CB21,"*H270*")>0,"Liter",IF(COUNTIFS(CB21,"*H280*")>0,"Liter",IF(COUNTIFS(CB21,"*H281*")>0,"Liter","kg"))))))),"") | CO21: 20 | CX21: {=INDEX(Einatmen!$A$21:$A$26,MATCH(CV21&CW21,Einatmen!$C$21:$C$26&Einatmen!$B$21:$B$26,0))} -> #N/A | CZ21: {=INDEX(Einatmen!$A$38:$A$49,MATCH(CV21&CY21,Einatmen!$C$38:$C$49&Einatmen!$B$38:$B$49,0))} -> #N/A | DA21: {=INDEX(Einatmen!$D$52:$D$159,MATCH(CU21&CX21&CZ21&CV21,Einatmen!$A$52:$A$159&Einatmen!$B$52:$B$159&Einatmen!$C$52:$C$159&Einatmen!$E$52:$E$159,0))} -> #N/A | DC21: =IF(ISNA(DA21),"",(IF(DB21="","",(HYPERLINK(CONCATENATE("Schutzleitfäden\",DB21,".pdf"),"1"))))) | DD21: =IFERROR(VLOOKUP(DB21,Schutzleitfäden!$A$3:$C$46,3,FALSE),"") | DH21: =IF(DG21=Haut!$A$12,Haut!$B$12,(IF(DG21=Haut!$A$13,Haut!$B$13,""))) | DJ21: =IF(DI21=Haut!$A$18,Haut!$C$18,(IF(DI21=Haut!$A$19,Haut!$C$19,""))) | DK21: {=INDEX(Haut!$D$22:$D$45,MATCH(DF21&DH21&DJ21,Haut!$A$22:$A$45&Haut!$B$22:$B$45&Haut!$C$22:$C$45,0))} -> #N/A | DL21: =IF(ISNA(DK21),"",(IF(DK21=Haut!$D$49,Haut!$E$49,(IF(DK21=Haut!$D$50,Haut!$E$50,(IF(DK21=Haut!$D$51,Haut!$E$51,(IF(DK21=Haut!$D$52,Haut!$E$52,(IF(DK21=Haut!$D$53,Haut!$E$53,""))))))))))) | DM21: =IF(ISNA(DK21),"",(HYPERLINK(CONCATENATE("Schutzleitfäden\",DL21,".pdf"),"1"))) | DN21: =IFERROR(VLOOKUP(DL21,Schutzleitfäden!$A$3:$C$46,3,FALSE),"") | DQ21: =CV21 -> 0 | DR21: =CW21 -> 0 | DS21: {=INDEX(Brand_EX!$A$15:$A$20,MATCH(DQ21&DR21,Brand_EX!$C$15:$C$20&Brand_EX!$B$15:$B$20,0))} -> #N/A | DT21: =CY21 -> 0 | DU21: {=INDEX(Brand_EX!$A$31:$A$41,MATCH(DQ21&DT21,Brand_EX!$C$31:$C$41&Brand_EX!$B$31:$B$41,0))} -> #N/A | DV21: {=INDEX(Brand_EX!$D$44:$D$133,MATCH(DP21&DS21&DU21&DQ21,Brand_EX!$A$44:$A$133&Brand_EX!$B$44:$B$133&Brand_EX!$C$44:$C$133&Brand_EX!$E$44:$E$133,0))} -> #N/A | DX21: =IF(ISNA(DV21),"",(IF(DW21="","",(HYPERLINK(CONCATENATE("Schutzleitfäden\",DW21,".pdf"),"1"))))) | DY21: =IFERROR(VLOOKUP(DW21,Schutzleitfäden!$A$3:$C$46,3,FALSE),"") | EJ21: =IF(EM21="Kat. 1A","ja",IF(EM21="Kat. 1B","ja",IF(ER21="Kat. 1A","ja",IF(ER21="Kat. 1B","ja",IF(EW21="Kat. 1A","ja",IF(EW21="Kat. 1B","ja","nein")))))) -> nein | EL21: 0 | EO21: =VLOOKUP(EN21,Daten!$M$2:$N$18,2,FALSE) -> #N/A | EP21: - | EQ21: 0 | ER21: - | ES21: keine | ET21: =VLOOKUP(ES21,Daten!$M$2:$N$18,2,FALSE) -> entfällt | EU21: - | EV21: 0 | EW21: - | EX21: keine | EY21: =VLOOKUP(EX21,Daten!$M$2:$N$18,2,FALSE) -> entfällt | FB21: =IF(ISERROR(VLOOKUP(FA21,Entsorgung,2,FALSE)),"",VLOOKUP(FA21,Entsorgung,2,FALSE)) | FD21: =IF(ISERROR(VLOOKUP(FC21,Entsorgung,2,FALSE)),"",VLOOKUP(FC21,Entsorgung,2,FALSE)) | FF21: =IF(ISERROR(VLOOKUP(FE21,Entsorgung,2,FALSE)),"",VLOOKUP(FE21,Entsorgung,2,FALSE)) | FX21: =IF(ISERROR(VLOOKUP(FW21,Gefahrgut,2,FALSE)),"",VLOOKUP(FW21,Gefahrgut,2,FALSE)) | FY21: =IF(ISERROR(VLOOKUP(FW21,Gefahrgut,3,FALSE)),"",VLOOKUP(FW21,Gefahrgut,3,FALSE)) | FZ21: =IF(ISERROR(VLOOKUP(FW21,Gefahrgut,4,FALSE)),"",VLOOKUP(FW21,Gefahrgut,4,FALSE))
A22: 015 | E22: =HYPERLINK(CONCATENATE("SDB\SDB_",A22,".pdf"),"2") -> 2 | G22: =IF(AJ22<>"",HYPERLINK(CONCATENATE("BAG\",AJ22,".pdf"),"2"),HYPERLINK(CONCATENATE("BAG\BAG_",A22,".pdf"),"2")) -> 2 | H22: =IF(ISERROR(FIND("GHS 01",$CA22)),"","●") | I22: =IF(ISERROR(FIND("GHS 02",$CA22)),"","●") | J22: =IF(ISERROR(FIND("GHS 03",$CA22)),"","●") | K22: =IF(ISERROR(FIND("GHS 04",$CA22)),"","●") | L22: =IF(ISERROR(FIND("GHS 05",$CA22)),"","●") | M22: =IF(ISERROR(FIND("GHS 06",$CA22)),"","●") | N22: =IF(ISERROR(FIND("GHS 07",$CA22)),"","●") | O22: =IF(ISERROR(FIND("GHS 08",$CA22)),"","●") | P22: =IF(ISERROR(FIND("GHS 09",$CA22)),"","●") | Q22: =IF(ISERROR(FIND("Achtung",$CA22)),"","A") | R22: =IF(ISERROR(FIND("Gefahr",$CA22)),"","G") | V22: =HYPERLINK(CONCATENATE("Bilder\",A22,".jpg"),"y") -> y | AN22: =HYPERLINK(CONCATENATE("TDB\TDB_",A22,".pdf"),"2") -> 2 | AU22: =IF(AS22="","",(IF(AS22="ml",(AR22/1000)*AT22,IF(AS22="Liter",AR22*AT22,IF(AS22="g",(AR22/1000)*AT22,IF(AS22="kg",AR22*AT22)))))) | AV22: =IF(AS22="","",(IF(AS22="ml","Liter",IF(AS22="Liter","Liter",IF(AS22="g","kg",IF(AS22="kg","kg")))))) | AY22: =IFERROR(VLOOKUP($AX22,Zusammenlagerung!$A$3:$AA$28,2,FALSE),"") | AZ22: =IFERROR(VLOOKUP($AX22,Zusammenlagerung!$A$3:$AA$28,3,FALSE),"") | BA22: =IFERROR(VLOOKUP($AX22,Zusammenlagerung!$A$3:$AA$28,4,FALSE),"") | BB22: =IFERROR(VLOOKUP($AX22,Zusammenlagerung!$A$3:$AA$28,5,FALSE),"") | BC22: =IFERROR(VLOOKUP($AX22,Zusammenlagerung!$A$3:$AA$28,6,FALSE),"") | BD22: =IFERROR(VLOOKUP($AX22,Zusammenlagerung!$A$3:$AA$28,7,FALSE),"") | BE22: =IFERROR(VLOOKUP($AX22,Zusammenlagerung!$A$3:$AA$28,8,FALSE),"") | BF22: =IFERROR(VLOOKUP($AX22,Zusammenlagerung!$A$3:$AA$28,9,FALSE),"") | BG22: =IFERROR(VLOOKUP($AX22,Zusammenlagerung!$A$3:$AA$28,10,FALSE),"") | BH22: =IFERROR(VLOOKUP($AX22,Zusammenlagerung!$A$3:$AA$28,11,FALSE),"") | BI22: =IFERROR(VLOOKUP($AX22,Zusammenlagerung!$A$3:$AA$28,12,FALSE),"") | BJ22: =IFERROR(VLOOKUP($AX22,Zusammenlagerung!$A$3:$AA$28,13,FALSE),"") | BK22: =IFERROR(VLOOKUP($AX22,Zusammenlagerung!$A$3:$AA$28,14,FALSE),"") | BL22: =IFERROR(VLOOKUP($AX22,Zusammenlagerung!$A$3:$AA$28,15,FALSE),"") | BM22: =IFERROR(VLOOKUP($AX22,Zusammenlagerung!$A$3:$AA$28,16,FALSE),"") | BN22: =IFERROR(VLOOKUP($AX22,Zusammenlagerung!$A$3:$AA$28,17,FALSE),"") | BO22: =IFERROR(VLOOKUP($AX22,Zusammenlagerung!$A$3:$AA$28,18,FALSE),"") | BP22: =IFERROR(VLOOKUP($AX22,Zusammenlagerung!$A$3:$AA$28,19,FALSE),"") | BQ22: =IFERROR(VLOOKUP($AX22,Zusammenlagerung!$A$3:$AA$28,20,FALSE),"") | BR22: =IFERROR(VLOOKUP($AX22,Zusammenlagerung!$A$3:$AA$28,21,FALSE),"") | BT22: =IFERROR(VLOOKUP($AX22,Zusammenlagerung!$A$3:$AA$28,23,FALSE),"") | BU22: =IFERROR(VLOOKUP($AX22,Zusammenlagerung!$A$3:$AA$28,24,FALSE),"") | BV22: =IFERROR(VLOOKUP($AX22,Zusammenlagerung!$A$3:$AA$28,25,FALSE),"") | BW22: =IFERROR(VLOOKUP($AX22,Zusammenlagerung!$A$3:$AA$28,26,FALSE),"") | BX22: =IFERROR(VLOOKUP($AX22,Zusammenlagerung!$A$3:$AA$28,27,FALSE),"") | BY22: =IF(CB22<>"",(IF(COUNTIFS(CB22,"*H220*")>0,"Liter",(IF(COUNTIFS(CB22,"*H221*")>0,"Liter",IF(COUNTIFS(CB22,"*H270*")>0,"Liter",IF(COUNTIFS(CB22,"*H280*")>0,"Liter",IF(COUNTIFS(CB22,"*H281*")>0,"Liter","kg"))))))),"") | CO22: 20 | CX22: {=INDEX(Einatmen!$A$21:$A$26,MATCH(CV22&CW22,Einatmen!$C$21:$C$26&Einatmen!$B$21:$B$26,0))} -> #N/A | CZ22: {=INDEX(Einatmen!$A$38:$A$49,MATCH(CV22&CY22,Einatmen!$C$38:$C$49&Einatmen!$B$38:$B$49,0))} -> #N/A | DA22: {=INDEX(Einatmen!$D$52:$D$159,MATCH(CU22&CX22&CZ22&CV22,Einatmen!$A$52:$A$159&Einatmen!$B$52:$B$159&Einatmen!$C$52:$C$159&Einatmen!$E$52:$E$159,0))} -> #N/A | DC22: =IF(ISNA(DA22),"",(IF(DB22="","",(HYPERLINK(CONCATENATE("Schutzleitfäden\",DB22,".pdf"),"1"))))) | DD22: =IFERROR(VLOOKUP(DB22,Schutzleitfäden!$A$3:$C$46,3,FALSE),"") | DH22: =IF(DG22=Haut!$A$12,Haut!$B$12,(IF(DG22=Haut!$A$13,Haut!$B$13,""))) | DJ22: =IF(DI22=Haut!$A$18,Haut!$C$18,(IF(DI22=Haut!$A$19,Haut!$C$19,""))) | DK22: {=INDEX(Haut!$D$22:$D$45,MATCH(DF22&DH22&DJ22,Haut!$A$22:$A$45&Haut!$B$22:$B$45&Haut!$C$22:$C$45,0))} -> #N/A | DL22: =IF(ISNA(DK22),"",(IF(DK22=Haut!$D$49,Haut!$E$49,(IF(DK22=Haut!$D$50,Haut!$E$50,(IF(DK22=Haut!$D$51,Haut!$E$51,(IF(DK22=Haut!$D$52,Haut!$E$52,(IF(DK22=Haut!$D$53,Haut!$E$53,""))))))))))) | DM22: =IF(ISNA(DK22),"",(HYPERLINK(CONCATENATE("Schutzleitfäden\",DL22,".pdf"),"1"))) | DN22: =IFERROR(VLOOKUP(DL22,Schutzleitfäden!$A$3:$C$46,3,FALSE),"") | DQ22: =CV22 -> 0 | DR22: =CW22 -> 0 | DS22: {=INDEX(Brand_EX!$A$15:$A$20,MATCH(DQ22&DR22,Brand_EX!$C$15:$C$20&Brand_EX!$B$15:$B$20,0))} -> #N/A | DT22: =CY22 -> 0 | DU22: {=INDEX(Brand_EX!$A$31:$A$41,MATCH(DQ22&DT22,Brand_EX!$C$31:$C$41&Brand_EX!$B$31:$B$41,0))} -> #N/A | DV22: {=INDEX(Brand_EX!$D$44:$D$133,MATCH(DP22&DS22&DU22&DQ22,Brand_EX!$A$44:$A$133&Brand_EX!$B$44:$B$133&Brand_EX!$C$44:$C$133&Brand_EX!$E$44:$E$133,0))} -> #N/A | DX22: =IF(ISNA(DV22),"",(IF(DW22="","",(HYPERLINK(CONCATENATE("Schutzleitfäden\",DW22,".pdf"),"1"))))) | DY22: =IFERROR(VLOOKUP(DW22,Schutzleitfäden!$A$3:$C$46,3,FALSE),"") | EJ22: =IF(EM22="Kat. 1A","ja",IF(EM22="Kat. 1B","ja",IF(ER22="Kat. 1A","ja",IF(ER22="Kat. 1B","ja",IF(EW22="Kat. 1A","ja",IF(EW22="Kat. 1B","ja","nein")))))) -> nein | EL22: 0 | EO22: =VLOOKUP(EN22,Daten!$M$2:$N$18,2,FALSE) -> #N/A | EP22: - | EQ22: 0 | ER22: - | ES22: keine | ET22: =VLOOKUP(ES22,Daten!$M$2:$N$18,2,FALSE) -> entfällt | EU22: - | EV22: 0 | EW22: - | EX22: keine | EY22: =VLOOKUP(EX22,Daten!$M$2:$N$18,2,FALSE) -> entfällt | FB22: =IF(ISERROR(VLOOKUP(FA22,Entsorgung,2,FALSE)),"",VLOOKUP(FA22,Entsorgung,2,FALSE)) | FD22: =IF(ISERROR(VLOOKUP(FC22,Entsorgung,2,FALSE)),"",VLOOKUP(FC22,Entsorgung,2,FALSE)) | FF22: =IF(ISERROR(VLOOKUP(FE22,Entsorgung,2,FALSE)),"",VLOOKUP(FE22,Entsorgung,2,FALSE)) | FX22: =IF(ISERROR(VLOOKUP(FW22,Gefahrgut,2,FALSE)),"",VLOOKUP(FW22,Gefahrgut,2,FALSE)) | FY22: =IF(ISERROR(VLOOKUP(FW22,Gefahrgut,3,FALSE)),"",VLOOKUP(FW22,Gefahrgut,3,FALSE)) | FZ22: =IF(ISERROR(VLOOKUP(FW22,Gefahrgut,4,FALSE)),"",VLOOKUP(FW22,Gefahrgut,4,FALSE))
A23: 016 | E23: =HYPERLINK(CONCATENATE("SDB\SDB_",A23,".pdf"),"2") -> 2 | G23: =IF(AJ23<>"",HYPERLINK(CONCATENATE("BAG\",AJ23,".pdf"),"2"),HYPERLINK(CONCATENATE("BAG\BAG_",A23,".pdf"),"2")) -> 2 | H23: =IF(ISERROR(FIND("GHS 01",$CA23)),"","●") | I23: =IF(ISERROR(FIND("GHS 02",$CA23)),"","●") | J23: =IF(ISERROR(FIND("GHS 03",$CA23)),"","●") | K23: =IF(ISERROR(FIND("GHS 04",$CA23)),"","●") | L23: =IF(ISERROR(FIND("GHS 05",$CA23)),"","●") | M23: =IF(ISERROR(FIND("GHS 06",$CA23)),"","●") | N23: =IF(ISERROR(FIND("GHS 07",$CA23)),"","●") | O23: =IF(ISERROR(FIND("GHS 08",$CA23)),"","●") | P23: =IF(ISERROR(FIND("GHS 09",$CA23)),"","●") | Q23: =IF(ISERROR(FIND("Achtung",$CA23)),"","A") | R23: =IF(ISERROR(FIND("Gefahr",$CA23)),"","G") | V23: =HYPERLINK(CONCATENATE("Bilder\",A23,".jpg"),"y") -> y | AN23: =HYPERLINK(CONCATENATE("TDB\TDB_",A23,".pdf"),"2") -> 2 | AU23: =IF(AS23="","",(IF(AS23="ml",(AR23/1000)*AT23,IF(AS23="Liter",AR23*AT23,IF(AS23="g",(AR23/1000)*AT23,IF(AS23="kg",AR23*AT23)))))) | AV23: =IF(AS23="","",(IF(AS23="ml","Liter",IF(AS23="Liter","Liter",IF(AS23="g","kg",IF(AS23="kg","kg")))))) | AY23: =IFERROR(VLOOKUP($AX23,Zusammenlagerung!$A$3:$AA$28,2,FALSE),"") | AZ23: =IFERROR(VLOOKUP($AX23,Zusammenlagerung!$A$3:$AA$28,3,FALSE),"") | BA23: =IFERROR(VLOOKUP($AX23,Zusammenlagerung!$A$3:$AA$28,4,FALSE),"") | BB23: =IFERROR(VLOOKUP($AX23,Zusammenlagerung!$A$3:$AA$28,5,FALSE),"") | BC23: =IFERROR(VLOOKUP($AX23,Zusammenlagerung!$A$3:$AA$28,6,FALSE),"") | BD23: =IFERROR(VLOOKUP($AX23,Zusammenlagerung!$A$3:$AA$28,7,FALSE),"") | BE23: =IFERROR(VLOOKUP($AX23,Zusammenlagerung!$A$3:$AA$28,8,FALSE),"") | BF23: =IFERROR(VLOOKUP($AX23,Zusammenlagerung!$A$3:$AA$28,9,FALSE),"") | BG23: =IFERROR(VLOOKUP($AX23,Zusammenlagerung!$A$3:$AA$28,10,FALSE),"") | BH23: =IFERROR(VLOOKUP($AX23,Zusammenlagerung!$A$3:$AA$28,11,FALSE),"") | BI23: =IFERROR(VLOOKUP($AX23,Zusammenlagerung!$A$3:$AA$28,12,FALSE),"") | BJ23: =IFERROR(VLOOKUP($AX23,Zusammenlagerung!$A$3:$AA$28,13,FALSE),"") | BK23: =IFERROR(VLOOKUP($AX23,Zusammenlagerung!$A$3:$AA$28,14,FALSE),"") | BL23: =IFERROR(VLOOKUP($AX23,Zusammenlagerung!$A$3:$AA$28,15,FALSE),"") | BM23: =IFERROR(VLOOKUP($AX23,Zusammenlagerung!$A$3:$AA$28,16,FALSE),"") | BN23: =IFERROR(VLOOKUP($AX23,Zusammenlagerung!$A$3:$AA$28,17,FALSE),"") | BO23: =IFERROR(VLOOKUP($AX23,Zusammenlagerung!$A$3:$AA$28,18,FALSE),"") | BP23: =IFERROR(VLOOKUP($AX23,Zusammenlagerung!$A$3:$AA$28,19,FALSE),"") | BQ23: =IFERROR(VLOOKUP($AX23,Zusammenlagerung!$A$3:$AA$28,20,FALSE),"") | BR23: =IFERROR(VLOOKUP($AX23,Zusammenlagerung!$A$3:$AA$28,21,FALSE),"") | BT23: =IFERROR(VLOOKUP($AX23,Zusammenlagerung!$A$3:$AA$28,23,FALSE),"") | BU23: =IFERROR(VLOOKUP($AX23,Zusammenlagerung!$A$3:$AA$28,24,FALSE),"") | BV23: =IFERROR(VLOOKUP($AX23,Zusammenlagerung!$A$3:$AA$28,25,FALSE),"") | BW23: =IFERROR(VLOOKUP($AX23,Zusammenlagerung!$A$3:$AA$28,26,FALSE),"") | BX23: =IFERROR(VLOOKUP($AX23,Zusammenlagerung!$A$3:$AA$28,27,FALSE),"") | BY23: =IF(CB23<>"",(IF(COUNTIFS(CB23,"*H220*")>0,"Liter",(IF(COUNTIFS(CB23,"*H221*")>0,"Liter",IF(COUNTIFS(CB23,"*H270*")>0,"Liter",IF(COUNTIFS(CB23,"*H280*")>0,"Liter",IF(COUNTIFS(CB23,"*H281*")>0,"Liter","kg"))))))),"") | CO23: 20 | CX23: {=INDEX(Einatmen!$A$21:$A$26,MATCH(CV23&CW23,Einatmen!$C$21:$C$26&Einatmen!$B$21:$B$26,0))} -> #N/A | CZ23: {=INDEX(Einatmen!$A$38:$A$49,MATCH(CV23&CY23,Einatmen!$C$38:$C$49&Einatmen!$B$38:$B$49,0))} -> #N/A | DA23: {=INDEX(Einatmen!$D$52:$D$159,MATCH(CU23&CX23&CZ23&CV23,Einatmen!$A$52:$A$159&Einatmen!$B$52:$B$159&Einatmen!$C$52:$C$159&Einatmen!$E$52:$E$159,0))} -> #N/A | DC23: =IF(ISNA(DA23),"",(IF(DB23="","",(HYPERLINK(CONCATENATE("Schutzleitfäden\",DB23,".pdf"),"1"))))) | DD23: =IFERROR(VLOOKUP(DB23,Schutzleitfäden!$A$3:$C$46,3,FALSE),"") | DH23: =IF(DG23=Haut!$A$12,Haut!$B$12,(IF(DG23=Haut!$A$13,Haut!$B$13,""))) | DJ23: =IF(DI23=Haut!$A$18,Haut!$C$18,(IF(DI23=Haut!$A$19,Haut!$C$19,""))) | DK23: {=INDEX(Haut!$D$22:$D$45,MATCH(DF23&DH23&DJ23,Haut!$A$22:$A$45&Haut!$B$22:$B$45&Haut!$C$22:$C$45,0))} -> #N/A | DL23: =IF(ISNA(DK23),"",(IF(DK23=Haut!$D$49,Haut!$E$49,(IF(DK23=Haut!$D$50,Haut!$E$50,(IF(DK23=Haut!$D$51,Haut!$E$51,(IF(DK23=Haut!$D$52,Haut!$E$52,(IF(DK23=Haut!$D$53,Haut!$E$53,""))))))))))) | DM23: =IF(ISNA(DK23),"",(HYPERLINK(CONCATENATE("Schutzleitfäden\",DL23,".pdf"),"1"))) | DN23: =IFERROR(VLOOKUP(DL23,Schutzleitfäden!$A$3:$C$46,3,FALSE),"") | DQ23: =CV23 -> 0 | DR23: =CW23 -> 0 | DS23: {=INDEX(Brand_EX!$A$15:$A$20,MATCH(DQ23&DR23,Brand_EX!$C$15:$C$20&Brand_EX!$B$15:$B$20,0))} -> #N/A | DT23: =CY23 -> 0 | DU23: {=INDEX(Brand_EX!$A$31:$A$41,MATCH(DQ23&DT23,Brand_EX!$C$31:$C$41&Brand_EX!$B$31:$B$41,0))} -> #N/A | DV23: {=INDEX(Brand_EX!$D$44:$D$133,MATCH(DP23&DS23&DU23&DQ23,Brand_EX!$A$44:$A$133&Brand_EX!$B$44:$B$133&Brand_EX!$C$44:$C$133&Brand_EX!$E$44:$E$133,0))} -> #N/A | DX23: =IF(ISNA(DV23),"",(IF(DW23="","",(HYPERLINK(CONCATENATE("Schutzleitfäden\",DW23,".pdf"),"1"))))) | DY23: =IFERROR(VLOOKUP(DW23,Schutzleitfäden!$A$3:$C$46,3,FALSE),"") | EJ23: =IF(EM23="Kat. 1A","ja",IF(EM23="Kat. 1B","ja",IF(ER23="Kat. 1A","ja",IF(ER23="Kat. 1B","ja",IF(EW23="Kat. 1A","ja",IF(EW23="Kat. 1B","ja","nein")))))) -> nein | EL23: 0 | EO23: =VLOOKUP(EN23,Daten!$M$2:$N$18,2,FALSE) -> #N/A | EP23: - | EQ23: 0 | ER23: - | ES23: keine | ET23: =VLOOKUP(ES23,Daten!$M$2:$N$18,2,FALSE) -> entfällt | EU23: - | EV23: 0 | EW23: - | EX23: keine | EY23: =VLOOKUP(EX23,Daten!$M$2:$N$18,2,FALSE) -> entfällt | FB23: =IF(ISERROR(VLOOKUP(FA23,Entsorgung,2,FALSE)),"",VLOOKUP(FA23,Entsorgung,2,FALSE)) | FD23: =IF(ISERROR(VLOOKUP(FC23,Entsorgung,2,FALSE)),"",VLOOKUP(FC23,Entsorgung,2,FALSE)) | FF23: =IF(ISERROR(VLOOKUP(FE23,Entsorgung,2,FALSE)),"",VLOOKUP(FE23,Entsorgung,2,FALSE)) | FX23: =IF(ISERROR(VLOOKUP(FW23,Gefahrgut,2,FALSE)),"",VLOOKUP(FW23,Gefahrgut,2,FALSE)) | FY23: =IF(ISERROR(VLOOKUP(FW23,Gefahrgut,3,FALSE)),"",VLOOKUP(FW23,Gefahrgut,3,FALSE)) | FZ23: =IF(ISERROR(VLOOKUP(FW23,Gefahrgut,4,FALSE)),"",VLOOKUP(FW23,Gefahrgut,4,FALSE))
A24: 017 | E24: =HYPERLINK(CONCATENATE("SDB\SDB_",A24,".pdf"),"2") -> 2 | G24: =IF(AJ24<>"",HYPERLINK(CONCATENATE("BAG\",AJ24,".pdf"),"2"),HYPERLINK(CONCATENATE("BAG\BAG_",A24,".pdf"),"2")) -> 2 | H24: =IF(ISERROR(FIND("GHS 01",$CA24)),"","●") | I24: =IF(ISERROR(FIND("GHS 02",$CA24)),"","●") | J24: =IF(ISERROR(FIND("GHS 03",$CA24)),"","●") | K24: =IF(ISERROR(FIND("GHS 04",$CA24)),"","●") | L24: =IF(ISERROR(FIND("GHS 05",$CA24)),"","●") | M24: =IF(ISERROR(FIND("GHS 06",$CA24)),"","●") | N24: =IF(ISERROR(FIND("GHS 07",$CA24)),"","●") | O24: =IF(ISERROR(FIND("GHS 08",$CA24)),"","●") | P24: =IF(ISERROR(FIND("GHS 09",$CA24)),"","●") | Q24: =IF(ISERROR(FIND("Achtung",$CA24)),"","A") | R24: =IF(ISERROR(FIND("Gefahr",$CA24)),"","G") | V24: =HYPERLINK(CONCATENATE("Bilder\",A24,".jpg"),"y") -> y | AN24: =HYPERLINK(CONCATENATE("TDB\TDB_",A24,".pdf"),"2") -> 2 | AU24: =IF(AS24="","",(IF(AS24="ml",(AR24/1000)*AT24,IF(AS24="Liter",AR24*AT24,IF(AS24="g",(AR24/1000)*AT24,IF(AS24="kg",AR24*AT24)))))) | AV24: =IF(AS24="","",(IF(AS24="ml","Liter",IF(AS24="Liter","Liter",IF(AS24="g","kg",IF(AS24="kg","kg")))))) | AY24: =IFERROR(VLOOKUP($AX24,Zusammenlagerung!$A$3:$AA$28,2,FALSE),"") | AZ24: =IFERROR(VLOOKUP($AX24,Zusammenlagerung!$A$3:$AA$28,3,FALSE),"") | BA24: =IFERROR(VLOOKUP($AX24,Zusammenlagerung!$A$3:$AA$28,4,FALSE),"") | BB24: =IFERROR(VLOOKUP($AX24,Zusammenlagerung!$A$3:$AA$28,5,FALSE),"") | BC24: =IFERROR(VLOOKUP($AX24,Zusammenlagerung!$A$3:$AA$28,6,FALSE),"") | BD24: =IFERROR(VLOOKUP($AX24,Zusammenlagerung!$A$3:$AA$28,7,FALSE),"") | BE24: =IFERROR(VLOOKUP($AX24,Zusammenlagerung!$A$3:$AA$28,8,FALSE),"") | BF24: =IFERROR(VLOOKUP($AX24,Zusammenlagerung!$A$3:$AA$28,9,FALSE),"") | BG24: =IFERROR(VLOOKUP($AX24,Zusammenlagerung!$A$3:$AA$28,10,FALSE),"") | BH24: =IFERROR(VLOOKUP($AX24,Zusammenlagerung!$A$3:$AA$28,11,FALSE),"") | BI24: =IFERROR(VLOOKUP($AX24,Zusammenlagerung!$A$3:$AA$28,12,FALSE),"") | BJ24: =IFERROR(VLOOKUP($AX24,Zusammenlagerung!$A$3:$AA$28,13,FALSE),"") | BK24: =IFERROR(VLOOKUP($AX24,Zusammenlagerung!$A$3:$AA$28,14,FALSE),"") | BL24: =IFERROR(VLOOKUP($AX24,Zusammenlagerung!$A$3:$AA$28,15,FALSE),"") | BM24: =IFERROR(VLOOKUP($AX24,Zusammenlagerung!$A$3:$AA$28,16,FALSE),"") | BN24: =IFERROR(VLOOKUP($AX24,Zusammenlagerung!$A$3:$AA$28,17,FALSE),"") | BO24: =IFERROR(VLOOKUP($AX24,Zusammenlagerung!$A$3:$AA$28,18,FALSE),"") | BP24: =IFERROR(VLOOKUP($AX24,Zusammenlagerung!$A$3:$AA$28,19,FALSE),"") | BQ24: =IFERROR(VLOOKUP($AX24,Zusammenlagerung!$A$3:$AA$28,20,FALSE),"") | BR24: =IFERROR(VLOOKUP($AX24,Zusammenlagerung!$A$3:$AA$28,21,FALSE),"") | BT24: =IFERROR(VLOOKUP($AX24,Zusammenlagerung!$A$3:$AA$28,23,FALSE),"") | BU24: =IFERROR(VLOOKUP($AX24,Zusammenlagerung!$A$3:$AA$28,24,FALSE),"") | BV24: =IFERROR(VLOOKUP($AX24,Zusammenlagerung!$A$3:$AA$28,25,FALSE),"") | BW24: =IFERROR(VLOOKUP($AX24,Zusammenlagerung!$A$3:$AA$28,26,FALSE),"") | BX24: =IFERROR(VLOOKUP($AX24,Zusammenlagerung!$A$3:$AA$28,27,FALSE),"") | BY24: =IF(CB24<>"",(IF(COUNTIFS(CB24,"*H220*")>0,"Liter",(IF(COUNTIFS(CB24,"*H221*")>0,"Liter",IF(COUNTIFS(CB24,"*H270*")>0,"Liter",IF(COUNTIFS(CB24,"*H280*")>0,"Liter",IF(COUNTIFS(CB24,"*H281*")>0,"Liter","kg"))))))),"") | CO24: 20 | CX24: {=INDEX(Einatmen!$A$21:$A$26,MATCH(CV24&CW24,Einatmen!$C$21:$C$26&Einatmen!$B$21:$B$26,0))} -> #N/A | CZ24: {=INDEX(Einatmen!$A$38:$A$49,MATCH(CV24&CY24,Einatmen!$C$38:$C$49&Einatmen!$B$38:$B$49,0))} -> #N/A | DA24: {=INDEX(Einatmen!$D$52:$D$159,MATCH(CU24&CX24&CZ24&CV24,Einatmen!$A$52:$A$159&Einatmen!$B$52:$B$159&Einatmen!$C$52:$C$159&Einatmen!$E$52:$E$159,0))} -> #N/A | DC24: =IF(ISNA(DA24),"",(IF(DB24="","",(HYPERLINK(CONCATENATE("Schutzleitfäden\",DB24,".pdf"),"1"))))) | DD24: =IFERROR(VLOOKUP(DB24,Schutzleitfäden!$A$3:$C$46,3,FALSE),"") | DH24: =IF(DG24=Haut!$A$12,Haut!$B$12,(IF(DG24=Haut!$A$13,Haut!$B$13,""))) | DJ24: =IF(DI24=Haut!$A$18,Haut!$C$18,(IF(DI24=Haut!$A$19,Haut!$C$19,""))) | DK24: {=INDEX(Haut!$D$22:$D$45,MATCH(DF24&DH24&DJ24,Haut!$A$22:$A$45&Haut!$B$22:$B$45&Haut!$C$22:$C$45,0))} -> #N/A | DL24: =IF(ISNA(DK24),"",(IF(DK24=Haut!$D$49,Haut!$E$49,(IF(DK24=Haut!$D$50,Haut!$E$50,(IF(DK24=Haut!$D$51,Haut!$E$51,(IF(DK24=Haut!$D$52,Haut!$E$52,(IF(DK24=Haut!$D$53,Haut!$E$53,""))))))))))) | DM24: =IF(ISNA(DK24),"",(HYPERLINK(CONCATENATE("Schutzleitfäden\",DL24,".pdf"),"1"))) | DN24: =IFERROR(VLOOKUP(DL24,Schutzleitfäden!$A$3:$C$46,3,FALSE),"") | DQ24: =CV24 -> 0 | DR24: =CW24 -> 0 | DS24: {=INDEX(Brand_EX!$A$15:$A$20,MATCH(DQ24&DR24,Brand_EX!$C$15:$C$20&Brand_EX!$B$15:$B$20,0))} -> #N/A | DT24: =CY24 -> 0 | DU24: {=INDEX(Brand_EX!$A$31:$A$41,MATCH(DQ24&DT24,Brand_EX!$C$31:$C$41&Brand_EX!$B$31:$B$41,0))} -> #N/A | DV24: {=INDEX(Brand_EX!$D$44:$D$133,MATCH(DP24&DS24&DU24&DQ24,Brand_EX!$A$44:$A$133&Brand_EX!$B$44:$B$133&Brand_EX!$C$44:$C$133&Brand_EX!$E$44:$E$133,0))} -> #N/A | DX24: =IF(ISNA(DV24),"",(IF(DW24="","",(HYPERLINK(CONCATENATE("Schutzleitfäden\",DW24,".pdf"),"1"))))) | DY24: =IFERROR(VLOOKUP(DW24,Schutzleitfäden!$A$3:$C$46,3,FALSE),"") | EJ24: =IF(EM24="Kat. 1A","ja",IF(EM24="Kat. 1B","ja",IF(ER24="Kat. 1A","ja",IF(ER24="Kat. 1B","ja",IF(EW24="Kat. 1A","ja",IF(EW24="Kat. 1B","ja","nein")))))) -> nein | EL24: 0 | EO24: =VLOOKUP(EN24,Daten!$M$2:$N$18,2,FALSE) -> #N/A | EP24: - | EQ24: 0 | ER24: - | ES24: keine | ET24: =VLOOKUP(ES24,Daten!$M$2:$N$18,2,FALSE) -> entfällt | EU24: - | EV24: 0 | EW24: - | EX24: keine | EY24: =VLOOKUP(EX24,Daten!$M$2:$N$18,2,FALSE) -> entfällt | FB24: =IF(ISERROR(VLOOKUP(FA24,Entsorgung,2,FALSE)),"",VLOOKUP(FA24,Entsorgung,2,FALSE)) | FD24: =IF(ISERROR(VLOOKUP(FC24,Entsorgung,2,FALSE)),"",VLOOKUP(FC24,Entsorgung,2,FALSE)) | FF24: =IF(ISERROR(VLOOKUP(FE24,Entsorgung,2,FALSE)),"",VLOOKUP(FE24,Entsorgung,2,FALSE)) | FX24: =IF(ISERROR(VLOOKUP(FW24,Gefahrgut,2,FALSE)),"",VLOOKUP(FW24,Gefahrgut,2,FALSE)) | FY24: =IF(ISERROR(VLOOKUP(FW24,Gefahrgut,3,FALSE)),"",VLOOKUP(FW24,Gefahrgut,3,FALSE)) | FZ24: =IF(ISERROR(VLOOKUP(FW24,Gefahrgut,4,FALSE)),"",VLOOKUP(FW24,Gefahrgut,4,FALSE))
A25: 018 | E25: =HYPERLINK(CONCATENATE("SDB\SDB_",A25,".pdf"),"2") -> 2 | G25: =IF(AJ25<>"",HYPERLINK(CONCATENATE("BAG\",AJ25,".pdf"),"2"),HYPERLINK(CONCATENATE("BAG\BAG_",A25,".pdf"),"2")) -> 2 | H25: =IF(ISERROR(FIND("GHS 01",$CA25)),"","●") | I25: =IF(ISERROR(FIND("GHS 02",$CA25)),"","●") | J25: =IF(ISERROR(FIND("GHS 03",$CA25)),"","●") | K25: =IF(ISERROR(FIND("GHS 04",$CA25)),"","●") | L25: =IF(ISERROR(FIND("GHS 05",$CA25)),"","●") | M25: =IF(ISERROR(FIND("GHS 06",$CA25)),"","●") | N25: =IF(ISERROR(FIND("GHS 07",$CA25)),"","●") | O25: =IF(ISERROR(FIND("GHS 08",$CA25)),"","●") | P25: =IF(ISERROR(FIND("GHS 09",$CA25)),"","●") | Q25: =IF(ISERROR(FIND("Achtung",$CA25)),"","A") | R25: =IF(ISERROR(FIND("Gefahr",$CA25)),"","G") | V25: =HYPERLINK(CONCATENATE("Bilder\",A25,".jpg"),"y") -> y | AN25: =HYPERLINK(CONCATENATE("TDB\TDB_",A25,".pdf"),"2") -> 2 | AU25: =IF(AS25="","",(IF(AS25="ml",(AR25/1000)*AT25,IF(AS25="Liter",AR25*AT25,IF(AS25="g",(AR25/1000)*AT25,IF(AS25="kg",AR25*AT25)))))) | AV25: =IF(AS25="","",(IF(AS25="ml","Liter",IF(AS25="Liter","Liter",IF(AS25="g","kg",IF(AS25="kg","kg")))))) | AY25: =IFERROR(VLOOKUP($AX25,Zusammenlagerung!$A$3:$AA$28,2,FALSE),"") | AZ25: =IFERROR(VLOOKUP($AX25,Zusammenlagerung!$A$3:$AA$28,3,FALSE),"") | BA25: =IFERROR(VLOOKUP($AX25,Zusammenlagerung!$A$3:$AA$28,4,FALSE),"") | BB25: =IFERROR(VLOOKUP($AX25,Zusammenlagerung!$A$3:$AA$28,5,FALSE),"") | BC25: =IFERROR(VLOOKUP($AX25,Zusammenlagerung!$A$3:$AA$28,6,FALSE),"") | BD25: =IFERROR(VLOOKUP($AX25,Zusammenlagerung!$A$3:$AA$28,7,FALSE),"") | BE25: =IFERROR(VLOOKUP($AX25,Zusammenlagerung!$A$3:$AA$28,8,FALSE),"") | BF25: =IFERROR(VLOOKUP($AX25,Zusammenlagerung!$A$3:$AA$28,9,FALSE),"") | BG25: =IFERROR(VLOOKUP($AX25,Zusammenlagerung!$A$3:$AA$28,10,FALSE),"") | BH25: =IFERROR(VLOOKUP($AX25,Zusammenlagerung!$A$3:$AA$28,11,FALSE),"") | BI25: =IFERROR(VLOOKUP($AX25,Zusammenlagerung!$A$3:$AA$28,12,FALSE),"") | BJ25: =IFERROR(VLOOKUP($AX25,Zusammenlagerung!$A$3:$AA$28,13,FALSE),"") | BK25: =IFERROR(VLOOKUP($AX25,Zusammenlagerung!$A$3:$AA$28,14,FALSE),"") | BL25: =IFERROR(VLOOKUP($AX25,Zusammenlagerung!$A$3:$AA$28,15,FALSE),"") | BM25: =IFERROR(VLOOKUP($AX25,Zusammenlagerung!$A$3:$AA$28,16,FALSE),"") | BN25: =IFERROR(VLOOKUP($AX25,Zusammenlagerung!$A$3:$AA$28,17,FALSE),"") | BO25: =IFERROR(VLOOKUP($AX25,Zusammenlagerung!$A$3:$AA$28,18,FALSE),"") | BP25: =IFERROR(VLOOKUP($AX25,Zusammenlagerung!$A$3:$AA$28,19,FALSE),"") | BQ25: =IFERROR(VLOOKUP($AX25,Zusammenlagerung!$A$3:$AA$28,20,FALSE),"") | BR25: =IFERROR(VLOOKUP($AX25,Zusammenlagerung!$A$3:$AA$28,21,FALSE),"") | BT25: =IFERROR(VLOOKUP($AX25,Zusammenlagerung!$A$3:$AA$28,23,FALSE),"") | BU25: =IFERROR(VLOOKUP($AX25,Zusammenlagerung!$A$3:$AA$28,24,FALSE),"") | BV25: =IFERROR(VLOOKUP($AX25,Zusammenlagerung!$A$3:$AA$28,25,FALSE),"") | BW25: =IFERROR(VLOOKUP($AX25,Zusammenlagerung!$A$3:$AA$28,26,FALSE),"") | BX25: =IFERROR(VLOOKUP($AX25,Zusammenlagerung!$A$3:$AA$28,27,FALSE),"") | BY25: =IF(CB25<>"",(IF(COUNTIFS(CB25,"*H220*")>0,"Liter",(IF(COUNTIFS(CB25,"*H221*")>0,"Liter",IF(COUNTIFS(CB25,"*H270*")>0,"Liter",IF(COUNTIFS(CB25,"*H280*")>0,"Liter",IF(COUNTIFS(CB25,"*H281*")>0,"Liter","kg"))))))),"") | CO25: 20 | CX25: {=INDEX(Einatmen!$A$21:$A$26,MATCH(CV25&CW25,Einatmen!$C$21:$C$26&Einatmen!$B$21:$B$26,0))} -> #N/A | CZ25: {=INDEX(Einatmen!$A$38:$A$49,MATCH(CV25&CY25,Einatmen!$C$38:$C$49&Einatmen!$B$38:$B$49,0))} -> #N/A | DA25: {=INDEX(Einatmen!$D$52:$D$159,MATCH(CU25&CX25&CZ25&CV25,Einatmen!$A$52:$A$159&Einatmen!$B$52:$B$159&Einatmen!$C$52:$C$159&Einatmen!$E$52:$E$159,0))} -> #N/A | DC25: =IF(ISNA(DA25),"",(IF(DB25="","",(HYPERLINK(CONCATENATE("Schutzleitfäden\",DB25,".pdf"),"1"))))) | DD25: =IFERROR(VLOOKUP(DB25,Schutzleitfäden!$A$3:$C$46,3,FALSE),"") | DH25: =IF(DG25=Haut!$A$12,Haut!$B$12,(IF(DG25=Haut!$A$13,Haut!$B$13,""))) | DJ25: =IF(DI25=Haut!$A$18,Haut!$C$18,(IF(DI25=Haut!$A$19,Haut!$C$19,""))) | DK25: {=INDEX(Haut!$D$22:$D$45,MATCH(DF25&DH25&DJ25,Haut!$A$22:$A$45&Haut!$B$22:$B$45&Haut!$C$22:$C$45,0))} -> #N/A | DL25: =IF(ISNA(DK25),"",(IF(DK25=Haut!$D$49,Haut!$E$49,(IF(DK25=Haut!$D$50,Haut!$E$50,(IF(DK25=Haut!$D$51,Haut!$E$51,(IF(DK25=Haut!$D$52,Haut!$E$52,(IF(DK25=Haut!$D$53,Haut!$E$53,""))))))))))) | DM25: =IF(ISNA(DK25),"",(HYPERLINK(CONCATENATE("Schutzleitfäden\",DL25,".pdf"),"1"))) | DN25: =IFERROR(VLOOKUP(DL25,Schutzleitfäden!$A$3:$C$46,3,FALSE),"") | DQ25: =CV25 -> 0 | DR25: =CW25 -> 0 | DS25: {=INDEX(Brand_EX!$A$15:$A$20,MATCH(DQ25&DR25,Brand_EX!$C$15:$C$20&Brand_EX!$B$15:$B$20,0))} -> #N/A | DT25: =CY25 -> 0 | DU25: {=INDEX(Brand_EX!$A$31:$A$41,MATCH(DQ25&DT25,Brand_EX!$C$31:$C$41&Brand_EX!$B$31:$B$41,0))} -> #N/A | DV25: {=INDEX(Brand_EX!$D$44:$D$133,MATCH(DP25&DS25&DU25&DQ25,Brand_EX!$A$44:$A$133&Brand_EX!$B$44:$B$133&Brand_EX!$C$44:$C$133&Brand_EX!$E$44:$E$133,0))} -> #N/A | DX25: =IF(ISNA(DV25),"",(IF(DW25="","",(HYPERLINK(CONCATENATE("Schutzleitfäden\",DW25,".pdf"),"1"))))) | DY25: =IFERROR(VLOOKUP(DW25,Schutzleitfäden!$A$3:$C$46,3,FALSE),"") | EJ25: =IF(EM25="Kat. 1A","ja",IF(EM25="Kat. 1B","ja",IF(ER25="Kat. 1A","ja",IF(ER25="Kat. 1B","ja",IF(EW25="Kat. 1A","ja",IF(EW25="Kat. 1B","ja","nein")))))) -> nein | EL25: 0 | EO25: =VLOOKUP(EN25,Daten!$M$2:$N$18,2,FALSE) -> #N/A | EP25: - | EQ25: 0 | ER25: - | ES25: keine | ET25: =VLOOKUP(ES25,Daten!$M$2:$N$18,2,FALSE) -> entfällt | EU25: - | EV25: 0 | EW25: - | EX25: keine | EY25: =VLOOKUP(EX25,Daten!$M$2:$N$18,2,FALSE) -> entfällt | FB25: =IF(ISERROR(VLOOKUP(FA25,Entsorgung,2,FALSE)),"",VLOOKUP(FA25,Entsorgung,2,FALSE)) | FD25: =IF(ISERROR(VLOOKUP(FC25,Entsorgung,2,FALSE)),"",VLOOKUP(FC25,Entsorgung,2,FALSE)) | FF25: =IF(ISERROR(VLOOKUP(FE25,Entsorgung,2,FALSE)),"",VLOOKUP(FE25,Entsorgung,2,FALSE)) | FX25: =IF(ISERROR(VLOOKUP(FW25,Gefahrgut,2,FALSE)),"",VLOOKUP(FW25,Gefahrgut,2,FALSE)) | FY25: =IF(ISERROR(VLOOKUP(FW25,Gefahrgut,3,FALSE)),"",VLOOKUP(FW25,Gefahrgut,3,FALSE)) | FZ25: =IF(ISERROR(VLOOKUP(FW25,Gefahrgut,4,FALSE)),"",VLOOKUP(FW25,Gefahrgut,4,FALSE))
A26: 019 | E26: =HYPERLINK(CONCATENATE("SDB\SDB_",A26,".pdf"),"2") -> 2 | G26: =IF(AJ26<>"",HYPERLINK(CONCATENATE("BAG\",AJ26,".pdf"),"2"),HYPERLINK(CONCATENATE("BAG\BAG_",A26,".pdf"),"2")) -> 2 | H26: =IF(ISERROR(FIND("GHS 01",$CA26)),"","●") | I26: =IF(ISERROR(FIND("GHS 02",$CA26)),"","●") | J26: =IF(ISERROR(FIND("GHS 03",$CA26)),"","●") | K26: =IF(ISERROR(FIND("GHS 04",$CA26)),"","●") | L26: =IF(ISERROR(FIND("GHS 05",$CA26)),"","●") | M26: =IF(ISERROR(FIND("GHS 06",$CA26)),"","●") | N26: =IF(ISERROR(FIND("GHS 07",$CA26)),"","●") | O26: =IF(ISERROR(FIND("GHS 08",$CA26)),"","●") | P26: =IF(ISERROR(FIND("GHS 09",$CA26)),"","●") | Q26: =IF(ISERROR(FIND("Achtung",$CA26)),"","A") | R26: =IF(ISERROR(FIND("Gefahr",$CA26)),"","G") | V26: =HYPERLINK(CONCATENATE("Bilder\",A26,".jpg"),"y") -> y | AN26: =HYPERLINK(CONCATENATE("TDB\TDB_",A26,".pdf"),"2") -> 2 | AU26: =IF(AS26="","",(IF(AS26="ml",(AR26/1000)*AT26,IF(AS26="Liter",AR26*AT26,IF(AS26="g",(AR26/1000)*AT26,IF(AS26="kg",AR26*AT26)))))) | AV26: =IF(AS26="","",(IF(AS26="ml","Liter",IF(AS26="Liter","Liter",IF(AS26="g","kg",IF(AS26="kg","kg")))))) | AY26: =IFERROR(VLOOKUP($AX26,Zusammenlagerung!$A$3:$AA$28,2,FALSE),"") | AZ26: =IFERROR(VLOOKUP($AX26,Zusammenlagerung!$A$3:$AA$28,3,FALSE),"") | BA26: =IFERROR(VLOOKUP($AX26,Zusammenlagerung!$A$3:$AA$28,4,FALSE),"") | BB26: =IFERROR(VLOOKUP($AX26,Zusammenlagerung!$A$3:$AA$28,5,FALSE),"") | BC26: =IFERROR(VLOOKUP($AX26,Zusammenlagerung!$A$3:$AA$28,6,FALSE),"") | BD26: =IFERROR(VLOOKUP($AX26,Zusammenlagerung!$A$3:$AA$28,7,FALSE),"") | BE26: =IFERROR(VLOOKUP($AX26,Zusammenlagerung!$A$3:$AA$28,8,FALSE),"") | BF26: =IFERROR(VLOOKUP($AX26,Zusammenlagerung!$A$3:$AA$28,9,FALSE),"") | BG26: =IFERROR(VLOOKUP($AX26,Zusammenlagerung!$A$3:$AA$28,10,FALSE),"") | BH26: =IFERROR(VLOOKUP($AX26,Zusammenlagerung!$A$3:$AA$28,11,FALSE),"") | BI26: =IFERROR(VLOOKUP($AX26,Zusammenlagerung!$A$3:$AA$28,12,FALSE),"") | BJ26: =IFERROR(VLOOKUP($AX26,Zusammenlagerung!$A$3:$AA$28,13,FALSE),"") | BK26: =IFERROR(VLOOKUP($AX26,Zusammenlagerung!$A$3:$AA$28,14,FALSE),"") | BL26: =IFERROR(VLOOKUP($AX26,Zusammenlagerung!$A$3:$AA$28,15,FALSE),"") | BM26: =IFERROR(VLOOKUP($AX26,Zusammenlagerung!$A$3:$AA$28,16,FALSE),"") | BN26: =IFERROR(VLOOKUP($AX26,Zusammenlagerung!$A$3:$AA$28,17,FALSE),"") | BO26: =IFERROR(VLOOKUP($AX26,Zusammenlagerung!$A$3:$AA$28,18,FALSE),"") | BP26: =IFERROR(VLOOKUP($AX26,Zusammenlagerung!$A$3:$AA$28,19,FALSE),"") | BQ26: =IFERROR(VLOOKUP($AX26,Zusammenlagerung!$A$3:$AA$28,20,FALSE),"") | BR26: =IFERROR(VLOOKUP($AX26,Zusammenlagerung!$A$3:$AA$28,21,FALSE),"") | BT26: =IFERROR(VLOOKUP($AX26,Zusammenlagerung!$A$3:$AA$28,23,FALSE),"") | BU26: =IFERROR(VLOOKUP($AX26,Zusammenlagerung!$A$3:$AA$28,24,FALSE),"") | BV26: =IFERROR(VLOOKUP($AX26,Zusammenlagerung!$A$3:$AA$28,25,FALSE),"") | BW26: =IFERROR(VLOOKUP($AX26,Zusammenlagerung!$A$3:$AA$28,26,FALSE),"") | BX26: =IFERROR(VLOOKUP($AX26,Zusammenlagerung!$A$3:$AA$28,27,FALSE),"") | BY26: =IF(CB26<>"",(IF(COUNTIFS(CB26,"*H220*")>0,"Liter",(IF(COUNTIFS(CB26,"*H221*")>0,"Liter",IF(COUNTIFS(CB26,"*H270*")>0,"Liter",IF(COUNTIFS(CB26,"*H280*")>0,"Liter",IF(COUNTIFS(CB26,"*H281*")>0,"Liter","kg"))))))),"") | CO26: 20 | CX26: {=INDEX(Einatmen!$A$21:$A$26,MATCH(CV26&CW26,Einatmen!$C$21:$C$26&Einatmen!$B$21:$B$26,0))} -> #N/A | CZ26: {=INDEX(Einatmen!$A$38:$A$49,MATCH(CV26&CY26,Einatmen!$C$38:$C$49&Einatmen!$B$38:$B$49,0))} -> #N/A | DA26: {=INDEX(Einatmen!$D$52:$D$159,MATCH(CU26&CX26&CZ26&CV26,Einatmen!$A$52:$A$159&Einatmen!$B$52:$B$159&Einatmen!$C$52:$C$159&Einatmen!$E$52:$E$159,0))} -> #N/A | DC26: =IF(ISNA(DA26),"",(IF(DB26="","",(HYPERLINK(CONCATENATE("Schutzleitfäden\",DB26,".pdf"),"1"))))) | DD26: =IFERROR(VLOOKUP(DB26,Schutzleitfäden!$A$3:$C$46,3,FALSE),"") | DH26: =IF(DG26=Haut!$A$12,Haut!$B$12,(IF(DG26=Haut!$A$13,Haut!$B$13,""))) | DJ26: =IF(DI26=Haut!$A$18,Haut!$C$18,(IF(DI26=Haut!$A$19,Haut!$C$19,""))) | DK26: {=INDEX(Haut!$D$22:$D$45,MATCH(DF26&DH26&DJ26,Haut!$A$22:$A$45&Haut!$B$22:$B$45&Haut!$C$22:$C$45,0))} -> #N/A | DL26: =IF(ISNA(DK26),"",(IF(DK26=Haut!$D$49,Haut!$E$49,(IF(DK26=Haut!$D$50,Haut!$E$50,(IF(DK26=Haut!$D$51,Haut!$E$51,(IF(DK26=Haut!$D$52,Haut!$E$52,(IF(DK26=Haut!$D$53,Haut!$E$53,""))))))))))) | DM26: =IF(ISNA(DK26),"",(HYPERLINK(CONCATENATE("Schutzleitfäden\",DL26,".pdf"),"1"))) | DN26: =IFERROR(VLOOKUP(DL26,Schutzleitfäden!$A$3:$C$46,3,FALSE),"") | DQ26: =CV26 -> 0 | DR26: =CW26 -> 0 | DS26: {=INDEX(Brand_EX!$A$15:$A$20,MATCH(DQ26&DR26,Brand_EX!$C$15:$C$20&Brand_EX!$B$15:$B$20,0))} -> #N/A | DT26: =CY26 -> 0 | DU26: {=INDEX(Brand_EX!$A$31:$A$41,MATCH(DQ26&DT26,Brand_EX!$C$31:$C$41&Brand_EX!$B$31:$B$41,0))} -> #N/A | DV26: {=INDEX(Brand_EX!$D$44:$D$133,MATCH(DP26&DS26&DU26&DQ26,Brand_EX!$A$44:$A$133&Brand_EX!$B$44:$B$133&Brand_EX!$C$44:$C$133&Brand_EX!$E$44:$E$133,0))} -> #N/A | DX26: =IF(ISNA(DV26),"",(IF(DW26="","",(HYPERLINK(CONCATENATE("Schutzleitfäden\",DW26,".pdf"),"1"))))) | DY26: =IFERROR(VLOOKUP(DW26,Schutzleitfäden!$A$3:$C$46,3,FALSE),"") | EJ26: =IF(EM26="Kat. 1A","ja",IF(EM26="Kat. 1B","ja",IF(ER26="Kat. 1A","ja",IF(ER26="Kat. 1B","ja",IF(EW26="Kat. 1A","ja",IF(EW26="Kat. 1B","ja","nein")))))) -> nein | EL26: 0 | EO26: =VLOOKUP(EN26,Daten!$M$2:$N$18,2,FALSE) -> #N/A | EP26: - | EQ26: 0 | ER26: - | ES26: keine | ET26: =VLOOKUP(ES26,Daten!$M$2:$N$18,2,FALSE) -> entfällt | EU26: - | EV26: 0 | EW26: - | EX26: keine | EY26: =VLOOKUP(EX26,Daten!$M$2:$N$18,2,FALSE) -> entfällt | FB26: =IF(ISERROR(VLOOKUP(FA26,Entsorgung,2,FALSE)),"",VLOOKUP(FA26,Entsorgung,2,FALSE)) | FD26: =IF(ISERROR(VLOOKUP(FC26,Entsorgung,2,FALSE)),"",VLOOKUP(FC26,Entsorgung,2,FALSE)) | FF26: =IF(ISERROR(VLOOKUP(FE26,Entsorgung,2,FALSE)),"",VLOOKUP(FE26,Entsorgung,2,FALSE)) | FX26: =IF(ISERROR(VLOOKUP(FW26,Gefahrgut,2,FALSE)),"",VLOOKUP(FW26,Gefahrgut,2,FALSE)) | FY26: =IF(ISERROR(VLOOKUP(FW26,Gefahrgut,3,FALSE)),"",VLOOKUP(FW26,Gefahrgut,3,FALSE)) | FZ26: =IF(ISERROR(VLOOKUP(FW26,Gefahrgut,4,FALSE)),"",VLOOKUP(FW26,Gefahrgut,4,FALSE))
A27: … | E27: =HYPERLINK(CONCATENATE("SDB\SDB_",A27,".pdf"),"2") -> 2 | G27: =IF(AJ27<>"",HYPERLINK(CONCATENATE("BAG\",AJ27,".pdf"),"2"),HYPERLINK(CONCATENATE("BAG\BAG_",A27,".pdf"),"2")) -> 2 | H27: =IF(ISERROR(FIND("GHS 01",$CA27)),"","●") | I27: =IF(ISERROR(FIND("GHS 02",$CA27)),"","●") | J27: =IF(ISERROR(FIND("GHS 03",$CA27)),"","●") | K27: =IF(ISERROR(FIND("GHS 04",$CA27)),"","●") | L27: =IF(ISERROR(FIND("GHS 05",$CA27)),"","●") | M27: =IF(ISERROR(FIND("GHS 06",$CA27)),"","●") | N27: =IF(ISERROR(FIND("GHS 07",$CA27)),"","●") | O27: =IF(ISERROR(FIND("GHS 08",$CA27)),"","●") | P27: =IF(ISERROR(FIND("GHS 09",$CA27)),"","●") | Q27: =IF(ISERROR(FIND("Achtung",$CA27)),"","A") | R27: =IF(ISERROR(FIND("Gefahr",$CA27)),"","G") | V27: =HYPERLINK(CONCATENATE("Bilder\",A27,".jpg"),"y") -> y | AN27: =HYPERLINK(CONCATENATE("TDB\TDB_",A27,".pdf"),"2") -> 2 | AU27: =IF(AS27="","",(IF(AS27="ml",(AR27/1000)*AT27,IF(AS27="Liter",AR27*AT27,IF(AS27="g",(AR27/1000)*AT27,IF(AS27="kg",AR27*AT27)))))) | AV27: =IF(AS27="","",(IF(AS27="ml","Liter",IF(AS27="Liter","Liter",IF(AS27="g","kg",IF(AS27="kg","kg")))))) | AY27: =IFERROR(VLOOKUP($AX27,Zusammenlagerung!$A$3:$AA$28,2,FALSE),"") | AZ27: =IFERROR(VLOOKUP($AX27,Zusammenlagerung!$A$3:$AA$28,3,FALSE),"") | BA27: =IFERROR(VLOOKUP($AX27,Zusammenlagerung!$A$3:$AA$28,4,FALSE),"") | BB27: =IFERROR(VLOOKUP($AX27,Zusammenlagerung!$A$3:$AA$28,5,FALSE),"") | BC27: =IFERROR(VLOOKUP($AX27,Zusammenlagerung!$A$3:$AA$28,6,FALSE),"") | BD27: =IFERROR(VLOOKUP($AX27,Zusammenlagerung!$A$3:$AA$28,7,FALSE),"") | BE27: =IFERROR(VLOOKUP($AX27,Zusammenlagerung!$A$3:$AA$28,8,FALSE),"") | BF27: =IFERROR(VLOOKUP($AX27,Zusammenlagerung!$A$3:$AA$28,9,FALSE),"") | BG27: =IFERROR(VLOOKUP($AX27,Zusammenlagerung!$A$3:$AA$28,10,FALSE),"") | BH27: =IFERROR(VLOOKUP($AX27,Zusammenlagerung!$A$3:$AA$28,11,FALSE),"") | BI27: =IFERROR(VLOOKUP($AX27,Zusammenlagerung!$A$3:$AA$28,12,FALSE),"") | BJ27: =IFERROR(VLOOKUP($AX27,Zusammenlagerung!$A$3:$AA$28,13,FALSE),"") | BK27: =IFERROR(VLOOKUP($AX27,Zusammenlagerung!$A$3:$AA$28,14,FALSE),"") | BL27: =IFERROR(VLOOKUP($AX27,Zusammenlagerung!$A$3:$AA$28,15,FALSE),"") | BM27: =IFERROR(VLOOKUP($AX27,Zusammenlagerung!$A$3:$AA$28,16,FALSE),"") | BN27: =IFERROR(VLOOKUP($AX27,Zusammenlagerung!$A$3:$AA$28,17,FALSE),"") | BO27: =IFERROR(VLOOKUP($AX27,Zusammenlagerung!$A$3:$AA$28,18,FALSE),"") | BP27: =IFERROR(VLOOKUP($AX27,Zusammenlagerung!$A$3:$AA$28,19,FALSE),"") | BQ27: =IFERROR(VLOOKUP($AX27,Zusammenlagerung!$A$3:$AA$28,20,FALSE),"") | BR27: =IFERROR(VLOOKUP($AX27,Zusammenlagerung!$A$3:$AA$28,21,FALSE),"") | BT27: =IFERROR(VLOOKUP($AX27,Zusammenlagerung!$A$3:$AA$28,23,FALSE),"") | BU27: =IFERROR(VLOOKUP($AX27,Zusammenlagerung!$A$3:$AA$28,24,FALSE),"") | BV27: =IFERROR(VLOOKUP($AX27,Zusammenlagerung!$A$3:$AA$28,25,FALSE),"") | BW27: =IFERROR(VLOOKUP($AX27,Zusammenlagerung!$A$3:$AA$28,26,FALSE),"") | BX27: =IFERROR(VLOOKUP($AX27,Zusammenlagerung!$A$3:$AA$28,27,FALSE),"") | BY27: =IF(CB27<>"",(IF(COUNTIFS(CB27,"*H220*")>0,"Liter",(IF(COUNTIFS(CB27,"*H221*")>0,"Liter",IF(COUNTIFS(CB27,"*H270*")>0,"Liter",IF(COUNTIFS(CB27,"*H280*")>0,"Liter",IF(COUNTIFS(CB27,"*H281*")>0,"Liter","kg"))))))),"") | CO27: 20 | CX27: {=INDEX(Einatmen!$A$21:$A$26,MATCH(CV27&CW27,Einatmen!$C$21:$C$26&Einatmen!$B$21:$B$26,0))} -> #N/A | CZ27: {=INDEX(Einatmen!$A$38:$A$49,MATCH(CV27&CY27,Einatmen!$C$38:$C$49&Einatmen!$B$38:$B$49,0))} -> #N/A | DA27: {=INDEX(Einatmen!$D$52:$D$159,MATCH(CU27&CX27&CZ27&CV27,Einatmen!$A$52:$A$159&Einatmen!$B$52:$B$159&Einatmen!$C$52:$C$159&Einatmen!$E$52:$E$159,0))} -> #N/A | DC27: =IF(ISNA(DA27),"",(IF(DB27="","",(HYPERLINK(CONCATENATE("Schutzleitfäden\",DB27,".pdf"),"1"))))) | DD27: =IFERROR(VLOOKUP(DB27,Schutzleitfäden!$A$3:$C$46,3,FALSE),"") | DH27: =IF(DG27=Haut!$A$12,Haut!$B$12,(IF(DG27=Haut!$A$13,Haut!$B$13,""))) | DJ27: =IF(DI27=Haut!$A$18,Haut!$C$18,(IF(DI27=Haut!$A$19,Haut!$C$19,""))) | DK27: {=INDEX(Haut!$D$22:$D$45,MATCH(DF27&DH27&DJ27,Haut!$A$22:$A$45&Haut!$B$22:$B$45&Haut!$C$22:$C$45,0))} -> #N/A | DL27: =IF(ISNA(DK27),"",(IF(DK27=Haut!$D$49,Haut!$E$49,(IF(DK27=Haut!$D$50,Haut!$E$50,(IF(DK27=Haut!$D$51,Haut!$E$51,(IF(DK27=Haut!$D$52,Haut!$E$52,(IF(DK27=Haut!$D$53,Haut!$E$53,""))))))))))) | DM27: =IF(ISNA(DK27),"",(HYPERLINK(CONCATENATE("Schutzleitfäden\",DL27,".pdf"),"1"))) | DN27: =IFERROR(VLOOKUP(DL27,Schutzleitfäden!$A$3:$C$46,3,FALSE),"") | DQ27: =CV27 -> 0 | DR27: =CW27 -> 0 | DS27: {=INDEX(Brand_EX!$A$15:$A$20,MATCH(DQ27&DR27,Brand_EX!$C$15:$C$20&Brand_EX!$B$15:$B$20,0))} -> #N/A | DT27: =CY27 -> 0 | DU27: {=INDEX(Brand_EX!$A$31:$A$41,MATCH(DQ27&DT27,Brand_EX!$C$31:$C$41&Brand_EX!$B$31:$B$41,0))} -> #N/A | DV27: {=INDEX(Brand_EX!$D$44:$D$133,MATCH(DP27&DS27&DU27&DQ27,Brand_EX!$A$44:$A$133&Brand_EX!$B$44:$B$133&Brand_EX!$C$44:$C$133&Brand_EX!$E$44:$E$133,0))} -> #N/A | DX27: =IF(ISNA(DV27),"",(IF(DW27="","",(HYPERLINK(CONCATENATE("Schutzleitfäden\",DW27,".pdf"),"1"))))) | DY27: =IFERROR(VLOOKUP(DW27,Schutzleitfäden!$A$3:$C$46,3,FALSE),"") | EJ27: =IF(EM27="Kat. 1A","ja",IF(EM27="Kat. 1B","ja",IF(ER27="Kat. 1A","ja",IF(ER27="Kat. 1B","ja",IF(EW27="Kat. 1A","ja",IF(EW27="Kat. 1B","ja","nein")))))) -> nein | EL27: 0 | EO27: =VLOOKUP(EN27,Daten!$M$2:$N$18,2,FALSE) -> #N/A | EP27: - | EQ27: 0 | ER27: - | ES27: keine | ET27: =VLOOKUP(ES27,Daten!$M$2:$N$18,2,FALSE) -> entfällt | EU27: - | EV27: 0 | EW27: - | EX27: keine | EY27: =VLOOKUP(EX27,Daten!$M$2:$N$18,2,FALSE) -> entfällt | FB27: =IF(ISERROR(VLOOKUP(FA27,Entsorgung,2,FALSE)),"",VLOOKUP(FA27,Entsorgung,2,FALSE)) | FD27: =IF(ISERROR(VLOOKUP(FC27,Entsorgung,2,FALSE)),"",VLOOKUP(FC27,Entsorgung,2,FALSE)) | FF27: =IF(ISERROR(VLOOKUP(FE27,Entsorgung,2,FALSE)),"",VLOOKUP(FE27,Entsorgung,2,FALSE)) | FX27: =IF(ISERROR(VLOOKUP(FW27,Gefahrgut,2,FALSE)),"",VLOOKUP(FW27,Gefahrgut,2,FALSE)) | FY27: =IF(ISERROR(VLOOKUP(FW27,Gefahrgut,3,FALSE)),"",VLOOKUP(FW27,Gefahrgut,3,FALSE)) | FZ27: =IF(ISERROR(VLOOKUP(FW27,Gefahrgut,4,FALSE)),"",VLOOKUP(FW27,Gefahrgut,4,FALSE))
A28: … | E28: =HYPERLINK(CONCATENATE("SDB\SDB_",A28,".pdf"),"2") -> 2 | G28: =IF(AJ28<>"",HYPERLINK(CONCATENATE("BAG\",AJ28,".pdf"),"2"),HYPERLINK(CONCATENATE("BAG\BAG_",A28,".pdf"),"2")) -> 2 | H28: =IF(ISERROR(FIND("GHS 01",$CA28)),"","●") | I28: =IF(ISERROR(FIND("GHS 02",$CA28)),"","●") | J28: =IF(ISERROR(FIND("GHS 03",$CA28)),"","●") | K28: =IF(ISERROR(FIND("GHS 04",$CA28)),"","●") | L28: =IF(ISERROR(FIND("GHS 05",$CA28)),"","●") | M28: =IF(ISERROR(FIND("GHS 06",$CA28)),"","●") | N28: =IF(ISERROR(FIND("GHS 07",$CA28)),"","●") | O28: =IF(ISERROR(FIND("GHS 08",$CA28)),"","●") | P28: =IF(ISERROR(FIND("GHS 09",$CA28)),"","●") | Q28: =IF(ISERROR(FIND("Achtung",$CA28)),"","A") | R28: =IF(ISERROR(FIND("Gefahr",$CA28)),"","G") | V28: =HYPERLINK(CONCATENATE("Bilder\",A28,".jpg"),"y") -> y | AN28: =HYPERLINK(CONCATENATE("TDB\TDB_",A28,".pdf"),"2") -> 2 | AU28: =IF(AS28="","",(IF(AS28="ml",(AR28/1000)*AT28,IF(AS28="Liter",AR28*AT28,IF(AS28="g",(AR28/1000)*AT28,IF(AS28="kg",AR28*AT28)))))) | AV28: =IF(AS28="","",(IF(AS28="ml","Liter",IF(AS28="Liter","Liter",IF(AS28="g","kg",IF(AS28="kg","kg")))))) | AY28: =IFERROR(VLOOKUP($AX28,Zusammenlagerung!$A$3:$AA$28,2,FALSE),"") | AZ28: =IFERROR(VLOOKUP($AX28,Zusammenlagerung!$A$3:$AA$28,3,FALSE),"") | BA28: =IFERROR(VLOOKUP($AX28,Zusammenlagerung!$A$3:$AA$28,4,FALSE),"") | BB28: =IFERROR(VLOOKUP($AX28,Zusammenlagerung!$A$3:$AA$28,5,FALSE),"") | BC28: =IFERROR(VLOOKUP($AX28,Zusammenlagerung!$A$3:$AA$28,6,FALSE),"") | BD28: =IFERROR(VLOOKUP($AX28,Zusammenlagerung!$A$3:$AA$28,7,FALSE),"") | BE28: =IFERROR(VLOOKUP($AX28,Zusammenlagerung!$A$3:$AA$28,8,FALSE),"") | BF28: =IFERROR(VLOOKUP($AX28,Zusammenlagerung!$A$3:$AA$28,9,FALSE),"") | BG28: =IFERROR(VLOOKUP($AX28,Zusammenlagerung!$A$3:$AA$28,10,FALSE),"") | BH28: =IFERROR(VLOOKUP($AX28,Zusammenlagerung!$A$3:$AA$28,11,FALSE),"") | BI28: =IFERROR(VLOOKUP($AX28,Zusammenlagerung!$A$3:$AA$28,12,FALSE),"") | BJ28: =IFERROR(VLOOKUP($AX28,Zusammenlagerung!$A$3:$AA$28,13,FALSE),"") | BK28: =IFERROR(VLOOKUP($AX28,Zusammenlagerung!$A$3:$AA$28,14,FALSE),"") | BL28: =IFERROR(VLOOKUP($AX28,Zusammenlagerung!$A$3:$AA$28,15,FALSE),"") | BM28: =IFERROR(VLOOKUP($AX28,Zusammenlagerung!$A$3:$AA$28,16,FALSE),"") | BN28: =IFERROR(VLOOKUP($AX28,Zusammenlagerung!$A$3:$AA$28,17,FALSE),"") | BO28: =IFERROR(VLOOKUP($AX28,Zusammenlagerung!$A$3:$AA$28,18,FALSE),"") | BP28: =IFERROR(VLOOKUP($AX28,Zusammenlagerung!$A$3:$AA$28,19,FALSE),"") | BQ28: =IFERROR(VLOOKUP($AX28,Zusammenlagerung!$A$3:$AA$28,20,FALSE),"") | BR28: =IFERROR(VLOOKUP($AX28,Zusammenlagerung!$A$3:$AA$28,21,FALSE),"") | BT28: =IFERROR(VLOOKUP($AX28,Zusammenlagerung!$A$3:$AA$28,23,FALSE),"") | BU28: =IFERROR(VLOOKUP($AX28,Zusammenlagerung!$A$3:$AA$28,24,FALSE),"") | BV28: =IFERROR(VLOOKUP($AX28,Zusammenlagerung!$A$3:$AA$28,25,FALSE),"") | BW28: =IFERROR(VLOOKUP($AX28,Zusammenlagerung!$A$3:$AA$28,26,FALSE),"") | BX28: =IFERROR(VLOOKUP($AX28,Zusammenlagerung!$A$3:$AA$28,27,FALSE),"") | BY28: =IF(CB28<>"",(IF(COUNTIFS(CB28,"*H220*")>0,"Liter",(IF(COUNTIFS(CB28,"*H221*")>0,"Liter",IF(COUNTIFS(CB28,"*H270*")>0,"Liter",IF(COUNTIFS(CB28,"*H280*")>0,"Liter",IF(COUNTIFS(CB28,"*H281*")>0,"Liter","kg"))))))),"") | CO28: 20 | CX28: {=INDEX(Einatmen!$A$21:$A$26,MATCH(CV28&CW28,Einatmen!$C$21:$C$26&Einatmen!$B$21:$B$26,0))} -> #N/A | CZ28: {=INDEX(Einatmen!$A$38:$A$49,MATCH(CV28&CY28,Einatmen!$C$38:$C$49&Einatmen!$B$38:$B$49,0))} -> #N/A | DA28: {=INDEX(Einatmen!$D$52:$D$159,MATCH(CU28&CX28&CZ28&CV28,Einatmen!$A$52:$A$159&Einatmen!$B$52:$B$159&Einatmen!$C$52:$C$159&Einatmen!$E$52:$E$159,0))} -> #N/A | DC28: =IF(ISNA(DA28),"",(IF(DB28="","",(HYPERLINK(CONCATENATE("Schutzleitfäden\",DB28,".pdf"),"1"))))) | DD28: =IFERROR(VLOOKUP(DB28,Schutzleitfäden!$A$3:$C$46,3,FALSE),"") | DH28: =IF(DG28=Haut!$A$12,Haut!$B$12,(IF(DG28=Haut!$A$13,Haut!$B$13,""))) | DJ28: =IF(DI28=Haut!$A$18,Haut!$C$18,(IF(DI28=Haut!$A$19,Haut!$C$19,""))) | DK28: {=INDEX(Haut!$D$22:$D$45,MATCH(DF28&DH28&DJ28,Haut!$A$22:$A$45&Haut!$B$22:$B$45&Haut!$C$22:$C$45,0))} -> #N/A | DL28: =IF(ISNA(DK28),"",(IF(DK28=Haut!$D$49,Haut!$E$49,(IF(DK28=Haut!$D$50,Haut!$E$50,(IF(DK28=Haut!$D$51,Haut!$E$51,(IF(DK28=Haut!$D$52,Haut!$E$52,(IF(DK28=Haut!$D$53,Haut!$E$53,""))))))))))) | DM28: =IF(ISNA(DK28),"",(HYPERLINK(CONCATENATE("Schutzleitfäden\",DL28,".pdf"),"1"))) | DN28: =IFERROR(VLOOKUP(DL28,Schutzleitfäden!$A$3:$C$46,3,FALSE),"") | DQ28: =CV28 -> 0 | DR28: =CW28 -> 0 | DS28: {=INDEX(Brand_EX!$A$15:$A$20,MATCH(DQ28&DR28,Brand_EX!$C$15:$C$20&Brand_EX!$B$15:$B$20,0))} -> #N/A | DT28: =CY28 -> 0 | DU28: {=INDEX(Brand_EX!$A$31:$A$41,MATCH(DQ28&DT28,Brand_EX!$C$31:$C$41&Brand_EX!$B$31:$B$41,0))} -> #N/A | DV28: {=INDEX(Brand_EX!$D$44:$D$133,MATCH(DP28&DS28&DU28&DQ28,Brand_EX!$A$44:$A$133&Brand_EX!$B$44:$B$133&Brand_EX!$C$44:$C$133&Brand_EX!$E$44:$E$133,0))} -> #N/A | DX28: =IF(ISNA(DV28),"",(IF(DW28="","",(HYPERLINK(CONCATENATE("Schutzleitfäden\",DW28,".pdf"),"1"))))) | DY28: =IFERROR(VLOOKUP(DW28,Schutzleitfäden!$A$3:$C$46,3,FALSE),"") | EJ28: =IF(EM28="Kat. 1A","ja",IF(EM28="Kat. 1B","ja",IF(ER28="Kat. 1A","ja",IF(ER28="Kat. 1B","ja",IF(EW28="Kat. 1A","ja",IF(EW28="Kat. 1B","ja","nein")))))) -> nein | EL28: 0 | EO28: =VLOOKUP(EN28,Daten!$M$2:$N$18,2,FALSE) -> #N/A | EP28: - | EQ28: 0 | ER28: - | ES28: keine | ET28: =VLOOKUP(ES28,Daten!$M$2:$N$18,2,FALSE) -> entfällt | EU28: - | EV28: 0 | EW28: - | EX28: keine | EY28: =VLOOKUP(EX28,Daten!$M$2:$N$18,2,FALSE) -> entfällt | FB28: =IF(ISERROR(VLOOKUP(FA28,Entsorgung,2,FALSE)),"",VLOOKUP(FA28,Entsorgung,2,FALSE)) | FD28: =IF(ISERROR(VLOOKUP(FC28,Entsorgung,2,FALSE)),"",VLOOKUP(FC28,Entsorgung,2,FALSE)) | FF28: =IF(ISERROR(VLOOKUP(FE28,Entsorgung,2,FALSE)),"",VLOOKUP(FE28,Entsorgung,2,FALSE)) | FX28: =IF(ISERROR(VLOOKUP(FW28,Gefahrgut,2,FALSE)),"",VLOOKUP(FW28,Gefahrgut,2,FALSE)) | FY28: =IF(ISERROR(VLOOKUP(FW28,Gefahrgut,3,FALSE)),"",VLOOKUP(FW28,Gefahrgut,3,FALSE)) | FZ28: =IF(ISERROR(VLOOKUP(FW28,Gefahrgut,4,FALSE)),"",VLOOKUP(FW28,Gefahrgut,4,FALSE))

Sheet Daten
A1: Standort | B1: Abteilung | C1: Ansprechpartner | D1: Lagerorte (Gefahrstofflager) | E1: Status | F1: Kennzeichnung | G1: Zustand | H1: Mengeneinheit | I1: WGK | J1: LGK | K1: Gebindeart | L1: TRGS 410 | M1: CMR_H | N1: Wortlaut | O1: CMR | P1: sub_Anforderungen | Q1: sub_Konsequenzen | R1: sub_Preis | S1: sub_Ergebnis | T1: sub_auswahl | U1: Gefahrgut_VG | V1: PSA_Handschutz | W1: PSA_Augenschutz | X1: PSA_Atemschutz | Y1: PSA_Körperschutz
A2: KMG Arbeitssicherheit | D2: nicht definiert1 | E2: aktiv | G2: Feststoff | H2: g | I2: 1 | L2: H340 | M2: H340 | N2: Kann genetische Defekte verursachen. | O2: Kat. 1A | P2: ja | Q2: keine | R2: genehmigt | T2: 0 | U2: I (hoch) | V2: Chemikalien-Schutzhandschuhe | W2: Dichtschließende Schutzbrille mit Seitenschutz | X2: Vollmaske | Y2: Einwegoverall
A3: Wolzenburg 2, 58566 Kierspe | B3: alle Abteilungen | C3: n. n. | D3: nicht definiert2 | E3: Archiv | F3: nicht als gefährlich eingestuft | G3: Flüssigkeit | H3: kg | I3: 2 | J3: 1 | K3: Blecheimer / Kanister | L3: H350 | M3: H341 | N3: Kann vermutlich genetische Defekte verursachen. | O3: Kat. 1B | P3: nein | Q3: gering | R3: günstiger | S3: Keine Substitution notwendig, da keine gefährlichen Eigenschaften vorliegen. | T3: 1 | U3: II (mittel) | V3: (nicht definiert) | W3: (nicht definiert) | X3: Halbmaske | Y3: Arbeitskleidung
B4: n. n. | C4: n. n. | D4: nicht definiert3 | E4: prüfen | F4: GHS 01 | G4: Zustand_alle | H4: ml | I4: 3 | J4: 2A | K4: Dose | L4: H350i | M4: H350 | N4: Kann Krebs erzeugen. | O4: Kat. 2 | P4: prüfen | Q4: mittel | R4: teurer | S4: Keine Substitution notwendig, da nur geringe Stoffmengen verwendet werden. | T4: 2 | U4: III (gering) | V4: (nicht erforderlich) | W4: (nicht erforderlich) | X4: FFP2-Staubschutzmaske | Y4: (nicht definiert)
B5: n. n. | C5: n. n. | D5: nicht definiert4 | F5: GHS 02 | H5: Liter | I5: awg | J5: 2B | K5: Eimer | M5: H350i | N5: Kann bei Einatmen Krebs erzeugen. | O5: - | Q5: hoch | S5: Keine Substitution notwendig, da nur eine niedrige Exposition besteht. | U5: keine Angabe | X5: Kombinationsfiltergerät | Y5: (nicht erforderlich)
B6: n. n. | C6: n. n. | D6: nicht definiert5 | E6: Auswahl_Bereich | F6: GHS 03 | G6: Aerosol | I6: nwg | J6: 3 | K6: Fass (Stahl) | M6: H351 | N6: Kann vermutlich Krebs erzeugen. | Q6: prüfen | S6: Keine Substitution notwendig, da die Verwendung unter haushaltsüblichen Bedingungen erfolgt. | X6: (nicht definiert)
B7: n. n. | C7: n. n. | D7: nicht definiert6 | E7: l | F7: GHS 04 | G7: Gas | J7: 4.1A | K7: Fass (Kunststoff) | M7: H360 | N7: Kann die Fruchtbarkeit beeinträchtigen oder das Kind im Mutterleib schädigen. | S7: Keine Substitution möglich, da eine Ersatzlösung nicht die internen Verfahrens- und Verwendungsbedingungen erfüllt. | X7: (nicht erforderlich)
B8: n. n. | C8: n. n. | D8: nicht definiert7 | F8: GHS 05 | G8: Granulat | J8: 4.1B | K8: Flasche (Glas) | M8: H360F | N8: Kann die Fruchtbarkeit beeinträchtigen. | S8: Keine Substitution möglich, da eine Ersatzlösung die Gefährdung nicht ausreichend verringert.
B9: n. n. | C9: n. n. | D9: nicht definiert8 | F9: GHS 06 | G9: Feststoff | J9: 4.2 | K9: Flasche (Kunststoff) | M9: H360D | N9: Kann das Kind im Mutterleib schädigen. | S9: Keine Substitution möglich, da eine Ersatzlösung wirtschaftlich nicht tragbar ist.
B10: n. n. | C10: n. n. | D10: nicht definiert10 | E10: Stoff_Gemisch | F10: GHS 07 | G10: Flüssigkeit | J10: 4.3 | K10: Flasche (Stahl) | M10: H360FD | N10: Kann die Fruchtbarkeit beeinträchtigen. Kann das Kind im Mutterleib schädigen. | S10: Das eingesetzte Produkt ist bereits eine Ersatzlösung.
B11: n. n. | C11: n. n. | D11: nicht definiert11 | E11: Stoff | F11: GHS 08 | G11: Paste | H11: Einheit_TRGS510 | J11: 5.1A | K11: IBC | M11: H360Fd. | N11: Kann die Fruchtbarkeit beeinträchtigen. Kann vermutlich das Kind im Mutterleib schädigen. | S11: Die Möglichkeit zur Substitution des Produktes ist zu prüfen.
B12: n. n. | C12: n. n. | D12: nicht definiert12 | E12: Gemisch | F12: GHS 09 | G12: Pulver | H12: kg | J12: 5.1B | K12: Kanister (Blech) | M12: H360Df | N12: Kann das Kind im Mutterleib schädigen. Kann vermutlich die Fruchtbarkeit beeinträchtigen. | S12: Eine Substitution ist möglich, alle Maßnahmen werden eingeleitet.
B13: n. n. | C13: n. n. | D13: nicht definiert13 | F13: Achtung | G13: k. A. | H13: Liter | J13: 5.1C | K13: Kanister (Kunststoff) | M13: H361 | N13: Kann vermutlich die Fruchtbarkeit beeinträchtigen oder das Kind im Mutterleib schädigen.
B14: n. n. | C14: n. n. | D14: nicht definiert14 | E14: Einstufung_Weitere | F14: Gefahr | H14: Verbrauch | J14: 5.2 | K14: Karton | M14: H361f | N14: Kann vermutlich die Fruchtbarkeit beeinträchtigen. | Q14: Vorsorge | R14: Beschränkung | S14: geringe_Gefährdung
B15: n. n. | C15: n. n. | D15: nicht definiert15 | F15: (alte Kennzeichnung) | H15: bis 1 kg | J15: 6.1A | K15: Kartusche | M15: H361d | N15: Kann vermutlich das Kind im Mutterleib schädigen.
B16: n. n. | C16: n. n. | D16: nicht definiert16 | E16: entfällt | H16: bis 10 kg | J16: 6.1B | K16: Sack | M16: H361fd | N16: Kann vermutlich die Fruchtbarkeit beeinträchtigen. Kann vermutlich das Kind im Mutterleib schädigen. | Q16: Pflichtvorsorge | R16: gemäß JArbSchG | S16: Ja, da keine gefährlichen Eigenschaften vorliegen.
B17: n. n. | C17: n. n. | D17: nicht definiert17 | H17: bis 20 kg | J17: 6.1C | K17: Spraydose | M17: H362 | N17: Kann Säuglinge über die Muttermilch schädigen. | Q17: Angebotsvorsorge Haut | R17: gemäß MuSchG | S17: Ja, da nur geringe Stoffmengen verwendet werden (für analytische Zwecke, Proben, Kleinarbeiten)
B18: n. n. | C18: n. n. | D18: nicht definiert18 | H18: bis 50 kg | J18: 6.1D | K18: Tube | M18: keine | N18: entfällt | Q18: Angebotsvorsorge Isocyanate | R18: keine | S18: Ja, da nur eine niedrige Exposition besteht (siehe EMKG)
B19: n. n. | C19: n. n. | D19: nicht definiert19 | H19: bis 200 kg | J19: 6.2 | K19: n. n. | Q19: prüfen (Rücksprache Betriebsarzt) | S19: Ja, da die Verwendung unter haushaltsüblichen Bedingungen erfolgt.
B20: n. n. | C20: n. n. | D20: nicht definiert20 | H20: über 200 kg | J20: 7 | K20: n. n. | Q20: nicht definiert | S20: Nein, da gefährliche Einstufungen und Eigenschaften vorliegen (siehe EMKG).
B21: n. n. | C21: n. n. | D21: nicht definiert21 | H21: über 1.000 kg | J21: 8A | K21: n. n. | Q21: nicht definiert | S21: Nein, da die Einstufung H314 besteht und ein Hautkontakt nicht ausgeschlossen werden kann.
B22: n. n. | C22: n. n. | D22: nicht definiert22 | J22: 8B | K22: n. n. | Q22: nicht definiert | S22: Nein, da Tätigkeiten mit dem Gefahrstoff in engen Räumen und Behältern erfolgen.
B23: n. n. | C23: n. n. | D23: nicht definiert23 | J23: 9 | K23: n. n. | Q23: nicht definiert | S23: Nein, da bei Verwendung eine gefährliche explosionsfähige Atmosphäre entstehen kann.
B24: n. n. | C24: n. n. | D24: nicht definiert24 | J24: 10 | K24: n. n. | Q24: nicht definiert | S24: frei
B25: n. n. | C25: n. n. | D25: nicht definiert25 | J25: 11 | K25: n. n. | Q25: nicht definiert | S25: frei
B26: n. n. | C26: n. n. | D26: nicht definiert26 | J26: 12 | K26: n. n. | Q26: nicht definiert | S26: frei
B27: n. n. | C27: n. n. | D27: nicht definiert27 | J27: 13 | K27: n. n. | Q27: nicht definiert | S27: frei
B28: n. n. | C28: n. n. | D28: nicht definiert28 | J28: 10-13 | K28: n. n.
B29: n. n. | C29: n. n. | D29: nicht definiert29
B30: n. n. | C30: n. n. | D30: nicht definiert30

Sheet Substitution
A1: Substitutionsprüfung gemäß TRGS 600 und GefStoffV | F1: grün (1) = Verbesserung rot (2) = Verschlechterung grau (leer) = keine Veränderung | I1: zurück
A2: Bisheriger Stoff: | I2: Û
A3: Ersatzlösung 1: | D3: Bisheriger Stoff | F3: Ersatzlösung 1
D4: =IFERROR(VLOOKUP($B$2,Gefahrstoffverzeichnis!$A$8:$FO$20,2,FALSE),"") | F4: =IFERROR(VLOOKUP($B$3,Gefahrstoffverzeichnis!$A$9:$FO$20,2,FALSE),"") | G4: ?
D5: =IFERROR(VLOOKUP($B$2,Gefahrstoffverzeichnis!$A$8:$FO$20,3,FALSE),"") | F5: =IFERROR(VLOOKUP($B$3,Gefahrstoffverzeichnis!$A$9:$FO$20,3,FALSE),"")
D7: Gefährlichkeitsmerkmale
C9: Gefahreneinstufung (Piktogramm): | D9: =IFERROR(VLOOKUP($B$2,Gefahrstoffverzeichnis!$A$8:$DN$20,COLUMN(Gefahrstoffverzeichnis!$CA$7),FALSE),"") | F9: =IFERROR(VLOOKUP($B$3,Gefahrstoffverzeichnis!$A$8:$DN$20,COLUMN(Gefahrstoffverzeichnis!$CA$7),FALSE),"")
C11: H 200er - Physikalische Gefahren: | D11: =IFERROR(VLOOKUP($B$2,Gefahrstoffverzeichnis!$A$8:$DN$20,COLUMN(Gefahrstoffverzeichnis!$CB$7),FALSE),"") | F11: =IFERROR(VLOOKUP($B$3,Gefahrstoffverzeichnis!$A$8:$DN$20,COLUMN(Gefahrstoffverzeichnis!$CB$7),FALSE),"")
C13: H 300er - Gesundheitsgefahren: | D13: =IFERROR(VLOOKUP($B$2,Gefahrstoffverzeichnis!$A$8:$DN$20,COLUMN(Gefahrstoffverzeichnis!$CC$7),FALSE),"") | F13: =IFERROR(VLOOKUP($B$3,Gefahrstoffverzeichnis!$A$8:$DN$20,COLUMN(Gefahrstoffverzeichnis!$CC$7),FALSE),"")
C15: H 400er - Umweltgefahren: | D15: =IFERROR(VLOOKUP($B$2,Gefahrstoffverzeichnis!$A$8:$DN$20,COLUMN(Gefahrstoffverzeichnis!$CD$7),FALSE),"") | F15: =IFERROR(VLOOKUP($B$3,Gefahrstoffverzeichnis!$A$8:$DN$20,COLUMN(Gefahrstoffverzeichnis!$CD$7),FALSE),"")
C17: EUH - Sätze: | D17: =IFERROR(VLOOKUP($B$2,Gefahrstoffverzeichnis!$A$8:$DN$20,COLUMN(Gefahrstoffverzeichnis!$CE$7),FALSE),"") | F17: =IFERROR(VLOOKUP($B$3,Gefahrstoffverzeichnis!$A$8:$DN$20,COLUMN(Gefahrstoffverzeichnis!$CE$7),FALSE),"")
C19: Flammpunkt: | D19: =IFERROR(VLOOKUP($B$2,Gefahrstoffverzeichnis!$A$8:$DN$20,COLUMN(Gefahrstoffverzeichnis!$CL$7),FALSE),"") | F19: =IFERROR(VLOOKUP($B$3,Gefahrstoffverzeichnis!$A$8:$DN$20,COLUMN(Gefahrstoffverzeichnis!$CL$7),FALSE),"")
C21: Arbeitsplatzgrenzwerte (AGW): | D21: =IFERROR(VLOOKUP($B$2,Gefahrstoffverzeichnis!$A$8:$DN$20,COLUMN(Gefahrstoffverzeichnis!$CK$7),FALSE),"") | F21: =IFERROR(VLOOKUP($B$3,Gefahrstoffverzeichnis!$A$8:$DN$20,COLUMN(Gefahrstoffverzeichnis!$CK$7),FALSE),"")
C23: CMR-Bestandteile: | D23: =IFERROR(CONCATENATE((VLOOKUP($B$2,Gefahrstoffverzeichnis!$A$8:$EY$20,COLUMN(Gefahrstoffverzeichnis!$EK$7),FALSE))," ",(VLOOKUP($B$2,Gefahrstoffverzeichnis!$A$8:$EY$20,COLUMN(Gefahrstoffverzeichnis!$EP$7),FALSE))),"") | F23: =IFERROR(CONCATENATE((VLOOKUP($B$3,Gefahrstoffverzeichnis!$A$8:$EY$20,COLUMN(Gefahrstoffverzeichnis!$EK$7),FALSE))," ",(VLOOKUP($B$3,Gefahrstoffverzeichnis!$A$8:$EY$20,COLUMN(Gefahrstoffverzeichnis!$EP$7),FALSE))),"")
C25: Wassergefährdungsklasse (WGK): | D25: =IFERROR(VLOOKUP($B$2,Gefahrstoffverzeichnis!$A$8:$DN$20,COLUMN(Gefahrstoffverzeichnis!$S$7),FALSE),"") | F25: =IFERROR(VLOOKUP($B$3,Gefahrstoffverzeichnis!$A$8:$DN$20,COLUMN(Gefahrstoffverzeichnis!$S$7),FALSE),"")
D27: Freisetzungspotenzial
C29: Gefährlichkeitsgruppe "Einatmen": | D29: =IFERROR(VLOOKUP($B$2,Gefahrstoffverzeichnis!$A$8:$DN$20,COLUMN(Gefahrstoffverzeichnis!$CU$7),FALSE),"") | F29: =IFERROR(VLOOKUP($B$3,Gefahrstoffverzeichnis!$A$8:$DN$20,COLUMN(Gefahrstoffverzeichnis!$CU$7),FALSE),"")
C31: EMKG "Einatmen" - Einstufung: | D31: =IFERROR(VLOOKUP($B$2,Gefahrstoffverzeichnis!$A$8:$DN$20,COLUMN(Gefahrstoffverzeichnis!$CX$8),FALSE),"") | F31: =IFERROR(VLOOKUP($B$3,Gefahrstoffverzeichnis!$A$8:$DN$20,COLUMN(Gefahrstoffverzeichnis!$CX$8),FALSE),"")
C33: EMKG "Einatmen" - Freisetzungsgruppe: | D33: =IFERROR(VLOOKUP($B$2,Gefahrstoffverzeichnis!$A$8:$DN$20,COLUMN(Gefahrstoffverzeichnis!$CZ$8),FALSE),"") | F33: =IFERROR(VLOOKUP($B$3,Gefahrstoffverzeichnis!$A$8:$DN$20,COLUMN(Gefahrstoffverzeichnis!$CZ$8),FALSE),"")
C35: Schutzleitfaden "Einatmen": | D35: =IFERROR(VLOOKUP($B$2,Gefahrstoffverzeichnis!$A$8:$DN$20,COLUMN(Gefahrstoffverzeichnis!$DB$8),FALSE),"") | F35: =IFERROR(VLOOKUP($B$3,Gefahrstoffverzeichnis!$A$8:$DN$20,COLUMN(Gefahrstoffverzeichnis!$DB$8),FALSE),"")
C37: Gefährlichkeitsgruppe "Haut": | D37: =IFERROR(VLOOKUP($B$2,Gefahrstoffverzeichnis!$A$8:$DN$20,COLUMN(Gefahrstoffverzeichnis!$DF$7),FALSE),"") | F37: =IFERROR(VLOOKUP($B$3,Gefahrstoffverzeichnis!$A$8:$DN$20,COLUMN(Gefahrstoffverzeichnis!$DF$7),FALSE),"")
C39: EMKG "Haut" - Einstufung Wirkfläche: | D39: =IFERROR(VLOOKUP($B$2,Gefahrstoffverzeichnis!$A$8:$DN$20,COLUMN(Gefahrstoffverzeichnis!$DH$7),FALSE),"") | F39: =IFERROR(VLOOKUP($B$3,Gefahrstoffverzeichnis!$A$8:$DN$20,COLUMN(Gefahrstoffverzeichnis!$DH$7),FALSE),"")
C41: EMKG "Haut" - Einstufung Wirkdauer: | D41: =IFERROR(VLOOKUP($B$2,Gefahrstoffverzeichnis!$A$8:$DN$20,COLUMN(Gefahrstoffverzeichnis!$DJ$8),FALSE),"") | F41: =IFERROR(VLOOKUP($B$3,Gefahrstoffverzeichnis!$A$8:$DN$20,COLUMN(Gefahrstoffverzeichnis!$DJ$8),FALSE),"")
C43: Schutzleitfaden "Haut": | D43: =IFERROR(VLOOKUP($B$2,Gefahrstoffverzeichnis!$A$8:$DN$20,COLUMN(Gefahrstoffverzeichnis!$DL$8),FALSE),"") | F43: =IFERROR(VLOOKUP($B$3,Gefahrstoffverzeichnis!$A$8:$DN$20,COLUMN(Gefahrstoffverzeichnis!$DL$8),FALSE),"")
D45: Interne Verfahrens- und Verwendungsbedingungen
C47: Technische Anforderungen erfüllt:
C49: Konsequenzen Produktionsverfahren:
C51: Konsequenzen Produktqualität:
C53: Preis / Wirtschaftlichkeit:
D55: Ergebnis
C57: Ergebnis der Substitutionsprüfung:
C59: Ausgewählter Stoff: | J59: =CONCATENATE("SDB_",B2,": ",D4," von ",D5) -> SDB_: von
J60: =CONCATENATE("SDB_",B3,": ",F4," von ",F5) -> SDB_: von
C62: Bemerkungen / Ergänzende Dokumente:
D63: (Sicherheitsdatenblätter, Betriebsanweisungen nach TRGS 555 u. a.)
C65: Bemerkungen / Hinweise:
C67: Substitutionsprüfung durchgeführt von:
D68: Datum, Unterschrift | F68: Name, Funktion
D70: Datum, Unterschrift | F70: Name, Funktion

Sheet GHS
A1: GHS-Piktogramme
A2: Explosion | B2: Flamme | C2: Flamme über Kreis | D2: Gasflasche | E2: Ätzwirkung | F2: Totenkopf (giftig) | G2: Ausrufezeichen | H2: Gesundheitsgefahr | I2: Umwelt
A3: Explosions-gefährlich | B3: Leicht- / Hochentzündlich | C3: Brandfördernd | D3: Komprimierte Gase | E3: Ätzend | F3: Giftig / sehr giftig | G3: Gesundheits- gefährdend | H3: Gesundheits- schädlich | I3: Umweltgefährdend
A4: GHS 01 | B4: GHS 02 | C4: GHS 03 | D4: GHS 04 | E4: GHS 05 | F4: GHS 06 | G4: GHS 07 | H4: GHS 08 | I4: GHS 09

Sheet Lager
A1: Lagermanagement | D1: zurück
A2: gemäß TRGS 510 | D2: Û | F2: bis kg | S2: bis kg | X2: bis kg | AC2: bis kg | AH2: bis kg | AK2: bis kg | AN2: bis kg | AQ2: bis kg | AV2: bis kg | AY2: bis kg | BB2: bis kg | BE2: bis Liter | BP2: bis kg | BY2: bis kg
F3: 50 | S3: 50 | X3: 50 | AC3: 10 | AH3: 100 | AK3: 200 | AN3: 200 | AQ3: 200 | AV3: 200 | AY3: 1 | BB3: 50 | BE3: 2.5 | BP3: 20 | BY3: 200
B4: Gefahrstofflager im Betrieb | D4: Lagermengen insgesamt | E4: davon sind: | F4: Akut toxische Gefahrstoffe | S4: Karzinogene und Keimzell-mutagene Gefahrstoffe | X4: Gefahrstoffe mit speziellen toxischen Eigenschaften | AC4: Extrem und leicht entzündbare Flüssigkeiten | AH4: Entzündbare Flüssigkeiten | AK4: Entzündbare Feststoffe | AN4: Pyrophore Stoffe und Gemische | AQ4: Selbsterhitzungs-fähige Stoffe und Gemische | AV4: Selbstzersetzliche Stoffe und Gemische | AY4: Oxidierende Flüssigkeiten und Feststoffe (1) | BB4: Oxidierende Flüssigkeiten und Feststoffe (2) | BE4: Gase in Druckgasbehältern [Liter] | BP4: Aerosolpackungen, Druckgas-kartuschen | BY4: Gefahrstoffe, die erfahrungsgemäß brennbar sind
B5: {=CONCATENATE("*",Gefahrstofflager,"*")} -> *nicht definiert1* | D5: =SUMIFS(Gefahrstoffverzeichnis!$AU:$AU,Gefahrstoffverzeichnis!$BY:$BY,"kg",Gefahrstoffverzeichnis!$AP:$AP,Lager!$B5) -> 0 | F5: =IF(SUM($G5:$R5)<>0,SUM($G5:$R5),"") | G5: *H300* | H5: =SUMIFS(Gefahrstoffverzeichnis!$AU:$AU,Gefahrstoffverzeichnis!$BY:$BY,"kg",Gefahrstoffverzeichnis!$AP:$AP,Lager!$B5,Gefahrstoffverzeichnis!$CC:$CC,$G5) -> 0 | I5: *H301* | J5: =SUMIFS(Gefahrstoffverzeichnis!$AU:$AU,Gefahrstoffverzeichnis!$BY:$BY,"kg",Gefahrstoffverzeichnis!$AP:$AP,Lager!$B5,Gefahrstoffverzeichnis!$CC:$CC,$I5,Gefahrstoffverzeichnis!$CC:$CC,"<>"&$G5) -> 0 | K5: *H310* | L5: =SUMIFS(Gefahrstoffverzeichnis!$AU:$AU,Gefahrstoffverzeichnis!$BY:$BY,"kg",Gefahrstoffverzeichnis!$AP:$AP,Lager!$B5,Gefahrstoffverzeichnis!$CC:$CC,$K5,Gefahrstoffverzeichnis!$CC:$CC,"<>"&$I5,Gefahrstoffverzeichnis!$CC:$CC,"<>"&$G5) -> 0 | M5: *H311* | N5: =SUMIFS(Gefahrstoffverzeichnis!$AU:$AU,Gefahrstoffverzeichnis!$BY:$BY,"kg",Gefahrstoffverzeichnis!$AP:$AP,Lager!$B5,Gefahrstoffverzeichnis!$CC:$CC,$M5,Gefahrstoffverzeichnis!$CC:$CC,"<>"&$K5,Gefahrstoffverzeichnis!$CC:$CC,"<>"&$I5,Gefahrstoffverzeichnis!$CC:$CC,"<>"&$G5) -> 0 | O5: *H330* | P5: =SUMIFS(Gefahrstoffverzeichnis!$AU:$AU,Gefahrstoffverzeichnis!$BY:$BY,"kg",Gefahrstoffverzeichnis!$AP:$AP,Lager!$B5,Gefahrstoffverzeichnis!$CC:$CC,$O5,Gefahrstoffverzeichnis!$CC:$CC,"<>"&$M5,Gefahrstoffverzeichnis!$CC:$CC,"<>"&$K5,Gefahrstoffverzeichnis!$CC:$CC,"<>"&$I5,Gefahrstoffverzeichnis!$CC:$CC,"<>"&$G5) -> 0 | Q5: *H331* | R5: =SUMIFS(Gefahrstoffverzeichnis!$AU:$AU,Gefahrstoffverzeichnis!$BY:$BY,"kg",Gefahrstoffverzeichnis!$AP:$AP,Lager!$B5,Gefahrstoffverzeichnis!$CC:$CC,$Q$5,Gefahrstoffverzeichnis!$CC:$CC,"<>"&$O5,Gefahrstoffverzeichnis!$CC:$CC,"<>"&$M5,Gefahrstoffverzeichnis!$CC:$CC,"<>"&$K5,Gefahrstoffverzeichnis!$CC:$CC,"<>"&$I5,Gefahrstoffverzeichnis!$CC:$CC,"<>"&$G5) -> 0 | S5: =IF(SUM($T5:$W5)<>0,SUM($T5:$W5),"") | T5: *H340* | U5: =SUMIFS(Gefahrstoffverzeichnis!$AU:$AU,Gefahrstoffverzeichnis!$BY:$BY,"kg",Gefahrstoffverzeichnis!$AP:$AP,Lager!$B5,Gefahrstoffverzeichnis!$CC:$CC,$T5) -> 0 | V5: *H350* | W5: =SUMIFS(Gefahrstoffverzeichnis!$AU:$AU,Gefahrstoffverzeichnis!$BY:$BY,"kg",Gefahrstoffverzeichnis!$AP:$AP,Lager!$B5,Gefahrstoffverzeichnis!$CC:$CC,$V5,Gefahrstoffverzeichnis!$CC:$CC,"<>"&$T5) -> 0 | X5: =IF(SUM($Y5:$AB5)<>0,SUM($Y5:$AB5),"") | Y5: *H370* | Z5: =SUMIFS(Gefahrstoffverzeichnis!$AU:$AU,Gefahrstoffverzeichnis!$BY:$BY,"kg",Gefahrstoffverzeichnis!$AP:$AP,Lager!$B5,Gefahrstoffverzeichnis!$CC:$CC,$Y5) -> 0 | AA5: *H372* | AB5: =SUMIFS(Gefahrstoffverzeichnis!$AU:$AU,Gefahrstoffverzeichnis!$BY:$BY,"kg",Gefahrstoffverzeichnis!$AP:$AP,Lager!$B5,Gefahrstoffverzeichnis!$CC:$CC,$AA5,Gefahrstoffverzeichnis!$CC:$CC,"<>"&$Y5) -> 0 | AC5: =IF(SUM($AD5:$AG5)<>0,SUM($AD5:$AG5),"") | AD5: *H224* | AE5: =SUMIFS(Gefahrstoffverzeichnis!$AU:$AU,Gefahrstoffverzeichnis!$BY:$BY,"kg",Gefahrstoffverzeichnis!$AP:$AP,Lager!$B5,Gefahrstoffverzeichnis!$CB:$CB,$AD5) -> 0 | AF5: *H225* | AG5: =SUMIFS(Gefahrstoffverzeichnis!$AU:$AU,Gefahrstoffverzeichnis!$BY:$BY,"kg",Gefahrstoffverzeichnis!$AP:$AP,Lager!$B5,Gefahrstoffverzeichnis!$CB:$CB,$AF5,Gefahrstoffverzeichnis!$CB:$CB,"<>"&$AD5) -> 0 | AH5: =IF(SUM($AI5:$AJ5)<>0,SUM($AI5:$AJ5),"") | AI5: *H226* | AJ5: =SUMIFS(Gefahrstoffverzeichnis!$AU:$AU,Gefahrstoffverzeichnis!$BY:$BY,"kg",Gefahrstoffverzeichnis!$AP:$AP,Lager!$B5,Gefahrstoffverzeichnis!$CB:$CB,$AI5) -> 0 | AK5: =IF(SUM($AL5:$AM5)<>0,SUM($AL5:$AM5),"") | AL5: *H228* | AM5: =SUMIFS(Gefahrstoffverzeichnis!$AU:$AU,Gefahrstoffverzeichnis!$BY:$BY,"kg",Gefahrstoffverzeichnis!$AP:$AP,Lager!$B5,Gefahrstoffverzeichnis!$CB:$CB,$AL5) -> 0 | AN5: =IF(SUM($AO5:$AP5)<>0,SUM($AO5:$AP5),"") | AO5: *H250* | AP5: =SUMIFS(Gefahrstoffverzeichnis!$AU:$AU,Gefahrstoffverzeichnis!$BY:$BY,"kg",Gefahrstoffverzeichnis!$AP:$AP,Lager!$B5,Gefahrstoffverzeichnis!$CB:$CB,$AO5) -> 0 | AQ5: =IF(SUM($AR5:$AU5)<>0,SUM($AR5:$AU5),"") | AR5: *H251* | AS5: =SUMIFS(Gefahrstoffverzeichnis!$AU:$AU,Gefahrstoffverzeichnis!$BY:$BY,"kg",Gefahrstoffverzeichnis!$AP:$AP,Lager!$B5,Gefahrstoffverzeichnis!$CB:$CB,$AR5) -> 0 | AT5: *H252* | AU5: =SUMIFS(Gefahrstoffverzeichnis!$AU:$AU,Gefahrstoffverzeichnis!$BY:$BY,"kg",Gefahrstoffverzeichnis!$AP:$AP,Lager!$B5,Gefahrstoffverzeichnis!$CB:$CB,$AT5,Gefahrstoffverzeichnis!$CB:$CB,"<>"&$AR5) -> 0 | AV5: =IF(SUM($AW5:$AX5)<>0,SUM($AW5:$AX5),"") | AW5: *H242* | AX5: =SUMIFS(Gefahrstoffverzeichnis!$AU:$AU,Gefahrstoffverzeichnis!$BY:$BY,"kg",Gefahrstoffverzeichnis!$AP:$AP,Lager!$B5,Gefahrstoffverzeichnis!$CB:$CB,$AW5) -> 0 | AY5: =IF(SUM($AZ5:$BA5)<>0,SUM($AZ5:$BA5),"") | AZ5: *H271* | BA5: =SUMIFS(Gefahrstoffverzeichnis!$AU:$AU,Gefahrstoffverzeichnis!$BY:$BY,"kg",Gefahrstoffverzeichnis!$AP:$AP,Lager!$B5,Gefahrstoffverzeichnis!$CB:$CB,$AZ5) -> 0 | BB5: =IF(SUM($BC5:$BD5)<>0,SUM($BC5:$BD5),"") | BC5: *H272* | BD5: =SUMIFS(Gefahrstoffverzeichnis!$AU:$AU,Gefahrstoffverzeichnis!$BY:$BY,"kg",Gefahrstoffverzeichnis!$AP:$AP,Lager!$B5,Gefahrstoffverzeichnis!$CB:$CB,$BC5) -> 0 | BE5: =IF(SUM($BF5:$BO5)<>0,SUM($BF5:$BO5),"") | BF5: *H220* | BG5: =SUMIFS(Gefahrstoffverzeichnis!$AU:$AU,Gefahrstoffverzeichnis!$BY:$BY,"Liter",Gefahrstoffverzeichnis!$AP:$AP,Lager!$B5,Gefahrstoffverzeichnis!$CB:$CB,$BF5) -> 0 | BH5: *H221* | BI5: =SUMIFS(Gefahrstoffverzeichnis!$AU:$AU,Gefahrstoffverzeichnis!$BY:$BY,"Liter",Gefahrstoffverzeichnis!$AP:$AP,Lager!$B5,Gefahrstoffverzeichnis!$CB:$CB,$BH5,Gefahrstoffverzeichnis!$CB:$CB,"<>"&$BF5) -> 0 | BJ5: *H270* | BK5: =SUMIFS(Gefahrstoffverzeichnis!$AU:$AU,Gefahrstoffverzeichnis!$BY:$BY,"Liter",Gefahrstoffverzeichnis!$AP:$AP,Lager!$B5,Gefahrstoffverzeichnis!$CB:$CB,$BJ5,Gefahrstoffverzeichnis!$CB:$CB,"<>"&$BH5,Gefahrstoffverzeichnis!$CB:$CB,"<>"&$BF5) -> 0 | BL5: *H280* | BM5: =SUMIFS(Gefahrstoffverzeichnis!$AU:$AU,Gefahrstoffverzeichnis!$BY:$BY,"Liter",Gefahrstoffverzeichnis!$AP:$AP,Lager!$B5,Gefahrstoffverzeichnis!$CB:$CB,$BL5,Gefahrstoffverzeichnis!$CB:$CB,"<>"&$BJ5,Gefahrstoffverzeichnis!$CB:$CB,"<>"&$BH5,Gefahrstoffverzeichnis!$CB:$CB,"<>"&$BF5) -> 0 | BN5: *H281* | BO5: =SUMIFS(Gefahrstoffverzeichnis!$AU:$AU,Gefahrstoffverzeichnis!$BY:$BY,"Liter",Gefahrstoffverzeichnis!$AP:$AP,Lager!$B5,Gefahrstoffverzeichnis!$CB:$CB,$BN5,Gefahrstoffverzeichnis!$CB:$CB,"<>"&$BL5,Gefahrstoffverzeichnis!$CB:$CB,"<>"&$BJ5,Gefahrstoffverzeichnis!$CB:$CB,"<>"&$BH5,Gefahrstoffverzeichnis!$CB:$CB,"<>"&$BF5) -> 0 | BP5: =IF(SUM($BQ5:$BX5)<>0,SUM($BQ5:$BX5),"") | BQ5: *H220* | BR5: =SUMIFS(Gefahrstoffverzeichnis!$AU:$AU,Gefahrstoffverzeichnis!$BY:$BY,"kg",Gefahrstoffverzeichnis!$AP:$AP,Lager!$B5,Gefahrstoffverzeichnis!$CB:$CB,$BQ5) -> 0 | BS5: *H221* | BT5: =SUMIFS(Gefahrstoffverzeichnis!$AU:$AU,Gefahrstoffverzeichnis!$BY:$BY,"kg",Gefahrstoffverzeichnis!$AP:$AP,Lager!$B5,Gefahrstoffverzeichnis!$CB:$CB,$BS5,Gefahrstoffverzeichnis!$CB:$CB,"<>"&$BQ5) -> 0 | BU5: *H222* | BV5: =SUMIFS(Gefahrstoffverzeichnis!$AU:$AU,Gefahrstoffverzeichnis!$BY:$BY,"kg",Gefahrstoffverzeichnis!$AP:$AP,Lager!$B5,Gefahrstoffverzeichnis!$CB:$CB,$BU5,Gefahrstoffverzeichnis!$CB:$CB,"<>"&$BS5,Gefahrstoffverzeichnis!$CB:$CB,"<>"&$BQ5) -> 0 | BW5: *H223* | BX5: =SUMIFS(Gefahrstoffverzeichnis!$AU:$AU,Gefahrstoffverzeichnis!$BY:$BY,"kg",Gefahrstoffverzeichnis!$AP:$AP,Lager!$B5,Gefahrstoffverzeichnis!$CB:$CB,$BW5,Gefahrstoffverzeichnis!$CB:$CB,"<>"&$BU5,Gefahrstoffverzeichnis!$CB:$CB,"<>"&$BS5,Gefahrstoffverzeichnis!$CB:$CB,"<>"&$BQ5) -> 0 | BY5: =IF(SUM($BZ5:$CC5)<>0,SUM($BZ5:$CC5),"") | BZ5: *H260* | CA5: =SUMIFS(Gefahrstoffverzeichnis!$AU:$AU,Gefahrstoffverzeichnis!$BY:$BY,"kg",Gefahrstoffverzeichnis!$AP:$AP,Lager!$B5,Gefahrstoffverzeichnis!$CB:$CB,$BZ5) -> 0 | CB5: *H261* | CC5: =SUMIFS(Gefahrstoffverzeichnis!$AU:$AU,Gefahrstoffverzeichnis!$BY:$BY,"kg",Gefahrstoffverzeichnis!$AP:$AP,Lager!$B5,Gefahrstoffverzeichnis!$CB:$CB,$CB5,Gefahrstoffverzeichnis!$CB:$CB,"<>"&$BZ5) -> 0
B6: *nicht definiert2* | D6: =SUMIFS(Gefahrstoffverzeichnis!$AU:$AU,Gefahrstoffverzeichnis!$BY:$BY,"kg",Gefahrstoffverzeichnis!$AP:$AP,Lager!$B6) -> 0 | F6: =IF(SUM($G6:$R6)<>0,SUM($G6:$R6),"") | G6: *H300* | H6: =SUMIFS(Gefahrstoffverzeichnis!$AU:$AU,Gefahrstoffverzeichnis!$BY:$BY,"kg",Gefahrstoffverzeichnis!$AP:$AP,Lager!$B6,Gefahrstoffverzeichnis!$CC:$CC,$G6) -> 0 | I6: *H301* | J6: =SUMIFS(Gefahrstoffverzeichnis!$AU:$AU,Gefahrstoffverzeichnis!$BY:$BY,"kg",Gefahrstoffverzeichnis!$AP:$AP,Lager!$B6,Gefahrstoffverzeichnis!$CC:$CC,$I6,Gefahrstoffverzeichnis!$CC:$CC,"<>"&$G6) -> 0 | K6: *H310* | L6: =SUMIFS(Gefahrstoffverzeichnis!$AU:$AU,Gefahrstoffverzeichnis!$BY:$BY,"kg",Gefahrstoffverzeichnis!$AP:$AP,Lager!$B6,Gefahrstoffverzeichnis!$CC:$CC,$K6,Gefahrstoffverzeichnis!$CC:$CC,"<>"&$I6,Gefahrstoffverzeichnis!$CC:$CC,"<>"&$G6) -> 0 | M6: *H311* | N6: =SUMIFS(Gefahrstoffverzeichnis!$AU:$AU,Gefahrstoffverzeichnis!$BY:$BY,"kg",Gefahrstoffverzeichnis!$AP:$AP,Lager!$B6,Gefahrstoffverzeichnis!$CC:$CC,$M6,Gefahrstoffverzeichnis!$CC:$CC,"<>"&$K6,Gefahrstoffverzeichnis!$CC:$CC,"<>"&$I6,Gefahrstoffverzeichnis!$CC:$CC,"<>"&$G6) -> 0 | O6: *H330* | P6: =SUMIFS(Gefahrstoffverzeichnis!$AU:$AU,Gefahrstoffverzeichnis!$BY:$BY,"kg",Gefahrstoffverzeichnis!$AP:$AP,Lager!$B6,Gefahrstoffverzeichnis!$CC:$CC,$O6,Gefahrstoffverzeichnis!$CC:$CC,"<>"&$M6,Gefahrstoffverzeichnis!$CC:$CC,"<>"&$K6,Gefahrstoffverzeichnis!$CC:$CC,"<>"&$I6,Gefahrstoffverzeichnis!$CC:$CC,"<>"&$G6) -> 0 | Q6: *H331* | R6: =SUMIFS(Gefahrstoffverzeichnis!$AU:$AU,Gefahrstoffverzeichnis!$BY:$BY,"kg",Gefahrstoffverzeichnis!$AP:$AP,Lager!$B6,Gefahrstoffverzeichnis!$CC:$CC,$Q$5,Gefahrstoffverzeichnis!$CC:$CC,"<>"&$O6,Gefahrstoffverzeichnis!$CC:$CC,"<>"&$M6,Gefahrstoffverzeichnis!$CC:$CC,"<>"&$K6,Gefahrstoffverzeichnis!$CC:$CC,"<>"&$I6,Gefahrstoffverzeichnis!$CC:$CC,"<>"&$G6) -> 0 | S6: =IF(SUM($T6:$W6)<>0,SUM($T6:$W6),"") | T6: *H340* | U6: =SUMIFS(Gefahrstoffverzeichnis!$AU:$AU,Gefahrstoffverzeichnis!$BY:$BY,"kg",Gefahrstoffverzeichnis!$AP:$AP,Lager!$B6,Gefahrstoffverzeichnis!$CC:$CC,$T6) -> 0 | V6: *H350* | W6: =SUMIFS(Gefahrstoffverzeichnis!$AU:$AU,Gefahrstoffverzeichnis!$BY:$BY,"kg",Gefahrstoffverzeichnis!$AP:$AP,Lager!$B6,Gefahrstoffverzeichnis!$CC:$CC,$V6,Gefahrstoffverzeichnis!$CC:$CC,"<>"&$T6) -> 0 | X6: =IF(SUM($Y6:$AB6)<>0,SUM($Y6:$AB6),"") | Y6: *H370* | Z6: =SUMIFS(Gefahrstoffverzeichnis!$AU:$AU,Gefahrstoffverzeichnis!$BY:$BY,"kg",Gefahrstoffverzeichnis!$AP:$AP,Lager!$B6,Gefahrstoffverzeichnis!$CC:$CC,$Y6) -> 0 | AA6: *H372* | AB6: =SUMIFS(Gefahrstoffverzeichnis!$AU:$AU,Gefahrstoffverzeichnis!$BY:$BY,"kg",Gefahrstoffverzeichnis!$AP:$AP,Lager!$B6,Gefahrstoffverzeichnis!$CC:$CC,$AA6,Gefahrstoffverzeichnis!$CC:$CC,"<>"&$Y6) -> 0 | AC6: =IF(SUM($AD6:$AG6)<>0,SUM($AD6:$AG6),"") | AD6: *H224* | AE6: =SUMIFS(Gefahrstoffverzeichnis!$AU:$AU,Gefahrstoffverzeichnis!$BY:$BY,"kg",Gefahrstoffverzeichnis!$AP:$AP,Lager!$B6,Gefahrstoffverzeichnis!$CB:$CB,$AD6) -> 0 | AF6: *H225* | AG6: =SUMIFS(Gefahrstoffverzeichnis!$AU:$AU,Gefahrstoffverzeichnis!$BY:$BY,"kg",Gefahrstoffverzeichnis!$AP:$AP,Lager!$B6,Gefahrstoffverzeichnis!$CB:$CB,$AF6,Gefahrstoffverzeichnis!$CB:$CB,"<>"&$AD6) -> 0 | AH6: =IF(SUM($AI6:$AJ6)<>0,SUM($AI6:$AJ6),"") | AI6: *H226* | AJ6: =SUMIFS(Gefahrstoffverzeichnis!$AU:$AU,Gefahrstoffverzeichnis!$BY:$BY,"kg",Gefahrstoffverzeichnis!$AP:$AP,Lager!$B6,Gefahrstoffverzeichnis!$CB:$CB,$AI6) -> 0 | AK6: =IF(SUM($AL6:$AM6)<>0,SUM($AL6:$AM6),"") | AL6: *H228* | AM6: =SUMIFS(Gefahrstoffverzeichnis!$AU:$AU,Gefahrstoffverzeichnis!$BY:$BY,"kg",Gefahrstoffverzeichnis!$AP:$AP,Lager!$B6,Gefahrstoffverzeichnis!$CB:$CB,$AL6) -> 0 | AN6: =IF(SUM($AO6:$AP6)<>0,SUM($AO6:$AP6),"") | AO6: *H250* | AP6: =SUMIFS(Gefahrstoffverzeichnis!$AU:$AU,Gefahrstoffverzeichnis!$BY:$BY,"kg",Gefahrstoffverzeichnis!$AP:$AP,Lager!$B6,Gefahrstoffverzeichnis!$CB:$CB,$AO6) -> 0 | AQ6: =IF(SUM($AR6:$AU6)<>0,SUM($AR6:$AU6),"") | AR6: *H251* | AS6: =SUMIFS(Gefahrstoffverzeichnis!$AU:$AU,Gefahrstoffverzeichnis!$BY:$BY,"kg",Gefahrstoffverzeichnis!$AP:$AP,Lager!$B6,Gefahrstoffverzeichnis!$CB:$CB,$AR6) -> 0 | AT6: *H252* | AU6: =SUMIFS(Gefahrstoffverzeichnis!$AU:$AU,Gefahrstoffverzeichnis!$BY:$BY,"kg",Gefahrstoffverzeichnis!$AP:$AP,Lager!$B6,Gefahrstoffverzeichnis!$CB:$CB,$AT6,Gefahrstoffverzeichnis!$CB:$CB,"<>"&$AR6) -> 0 | AV6: =IF(SUM($AW6:$AX6)<>0,SUM($AW6:$AX6),"") | AW6: *H242* | AX6: =SUMIFS(Gefahrstoffverzeichnis!$AU:$AU,Gefahrstoffverzeichnis!$BY:$BY,"kg",Gefahrstoffverzeichnis!$AP:$AP,Lager!$B6,Gefahrstoffverzeichnis!$CB:$CB,$AW6) -> 0 | AY6: =IF(SUM($AZ6:$BA6)<>0,SUM($AZ6:$BA6),"") | AZ6: *H271* | BA6: =SUMIFS(Gefahrstoffverzeichnis!$AU:$AU,Gefahrstoffverzeichnis!$BY:$BY,"kg",Gefahrstoffverzeichnis!$AP:$AP,Lager!$B6,Gefahrstoffverzeichnis!$CB:$CB,$AZ6) -> 0 | BB6: =IF(SUM($BC6:$BD6)<>0,SUM($BC6:$BD6),"") | BC6: *H272* | BD6: =SUMIFS(Gefahrstoffverzeichnis!$AU:$AU,Gefahrstoffverzeichnis!$BY:$BY,"kg",Gefahrstoffverzeichnis!$AP:$AP,Lager!$B6,Gefahrstoffverzeichnis!$CB:$CB,$BC6) -> 0 | BE6: =IF(SUM($BF6:$BO6)<>0,SUM($BF6:$BO6),"") | BF6: *H220* | BG6: =SUMIFS(Gefahrstoffverzeichnis!$AU:$AU,Gefahrstoffverzeichnis!$BY:$BY,"Liter",Gefahrstoffverzeichnis!$AP:$AP,Lager!$B6,Gefahrstoffverzeichnis!$CB:$CB,$BF6) -> 0 | BH6: *H221* | BI6: =SUMIFS(Gefahrstoffverzeichnis!$AU:$AU,Gefahrstoffverzeichnis!$BY:$BY,"Liter",Gefahrstoffverzeichnis!$AP:$AP,Lager!$B6,Gefahrstoffverzeichnis!$CB:$CB,$BH6,Gefahrstoffverzeichnis!$CB:$CB,"<>"&$BF6) -> 0 | BJ6: *H270* | BK6: =SUMIFS(Gefahrstoffverzeichnis!$AU:$AU,Gefahrstoffverzeichnis!$BY:$BY,"Liter",Gefahrstoffverzeichnis!$AP:$AP,Lager!$B6,Gefahrstoffverzeichnis!$CB:$CB,$BJ6,Gefahrstoffverzeichnis!$CB:$CB,"<>"&$BH6,Gefahrstoffverzeichnis!$CB:$CB,"<>"&$BF6) -> 0 | BL6: *H280* | BM6: =SUMIFS(Gefahrstoffverzeichnis!$AU:$AU,Gefahrstoffverzeichnis!$BY:$BY,"Liter",Gefahrstoffverzeichnis!$AP:$AP,Lager!$B6,Gefahrstoffverzeichnis!$CB:$CB,$BL6,Gefahrstoffverzeichnis!$CB:$CB,"<>"&$BJ6,Gefahrstoffverzeichnis!$CB:$CB,"<>"&$BH6,Gefahrstoffverzeichnis!$CB:$CB,"<>"&$BF6) -> 0 | BN6: *H281* | BO6: =SUMIFS(Gefahrstoffverzeichnis!$AU:$AU,Gefahrstoffverzeichnis!$BY:$BY,"Liter",Gefahrstoffverzeichnis!$AP:$AP,Lager!$B6,Gefahrstoffverzeichnis!$CB:$CB,$BN6,Gefahrstoffverzeichnis!$CB:$CB,"<>"&$BL6,Gefahrstoffverzeichnis!$CB:$CB,"<>"&$BJ6,Gefahrstoffverzeichnis!$CB:$CB,"<>"&$BH6,Gefahrstoffverzeichnis!$CB:$CB,"<>"&$BF6) -> 0 | BP6: =IF(SUM($BQ6:$BX6)<>0,SUM($BQ6:$BX6),"") | BQ6: *H220* | BR6: =SUMIFS(Gefahrstoffverzeichnis!$AU:$AU,Gefahrstoffverzeichnis!$BY:$BY,"kg",Gefahrstoffverzeichnis!$AP:$AP,Lager!$B6,Gefahrstoffverzeichnis!$CB:$CB,$BQ6) -> 0 | BS6: *H221* | BT6: =SUMIFS(Gefahrstoffverzeichnis!$AU:$AU,Gefahrstoffverzeichnis!$BY:$BY,"kg",Gefahrstoffverzeichnis!$AP:$AP,Lager!$B6,Gefahrstoffverzeichnis!$CB:$CB,$BS6,Gefahrstoffverzeichnis!$CB:$CB,"<>"&$BQ6) -> 0 | BU6: *H222* | BV6: =SUMIFS(Gefahrstoffverzeichnis!$AU:$AU,Gefahrstoffverzeichnis!$BY:$BY,"kg",Gefahrstoffverzeichnis!$AP:$AP,Lager!$B6,Gefahrstoffverzeichnis!$CB:$CB,$BU6,Gefahrstoffverzeichnis!$CB:$CB,"<>"&$BS6,Gefahrstoffverzeichnis!$CB:$CB,"<>"&$BQ6) -> 0 | BW6: *H223* | BX6: =SUMIFS(Gefahrstoffverzeichnis!$AU:$AU,Gefahrstoffverzeichnis!$BY:$BY,"kg",Gefahrstoffverzeichnis!$AP:$AP,Lager!$B6,Gefahrstoffverzeichnis!$CB:$CB,$BW6,Gefahrstoffverzeichnis!$CB:$CB,"<>"&$BU6,Gefahrstoffverzeichnis!$CB:$CB,"<>"&$BS6,Gefahrstoffverzeichnis!$CB:$CB,"<>"&$BQ6) -> 0 | BY6: =IF(SUM($BZ6:$CC6)<>0,SUM($BZ6:$CC6),"") | BZ6: *H260* | CA6: =SUMIFS(Gefahrstoffverzeichnis!$AU:$AU,Gefahrstoffverzeichnis!$BY:$BY,"kg",Gefahrstoffverzeichnis!$AP:$AP,Lager!$B6,Gefahrstoffverzeichnis!$CB:$CB,$BZ6) -> 0 | CB6: *H261* | CC6: =SUMIFS(Gefahrstoffverzeichnis!$AU:$AU,Gefahrstoffverzeichnis!$BY:$BY,"kg",Gefahrstoffverzeichnis!$AP:$AP,Lager!$B6,Gefahrstoffverzeichnis!$CB:$CB,$CB6,Gefahrstoffverzeichnis!$CB:$CB,"<>"&$BZ6) -> 0
B7: *nicht definiert3* | D7: =SUMIFS(Gefahrstoffverzeichnis!$AU:$AU,Gefahrstoffverzeichnis!$BY:$BY,"kg",Gefahrstoffverzeichnis!$AP:$AP,Lager!$B7) -> 0 | F7: =IF(SUM($G7:$R7)<>0,SUM($G7:$R7),"") | G7: *H300* | H7: =SUMIFS(Gefahrstoffverzeichnis!$AU:$AU,Gefahrstoffverzeichnis!$BY:$BY,"kg",Gefahrstoffverzeichnis!$AP:$AP,Lager!$B7,Gefahrstoffverzeichnis!$CC:$CC,$G7) -> 0 | I7: *H301* | J7: =SUMIFS(Gefahrstoffverzeichnis!$AU:$AU,Gefahrstoffverzeichnis!$BY:$BY,"kg",Gefahrstoffverzeichnis!$AP:$AP,Lager!$B7,Gefahrstoffverzeichnis!$CC:$CC,$I7,Gefahrstoffverzeichnis!$CC:$CC,"<>"&$G7) -> 0 | K7: *H310* | L7: =SUMIFS(Gefahrstoffverzeichnis!$AU:$AU,Gefahrstoffverzeichnis!$BY:$BY,"kg",Gefahrstoffverzeichnis!$AP:$AP,Lager!$B7,Gefahrstoffverzeichnis!$CC:$CC,$K7,Gefahrstoffverzeichnis!$CC:$CC,"<>"&$I7,Gefahrstoffverzeichnis!$CC:$CC,"<>"&$G7) -> 0 | M7: *H311* | N7: =SUMIFS(Gefahrstoffverzeichnis!$AU:$AU,Gefahrstoffverzeichnis!$BY:$BY,"kg",Gefahrstoffverzeichnis!$AP:$AP,Lager!$B7,Gefahrstoffverzeichnis!$CC:$CC,$M7,Gefahrstoffverzeichnis!$CC:$CC,"<>"&$K7,Gefahrstoffverzeichnis!$CC:$CC,"<>"&$I7,Gefahrstoffverzeichnis!$CC:$CC,"<>"&$G7) -> 0 | O7: *H330* | P7: =SUMIFS(Gefahrstoffverzeichnis!$AU:$AU,Gefahrstoffverzeichnis!$BY:$BY,"kg",Gefahrstoffverzeichnis!$AP:$AP,Lager!$B7,Gefahrstoffverzeichnis!$CC:$CC,$O7,Gefahrstoffverzeichnis!$CC:$CC,"<>"&$M7,Gefahrstoffverzeichnis!$CC:$CC,"<>"&$K7,Gefahrstoffverzeichnis!$CC:$CC,"<>"&$I7,Gefahrstoffverzeichnis!$CC:$CC,"<>"&$G7) -> 0 | Q7: *H331* | R7: =SUMIFS(Gefahrstoffverzeichnis!$AU:$AU,Gefahrstoffverzeichnis!$BY:$BY,"kg",Gefahrstoffverzeichnis!$AP:$AP,Lager!$B7,Gefahrstoffverzeichnis!$CC:$CC,$Q$5,Gefahrstoffverzeichnis!$CC:$CC,"<>"&$O7,Gefahrstoffverzeichnis!$CC:$CC,"<>"&$M7,Gefahrstoffverzeichnis!$CC:$CC,"<>"&$K7,Gefahrstoffverzeichnis!$CC:$CC,"<>"&$I7,Gefahrstoffverzeichnis!$CC:$CC,"<>"&$G7) -> 0 | S7: =IF(SUM($T7:$W7)<>0,SUM($T7:$W7),"") | T7: *H340* | U7: =SUMIFS(Gefahrstoffverzeichnis!$AU:$AU,Gefahrstoffverzeichnis!$BY:$BY,"kg",Gefahrstoffverzeichnis!$AP:$AP,Lager!$B7,Gefahrstoffverzeichnis!$CC:$CC,$T7) -> 0 | V7: *H350* | W7: =SUMIFS(Gefahrstoffverzeichnis!$AU:$AU,Gefahrstoffverzeichnis!$BY:$BY,"kg",Gefahrstoffverzeichnis!$AP:$AP,Lager!$B7,Gefahrstoffverzeichnis!$CC:$CC,$V7,Gefahrstoffverzeichnis!$CC:$CC,"<>"&$T7) -> 0 | X7: =IF(SUM($Y7:$AB7)<>0,SUM($Y7:$AB7),"") | Y7: *H370* | Z7: =SUMIFS(Gefahrstoffverzeichnis!$AU:$AU,Gefahrstoffverzeichnis!$BY:$BY,"kg",Gefahrstoffverzeichnis!$AP:$AP,Lager!$B7,Gefahrstoffverzeichnis!$CC:$CC,$Y7) -> 0 | AA7: *H372* | AB7: =SUMIFS(Gefahrstoffverzeichnis!$AU:$AU,Gefahrstoffverzeichnis!$BY:$BY,"kg",Gefahrstoffverzeichnis!$AP:$AP,Lager!$B7,Gefahrstoffverzeichnis!$CC:$CC,$AA7,Gefahrstoffverzeichnis!$CC:$CC,"<>"&$Y7) -> 0 | AC7: =IF(SUM($AD7:$AG7)<>0,SUM($AD7:$AG7),"") | AD7: *H224* | AE7: =SUMIFS(Gefahrstoffverzeichnis!$AU:$AU,Gefahrstoffverzeichnis!$BY:$BY,"kg",Gefahrstoffverzeichnis!$AP:$AP,Lager!$B7,Gefahrstoffverzeichnis!$CB:$CB,$AD7) -> 0 | AF7: *H225* | AG7: =SUMIFS(Gefahrstoffverzeichnis!$AU:$AU,Gefahrstoffverzeichnis!$BY:$BY,"kg",Gefahrstoffverzeichnis!$AP:$AP,Lager!$B7,Gefahrstoffverzeichnis!$CB:$CB,$AF7,Gefahrstoffverzeichnis!$CB:$CB,"<>"&$AD7) -> 0 | AH7: =IF(SUM($AI7:$AJ7)<>0,SUM($AI7:$AJ7),"") | AI7: *H226* | AJ7: =SUMIFS(Gefahrstoffverzeichnis!$AU:$AU,Gefahrstoffverzeichnis!$BY:$BY,"kg",Gefahrstoffverzeichnis!$AP:$AP,Lager!$B7,Gefahrstoffverzeichnis!$CB:$CB,$AI7) -> 0 | AK7: =IF(SUM($AL7:$AM7)<>0,SUM($AL7:$AM7),"") | AL7: *H228* | AM7: =SUMIFS(Gefahrstoffverzeichnis!$AU:$AU,Gefahrstoffverzeichnis!$BY:$BY,"kg",Gefahrstoffverzeichnis!$AP:$AP,Lager!$B7,Gefahrstoffverzeichnis!$CB:$CB,$AL7) -> 0 | AN7: =IF(SUM($AO7:$AP7)<>0,SUM($AO7:$AP7),"") | AO7: *H250* | AP7: =SUMIFS(Gefahrstoffverzeichnis!$AU:$AU,Gefahrstoffverzeichnis!$BY:$BY,"kg",Gefahrstoffverzeichnis!$AP:$AP,Lager!$B7,Gefahrstoffverzeichnis!$CB:$CB,$AO7) -> 0 | AQ7: =IF(SUM($AR7:$AU7)<>0,SUM($AR7:$AU7),"") | AR7: *H251* | AS7: =SUMIFS(Gefahrstoffverzeichnis!$AU:$AU,Gefahrstoffverzeichnis!$BY:$BY,"kg",Gefahrstoffverzeichnis!$AP:$AP,Lager!$B7,Gefahrstoffverzeichnis!$CB:$CB,$AR7) -> 0 | AT7: *H252* | AU7: =SUMIFS(Gefahrstoffverzeichnis!$AU:$AU,Gefahrstoffverzeichnis!$BY:$BY,"kg",Gefahrstoffverzeichnis!$AP:$AP,Lager!$B7,Gefahrstoffverzeichnis!$CB:$CB,$AT7,Gefahrstoffverzeichnis!$CB:$CB,"<>"&$AR7) -> 0 | AV7: =IF(SUM($AW7:$AX7)<>0,SUM($AW7:$AX7),"") | AW7: *H242* | AX7: =SUMIFS(Gefahrstoffverzeichnis!$AU:$AU,Gefahrstoffverzeichnis!$BY:$BY,"kg",Gefahrstoffverzeichnis!$AP:$AP,Lager!$B7,Gefahrstoffverzeichnis!$CB:$CB,$AW7) -> 0 | AY7: =IF(SUM($AZ7:$BA7)<>0,SUM($AZ7:$BA7),"") | AZ7: *H271* | BA7: =SUMIFS(Gefahrstoffverzeichnis!$AU:$AU,Gefahrstoffverzeichnis!$BY:$BY,"kg",Gefahrstoffverzeichnis!$AP:$AP,Lager!$B7,Gefahrstoffverzeichnis!$CB:$CB,$AZ7) -> 0 | BB7: =IF(SUM($BC7:$BD7)<>0,SUM($BC7:$BD7),"") | BC7: *H272* | BD7: =SUMIFS(Gefahrstoffverzeichnis!$AU:$AU,Gefahrstoffverzeichnis!$BY:$BY,"kg",Gefahrstoffverzeichnis!$AP:$AP,Lager!$B7,Gefahrstoffverzeichnis!$CB:$CB,$BC7) -> 0 | BE7: =IF(SUM($BF7:$BO7)<>0,SUM($BF7:$BO7),"") | BF7: *H220* | BG7: =SUMIFS(Gefahrstoffverzeichnis!$AU:$AU,Gefahrstoffverzeichnis!$BY:$BY,"Liter",Gefahrstoffverzeichnis!$AP:$AP,Lager!$B7,Gefahrstoffverzeichnis!$CB:$CB,$BF7) -> 0 | BH7: *H221* | BI7: =SUMIFS(Gefahrstoffverzeichnis!$AU:$AU,Gefahrstoffverzeichnis!$BY:$BY,"Liter",Gefahrstoffverzeichnis!$AP:$AP,Lager!$B7,Gefahrstoffverzeichnis!$CB:$CB,$BH7,Gefahrstoffverzeichnis!$CB:$CB,"<>"&$BF7) -> 0 | BJ7: *H270* | BK7: =SUMIFS(Gefahrstoffverzeichnis!$AU:$AU,Gefahrstoffverzeichnis!$BY:$BY,"Liter",Gefahrstoffverzeichnis!$AP:$AP,Lager!$B7,Gefahrstoffverzeichnis!$CB:$CB,$BJ7,Gefahrstoffverzeichnis!$CB:$CB,"<>"&$BH7,Gefahrstoffverzeichnis!$CB:$CB,"<>"&$BF7) -> 0 | BL7: *H280* | BM7: =SUMIFS(Gefahrstoffverzeichnis!$AU:$AU,Gefahrstoffverzeichnis!$BY:$BY,"Liter",Gefahrstoffverzeichnis!$AP:$AP,Lager!$B7,Gefahrstoffverzeichnis!$CB:$CB,$BL7,Gefahrstoffverzeichnis!$CB:$CB,"<>"&$BJ7,Gefahrstoffverzeichnis!$CB:$CB,"<>"&$BH7,Gefahrstoffverzeichnis!$CB:$CB,"<>"&$BF7) -> 0 | BN7: *H281* | BO7: =SUMIFS(Gefahrstoffverzeichnis!$AU:$AU,Gefahrstoffverzeichnis!$BY:$BY,"Liter",Gefahrstoffverzeichnis!$AP:$AP,Lager!$B7,Gefahrstoffverzeichnis!$CB:$CB,$BN7,Gefahrstoffverzeichnis!$CB:$CB,"<>"&$BL7,Gefahrstoffverzeichnis!$CB:$CB,"<>"&$BJ7,Gefahrstoffverzeichnis!$CB:$CB,"<>"&$BH7,Gefahrstoffverzeichnis!$CB:$CB,"<>"&$BF7) -> 0 | BP7: =IF(SUM($BQ7:$BX7)<>0,SUM($BQ7:$BX7),"") | BQ7: *H220* | BR7: =SUMIFS(Gefahrstoffverzeichnis!$AU:$AU,Gefahrstoffverzeichnis!$BY:$BY,"kg",Gefahrstoffverzeichnis!$AP:$AP,Lager!$B7,Gefahrstoffverzeichnis!$CB:$CB,$BQ7) -> 0 | BS7: *H221* | BT7: =SUMIFS(Gefahrstoffverzeichnis!$AU:$AU,Gefahrstoffverzeichnis!$BY:$BY,"kg",Gefahrstoffverzeichnis!$AP:$AP,Lager!$B7,Gefahrstoffverzeichnis!$CB:$CB,$BS7,Gefahrstoffverzeichnis!$CB:$CB,"<>"&$BQ7) -> 0 | BU7: *H222* | BV7: =SUMIFS(Gefahrstoffverzeichnis!$AU:$AU,Gefahrstoffverzeichnis!$BY:$BY,"kg",Gefahrstoffverzeichnis!$AP:$AP,Lager!$B7,Gefahrstoffverzeichnis!$CB:$CB,$BU7,Gefahrstoffverzeichnis!$CB:$CB,"<>"&$BS7,Gefahrstoffverzeichnis!$CB:$CB,"<>"&$BQ7) -> 0 | BW7: *H223* | BX7: =SUMIFS(Gefahrstoffverzeichnis!$AU:$AU,Gefahrstoffverzeichnis!$BY:$BY,"kg",Gefahrstoffverzeichnis!$AP:$AP,Lager!$B7,Gefahrstoffverzeichnis!$CB:$CB,$BW7,Gefahrstoffverzeichnis!$CB:$CB,"<>"&$BU7,Gefahrstoffverzeichnis!$CB:$CB,"<>"&$BS7,Gefahrstoffverzeichnis!$CB:$CB,"<>"&$BQ7) -> 0 | BY7: =IF(SUM($BZ7:$CC7)<>0,SUM($BZ7:$CC7),"") | BZ7: *H260* | CA7: =SUMIFS(Gefahrstoffverzeichnis!$AU:$AU,Gefahrstoffverzeichnis!$BY:$BY,"kg",Gefahrstoffverzeichnis!$AP:$AP,Lager!$B7,Gefahrstoffverzeichnis!$CB:$CB,$BZ7) -> 0 | CB7: *H261* | CC7: =SUMIFS(Gefahrstoffverzeichnis!$AU:$AU,Gefahrstoffverzeichnis!$BY:$BY,"kg",Gefahrstoffverzeichnis!$AP:$AP,Lager!$B7,Gefahrstoffverzeichnis!$CB:$CB,$CB7,Gefahrstoffverzeichnis!$CB:$CB,"<>"&$BZ7) -> 0
B8: *nicht definiert4* | D8: =SUMIFS(Gefahrstoffverzeichnis!$AU:$AU,Gefahrstoffverzeichnis!$BY:$BY,"kg",Gefahrstoffverzeichnis!$AP:$AP,Lager!$B8) -> 0 | F8: =IF(SUM($G8:$R8)<>0,SUM($G8:$R8),"") | G8: *H300* | H8: =SUMIFS(Gefahrstoffverzeichnis!$AU:$AU,Gefahrstoffverzeichnis!$BY:$BY,"kg",Gefahrstoffverzeichnis!$AP:$AP,Lager!$B8,Gefahrstoffverzeichnis!$CC:$CC,$G8) -> 0 | I8: *H301* | J8: =SUMIFS(Gefahrstoffverzeichnis!$AU:$AU,Gefahrstoffverzeichnis!$BY:$BY,"kg",Gefahrstoffverzeichnis!$AP:$AP,Lager!$B8,Gefahrstoffverzeichnis!$CC:$CC,$I8,Gefahrstoffverzeichnis!$CC:$CC,"<>"&$G8) -> 0 | K8: *H310* | L8: =SUMIFS(Gefahrstoffverzeichnis!$AU:$AU,Gefahrstoffverzeichnis!$BY:$BY,"kg",Gefahrstoffverzeichnis!$AP:$AP,Lager!$B8,Gefahrstoffverzeichnis!$CC:$CC,$K8,Gefahrstoffverzeichnis!$CC:$CC,"<>"&$I8,Gefahrstoffverzeichnis!$CC:$CC,"<>"&$G8) -> 0 | M8: *H311* | N8: =SUMIFS(Gefahrstoffverzeichnis!$AU:$AU,Gefahrstoffverzeichnis!$BY:$BY,"kg",Gefahrstoffverzeichnis!$AP:$AP,Lager!$B8,Gefahrstoffverzeichnis!$CC:$CC,$M8,Gefahrstoffverzeichnis!$CC:$CC,"<>"&$K8,Gefahrstoffverzeichnis!$CC:$CC,"<>"&$I8,Gefahrstoffverzeichnis!$CC:$CC,"<>"&$G8) -> 0 | O8: *H330* | P8: =SUMIFS(Gefahrstoffverzeichnis!$AU:$AU,Gefahrstoffverzeichnis!$BY:$BY,"kg",Gefahrstoffverzeichnis!$AP:$AP,Lager!$B8,Gefahrstoffverzeichnis!$CC:$CC,$O8,Gefahrstoffverzeichnis!$CC:$CC,"<>"&$M8,Gefahrstoffverzeichnis!$CC:$CC,"<>"&$K8,Gefahrstoffverzeichnis!$CC:$CC,"<>"&$I8,Gefahrstoffverzeichnis!$CC:$CC,"<>"&$G8) -> 0 | Q8: *H331* | R8: =SUMIFS(Gefahrstoffverzeichnis!$AU:$AU,Gefahrstoffverzeichnis!$BY:$BY,"kg",Gefahrstoffverzeichnis!$AP:$AP,Lager!$B8,Gefahrstoffverzeichnis!$CC:$CC,$Q$5,Gefahrstoffverzeichnis!$CC:$CC,"<>"&$O8,Gefahrstoffverzeichnis!$CC:$CC,"<>"&$M8,Gefahrstoffverzeichnis!$CC:$CC,"<>"&$K8,Gefahrstoffverzeichnis!$CC:$CC,"<>"&$I8,Gefahrstoffverzeichnis!$CC:$CC,"<>"&$G8) -> 0 | S8: =IF(SUM($T8:$W8)<>0,SUM($T8:$W8),"") | T8: *H340* | U8: =SUMIFS(Gefahrstoffverzeichnis!$AU:$AU,Gefahrstoffverzeichnis!$BY:$BY,"kg",Gefahrstoffverzeichnis!$AP:$AP,Lager!$B8,Gefahrstoffverzeichnis!$CC:$CC,$T8) -> 0 | V8: *H350* | W8: =SUMIFS(Gefahrstoffverzeichnis!$AU:$AU,Gefahrstoffverzeichnis!$BY:$BY,"kg",Gefahrstoffverzeichnis!$AP:$AP,Lager!$B8,Gefahrstoffverzeichnis!$CC:$CC,$V8,Gefahrstoffverzeichnis!$CC:$CC,"<>"&$T8) -> 0 | X8: =IF(SUM($Y8:$AB8)<>0,SUM($Y8:$AB8),"") | Y8: *H370* | Z8: =SUMIFS(Gefahrstoffverzeichnis!$AU:$AU,Gefahrstoffverzeichnis!$BY:$BY,"kg",Gefahrstoffverzeichnis!$AP:$AP,Lager!$B8,Gefahrstoffverzeichnis!$CC:$CC,$Y8) -> 0 | AA8: *H372* | AB8: =SUMIFS(Gefahrstoffverzeichnis!$AU:$AU,Gefahrstoffverzeichnis!$BY:$BY,"kg",Gefahrstoffverzeichnis!$AP:$AP,Lager!$B8,Gefahrstoffverzeichnis!$CC:$CC,$AA8,Gefahrstoffverzeichnis!$CC:$CC,"<>"&$Y8) -> 0 | AC8: =IF(SUM($AD8:$AG8)<>0,SUM($AD8:$AG8),"") | AD8: *H224* | AE8: =SUMIFS(Gefahrstoffverzeichnis!$AU:$AU,Gefahrstoffverzeichnis!$BY:$BY,"kg",Gefahrstoffverzeichnis!$AP:$AP,Lager!$B8,Gefahrstoffverzeichnis!$CB:$CB,$AD8) -> 0 | AF8: *H225* | AG8: =SUMIFS(Gefahrstoffverzeichnis!$AU:$AU,Gefahrstoffverzeichnis!$BY:$BY,"kg",Gefahrstoffverzeichnis!$AP:$AP,Lager!$B8,Gefahrstoffverzeichnis!$CB:$CB,$AF8,Gefahrstoffverzeichnis!$CB:$CB,"<>"&$AD8) -> 0 | AH8: =IF(SUM($AI8:$AJ8)<>0,SUM($AI8:$AJ8),"") | AI8: *H226* | AJ8: =SUMIFS(Gefahrstoffverzeichnis!$AU:$AU,Gefahrstoffverzeichnis!$BY:$BY,"kg",Gefahrstoffverzeichnis!$AP:$AP,Lager!$B8,Gefahrstoffverzeichnis!$CB:$CB,$AI8) -> 0 | AK8: =IF(SUM($AL8:$AM8)<>0,SUM($AL8:$AM8),"") | AL8: *H228* | AM8: =SUMIFS(Gefahrstoffverzeichnis!$AU:$AU,Gefahrstoffverzeichnis!$BY:$BY,"kg",Gefahrstoffverzeichnis!$AP:$AP,Lager!$B8,Gefahrstoffverzeichnis!$CB:$CB,$AL8) -> 0 | AN8: =IF(SUM($AO8:$AP8)<>0,SUM($AO8:$AP8),"") | AO8: *H250* | AP8: =SUMIFS(Gefahrstoffverzeichnis!$AU:$AU,Gefahrstoffverzeichnis!$BY:$BY,"kg",Gefahrstoffverzeichnis!$AP:$AP,Lager!$B8,Gefahrstoffverzeichnis!$CB:$CB,$AO8) -> 0 | AQ8: =IF(SUM($AR8:$AU8)<>0,SUM($AR8:$AU8),"") | AR8: *H251* | AS8: =SUMIFS(Gefahrstoffverzeichnis!$AU:$AU,Gefahrstoffverzeichnis!$BY:$BY,"kg",Gefahrstoffverzeichnis!$AP:$AP,Lager!$B8,Gefahrstoffverzeichnis!$CB:$CB,$AR8) -> 0 | AT8: *H252* | AU8: =SUMIFS(Gefahrstoffverzeichnis!$AU:$AU,Gefahrstoffverzeichnis!$BY:$BY,"kg",Gefahrstoffverzeichnis!$AP:$AP,Lager!$B8,Gefahrstoffverzeichnis!$CB:$CB,$AT8,Gefahrstoffverzeichnis!$CB:$CB,"<>"&$AR8) -> 0 | AV8: =IF(SUM($AW8:$AX8)<>0,SUM($AW8:$AX8),"") | AW8: *H242* | AX8: =SUMIFS(Gefahrstoffverzeichnis!$AU:$AU,Gefahrstoffverzeichnis!$BY:$BY,"kg",Gefahrstoffverzeichnis!$AP:$AP,Lager!$B8,Gefahrstoffverzeichnis!$CB:$CB,$AW8) -> 0 | AY8: =IF(SUM($AZ8:$BA8)<>0,SUM($AZ8:$BA8),"") | AZ8: *H271* | BA8: =SUMIFS(Gefahrstoffverzeichnis!$AU:$AU,Gefahrstoffverzeichnis!$BY:$BY,"kg",Gefahrstoffverzeichnis!$AP:$AP,Lager!$B8,Gefahrstoffverzeichnis!$CB:$CB,$AZ8) -> 0 | BB8: =IF(SUM($BC8:$BD8)<>0,SUM($BC8:$BD8),"") | BC8: *H272* | BD8: =SUMIFS(Gefahrstoffverzeichnis!$AU:$AU,Gefahrstoffverzeichnis!$BY:$BY,"kg",Gefahrstoffverzeichnis!$AP:$AP,Lager!$B8,Gefahrstoffverzeichnis!$CB:$CB,$BC8) -> 0 | BE8: =IF(SUM($BF8:$BO8)<>0,SUM($BF8:$BO8),"") | BF8: *H220* | BG8: =SUMIFS(Gefahrstoffverzeichnis!$AU:$AU,Gefahrstoffverzeichnis!$BY:$BY,"Liter",Gefahrstoffverzeichnis!$AP:$AP,Lager!$B8,Gefahrstoffverzeichnis!$CB:$CB,$BF8) -> 0 | BH8: *H221* | BI8: =SUMIFS(Gefahrstoffverzeichnis!$AU:$AU,Gefahrstoffverzeichnis!$BY:$BY,"Liter",Gefahrstoffverzeichnis!$AP:$AP,Lager!$B8,Gefahrstoffverzeichnis!$CB:$CB,$BH8,Gefahrstoffverzeichnis!$CB:$CB,"<>"&$BF8) -> 0 | BJ8: *H270* | BK8: =SUMIFS(Gefahrstoffverzeichnis!$AU:$AU,Gefahrstoffverzeichnis!$BY:$BY,"Liter",Gefahrstoffverzeichnis!$AP:$AP,Lager!$B8,Gefahrstoffverzeichnis!$CB:$CB,$BJ8,Gefahrstoffverzeichnis!$CB:$CB,"<>"&$BH8,Gefahrstoffverzeichnis!$CB:$CB,"<>"&$BF8) -> 0 | BL8: *H280* | BM8: =SUMIFS(Gefahrstoffverzeichnis!$AU:$AU,Gefahrstoffverzeichnis!$BY:$BY,"Liter",Gefahrstoffverzeichnis!$AP:$AP,Lager!$B8,Gefahrstoffverzeichnis!$CB:$CB,$BL8,Gefahrstoffverzeichnis!$CB:$CB,"<>"&$BJ8,Gefahrstoffverzeichnis!$CB:$CB,"<>"&$BH8,Gefahrstoffverzeichnis!$CB:$CB,"<>"&$BF8) -> 0 | BN8: *H281* | BO8: =SUMIFS(Gefahrstoffverzeichnis!$AU:$AU,Gefahrstoffverzeichnis!$BY:$BY,"Liter",Gefahrstoffverzeichnis!$AP:$AP,Lager!$B8,Gefahrstoffverzeichnis!$CB:$CB,$BN8,Gefahrstoffverzeichnis!$CB:$CB,"<>"&$BL8,Gefahrstoffverzeichnis!$CB:$CB,"<>"&$BJ8,Gefahrstoffverzeichnis!$CB:$CB,"<>"&$BH8,Gefahrstoffverzeichnis!$CB:$CB,"<>"&$BF8) -> 0 | BP8: =IF(SUM($BQ8:$BX8)<>0,SUM($BQ8:$BX8),"") | BQ8: *H220* | BR8: =SUMIFS(Gefahrstoffverzeichnis!$AU:$AU,Gefahrstoffverzeichnis!$BY:$BY,"kg",Gefahrstoffverzeichnis!$AP:$AP,Lager!$B8,Gefahrstoffverzeichnis!$CB:$CB,$BQ8) -> 0 | BS8: *H221* | BT8: =SUMIFS(Gefahrstoffverzeichnis!$AU:$AU,Gefahrstoffverzeichnis!$BY:$BY,"kg",Gefahrstoffverzeichnis!$AP:$AP,Lager!$B8,Gefahrstoffverzeichnis!$CB:$CB,$BS8,Gefahrstoffverzeichnis!$CB:$CB,"<>"&$BQ8) -> 0 | BU8: *H222* | BV8: =SUMIFS(Gefahrstoffverzeichnis!$AU:$AU,Gefahrstoffverzeichnis!$BY:$BY,"kg",Gefahrstoffverzeichnis!$AP:$AP,Lager!$B8,Gefahrstoffverzeichnis!$CB:$CB,$BU8,Gefahrstoffverzeichnis!$CB:$CB,"<>"&$BS8,Gefahrstoffverzeichnis!$CB:$CB,"<>"&$BQ8) -> 0 | BW8: *H223* | BX8: =SUMIFS(Gefahrstoffverzeichnis!$AU:$AU,Gefahrstoffverzeichnis!$BY:$BY,"kg",Gefahrstoffverzeichnis!$AP:$AP,Lager!$B8,Gefahrstoffverzeichnis!$CB:$CB,$BW8,Gefahrstoffverzeichnis!$CB:$CB,"<>"&$BU8,Gefahrstoffverzeichnis!$CB:$CB,"<>"&$BS8,Gefahrstoffverzeichnis!$CB:$CB,"<>"&$BQ8) -> 0 | BY8: =IF(SUM($BZ8:$CC8)<>0,SUM($BZ8:$CC8),"") | BZ8: *H260* | CA8: =SUMIFS(Gefahrstoffverzeichnis!$AU:$AU,Gefahrstoffverzeichnis!$BY:$BY,"kg",Gefahrstoffverzeichnis!$AP:$AP,Lager!$B8,Gefahrstoffverzeichnis!$CB:$CB,$BZ8) -> 0 | CB8: *H261* | CC8: =SUMIFS(Gefahrstoffverzeichnis!$AU:$AU,Gefahrstoffverzeichnis!$BY:$BY,"kg",Gefahrstoffverzeichnis!$AP:$AP,Lager!$B8,Gefahrstoffverzeichnis!$CB:$CB,$CB8,Gefahrstoffverzeichnis!$CB:$CB,"<>"&$BZ8) -> 0
B9: *nicht definiert5* | D9: =SUMIFS(Gefahrstoffverzeichnis!$AU:$AU,Gefahrstoffverzeichnis!$BY:$BY,"kg",Gefahrstoffverzeichnis!$AP:$AP,Lager!$B9) -> 0 | F9: =IF(SUM($G9:$R9)<>0,SUM($G9:$R9),"") | G9: *H300* | H9: =SUMIFS(Gefahrstoffverzeichnis!$AU:$AU,Gefahrstoffverzeichnis!$BY:$BY,"kg",Gefahrstoffverzeichnis!$AP:$AP,Lager!$B9,Gefahrstoffverzeichnis!$CC:$CC,$G9) -> 0 | I9: *H301* | J9: =SUMIFS(Gefahrstoffverzeichnis!$AU:$AU,Gefahrstoffverzeichnis!$BY:$BY,"kg",Gefahrstoffverzeichnis!$AP:$AP,Lager!$B9,Gefahrstoffverzeichnis!$CC:$CC,$I9,Gefahrstoffverzeichnis!$CC:$CC,"<>"&$G9) -> 0 | K9: *H310* | L9: =SUMIFS(Gefahrstoffverzeichnis!$AU:$AU,Gefahrstoffverzeichnis!$BY:$BY,"kg",Gefahrstoffverzeichnis!$AP:$AP,Lager!$B9,Gefahrstoffverzeichnis!$CC:$CC,$K9,Gefahrstoffverzeichnis!$CC:$CC,"<>"&$I9,Gefahrstoffverzeichnis!$CC:$CC,"<>"&$G9) -> 0 | M9: *H311* | N9: =SUMIFS(Gefahrstoffverzeichnis!$AU:$AU,Gefahrstoffverzeichnis!$BY:$BY,"kg",Gefahrstoffverzeichnis!$AP:$AP,Lager!$B9,Gefahrstoffverzeichnis!$CC:$CC,$M9,Gefahrstoffverzeichnis!$CC:$CC,"<>"&$K9,Gefahrstoffverzeichnis!$CC:$CC,"<>"&$I9,Gefahrstoffverzeichnis!$CC:$CC,"<>"&$G9) -> 0 | O9: *H330* | P9: =SUMIFS(Gefahrstoffverzeichnis!$AU:$AU,Gefahrstoffverzeichnis!$BY:$BY,"kg",Gefahrstoffverzeichnis!$AP:$AP,Lager!$B9,Gefahrstoffverzeichnis!$CC:$CC,$O9,Gefahrstoffverzeichnis!$CC:$CC,"<>"&$M9,Gefahrstoffverzeichnis!$CC:$CC,"<>"&$K9,Gefahrstoffverzeichnis!$CC:$CC,"<>"&$I9,Gefahrstoffverzeichnis!$CC:$CC,"<>"&$G9) -> 0 | Q9: *H331* | R9: =SUMIFS(Gefahrstoffverzeichnis!$AU:$AU,Gefahrstoffverzeichnis!$BY:$BY,"kg",Gefahrstoffverzeichnis!$AP:$AP,Lager!$B9,Gefahrstoffverzeichnis!$CC:$CC,$Q$5,Gefahrstoffverzeichnis!$CC:$CC,"<>"&$O9,Gefahrstoffverzeichnis!$CC:$CC,"<>"&$M9,Gefahrstoffverzeichnis!$CC:$CC,"<>"&$K9,Gefahrstoffverzeichnis!$CC:$CC,"<>"&$I9,Gefahrstoffverzeichnis!$CC:$CC,"<>"&$G9) -> 0 | S9: =IF(SUM($T9:$W9)<>0,SUM($T9:$W9),"") | T9: *H340* | U9: =SUMIFS(Gefahrstoffverzeichnis!$AU:$AU,Gefahrstoffverzeichnis!$BY:$BY,"kg",Gefahrstoffverzeichnis!$AP:$AP,Lager!$B9,Gefahrstoffverzeichnis!$CC:$CC,$T9) -> 0 | V9: *H350* | W9: =SUMIFS(Gefahrstoffverzeichnis!$AU:$AU,Gefahrstoffverzeichnis!$BY:$BY,"kg",Gefahrstoffverzeichnis!$AP:$AP,Lager!$B9,Gefahrstoffverzeichnis!$CC:$CC,$V9,Gefahrstoffverzeichnis!$CC:$CC,"<>"&$T9) -> 0 | X9: =IF(SUM($Y9:$AB9)<>0,SUM($Y9:$AB9),"") | Y9: *H370* | Z9: =SUMIFS(Gefahrstoffverzeichnis!$AU:$AU,Gefahrstoffverzeichnis!$BY:$BY,"kg",Gefahrstoffverzeichnis!$AP:$AP,Lager!$B9,Gefahrstoffverzeichnis!$CC:$CC,$Y9) -> 0 | AA9: *H372* | AB9: =SUMIFS(Gefahrstoffverzeichnis!$AU:$AU,Gefahrstoffverzeichnis!$BY:$BY,"kg",Gefahrstoffverzeichnis!$AP:$AP,Lager!$B9,Gefahrstoffverzeichnis!$CC:$CC,$AA9,Gefahrstoffverzeichnis!$CC:$CC,"<>"&$Y9) -> 0 | AC9: =IF(SUM($AD9:$AG9)<>0,SUM($AD9:$AG9),"") | AD9: *H224* | AE9: =SUMIFS(Gefahrstoffverzeichnis!$AU:$AU,Gefahrstoffverzeichnis!$BY:$BY,"kg",Gefahrstoffverzeichnis!$AP:$AP,Lager!$B9,Gefahrstoffverzeichnis!$CB:$CB,$AD9) -> 0 | AF9: *H225* | AG9: =SUMIFS(Gefahrstoffverzeichnis!$AU:$AU,Gefahrstoffverzeichnis!$BY:$BY,"kg",Gefahrstoffverzeichnis!$AP:$AP,Lager!$B9,Gefahrstoffverzeichnis!$CB:$CB,$AF9,Gefahrstoffverzeichnis!$CB:$CB,"<>"&$AD9) -> 0 | AH9: =IF(SUM($AI9:$AJ9)<>0,SUM($AI9:$AJ9),"") | AI9: *H226* | AJ9: =SUMIFS(Gefahrstoffverzeichnis!$AU:$AU,Gefahrstoffverzeichnis!$BY:$BY,"kg",Gefahrstoffverzeichnis!$AP:$AP,Lager!$B9,Gefahrstoffverzeichnis!$CB:$CB,$AI9) -> 0 | AK9: =IF(SUM($AL9:$AM9)<>0,SUM($AL9:$AM9),"") | AL9: *H228* | AM9: =SUMIFS(Gefahrstoffverzeichnis!$AU:$AU,Gefahrstoffverzeichnis!$BY:$BY,"kg",Gefahrstoffverzeichnis!$AP:$AP,Lager!$B9,Gefahrstoffverzeichnis!$CB:$CB,$AL9) -> 0 | AN9: =IF(SUM($AO9:$AP9)<>0,SUM($AO9:$AP9),"") | AO9: *H250* | AP9: =SUMIFS(Gefahrstoffverzeichnis!$AU:$AU,Gefahrstoffverzeichnis!$BY:$BY,"kg",Gefahrstoffverzeichnis!$AP:$AP,Lager!$B9,Gefahrstoffverzeichnis!$CB:$CB,$AO9) -> 0 | AQ9: =IF(SUM($AR9:$AU9)<>0,SUM($AR9:$AU9),"") | AR9: *H251* | AS9: =SUMIFS(Gefahrstoffverzeichnis!$AU:$AU,Gefahrstoffverzeichnis!$BY:$BY,"kg",Gefahrstoffverzeichnis!$AP:$AP,Lager!$B9,Gefahrstoffverzeichnis!$CB:$CB,$AR9) -> 0 | AT9: *H252* | AU9: =SUMIFS(Gefahrstoffverzeichnis!$AU:$AU,Gefahrstoffverzeichnis!$BY:$BY,"kg",Gefahrstoffverzeichnis!$AP:$AP,Lager!$B9,Gefahrstoffverzeichnis!$CB:$CB,$AT9,Gefahrstoffverzeichnis!$CB:$CB,"<>"&$AR9) -> 0 | AV9: =IF(SUM($AW9:$AX9)<>0,SUM($AW9:$AX9),"") | AW9: *H242* | AX9: =SUMIFS(Gefahrstoffverzeichnis!$AU:$AU,Gefahrstoffverzeichnis!$BY:$BY,"kg",Gefahrstoffverzeichnis!$AP:$AP,Lager!$B9,Gefahrstoffverzeichnis!$CB:$CB,$AW9) -> 0 | AY9: =IF(SUM($AZ9:$BA9)<>0,SUM($AZ9:$BA9),"") | AZ9: *H271* | BA9: =SUMIFS(Gefahrstoffverzeichnis!$AU:$AU,Gefahrstoffverzeichnis!$BY:$BY,"kg",Gefahrstoffverzeichnis!$AP:$AP,Lager!$B9,Gefahrstoffverzeichnis!$CB:$CB,$AZ9) -> 0 | BB9: =IF(SUM($BC9:$BD9)<>0,SUM($BC9:$BD9),"") | BC9: *H272* | BD9: =SUMIFS(Gefahrstoffverzeichnis!$AU:$AU,Gefahrstoffverzeichnis!$BY:$BY,"kg",Gefahrstoffverzeichnis!$AP:$AP,Lager!$B9,Gefahrstoffverzeichnis!$CB:$CB,$BC9) -> 0 | BE9: =IF(SUM($BF9:$BO9)<>0,SUM($BF9:$BO9),"") | BF9: *H220* | BG9: =SUMIFS(Gefahrstoffverzeichnis!$AU:$AU,Gefahrstoffverzeichnis!$BY:$BY,"Liter",Gefahrstoffverzeichnis!$AP:$AP,Lager!$B9,Gefahrstoffverzeichnis!$CB:$CB,$BF9) -> 0 | BH9: *H221* | BI9: =SUMIFS(Gefahrstoffverzeichnis!$AU:$AU,Gefahrstoffverzeichnis!$BY:$BY,"Liter",Gefahrstoffverzeichnis!$AP:$AP,Lager!$B9,Gefahrstoffverzeichnis!$CB:$CB,$BH9,Gefahrstoffverzeichnis!$CB:$CB,"<>"&$BF9) -> 0 | BJ9: *H270* | BK9: =SUMIFS(Gefahrstoffverzeichnis!$AU:$AU,Gefahrstoffverzeichnis!$BY:$BY,"Liter",Gefahrstoffverzeichnis!$AP:$AP,Lager!$B9,Gefahrstoffverzeichnis!$CB:$CB,$BJ9,Gefahrstoffverzeichnis!$CB:$CB,"<>"&$BH9,Gefahrstoffverzeichnis!$CB:$CB,"<>"&$BF9) -> 0 | BL9: *H280* | BM9: =SUMIFS(Gefahrstoffverzeichnis!$AU:$AU,Gefahrstoffverzeichnis!$BY:$BY,"Liter",Gefahrstoffverzeichnis!$AP:$AP,Lager!$B9,Gefahrstoffverzeichnis!$CB:$CB,$BL9,Gefahrstoffverzeichnis!$CB:$CB,"<>"&$BJ9,Gefahrstoffverzeichnis!$CB:$CB,"<>"&$BH9,Gefahrstoffverzeichnis!$CB:$CB,"<>"&$BF9) -> 0 | BN9: *H281* | BO9: =SUMIFS(Gefahrstoffverzeichnis!$AU:$AU,Gefahrstoffverzeichnis!$BY:$BY,"Liter",Gefahrstoffverzeichnis!$AP:$AP,Lager!$B9,Gefahrstoffverzeichnis!$CB:$CB,$BN9,Gefahrstoffverzeichnis!$CB:$CB,"<>"&$BL9,Gefahrstoffverzeichnis!$CB:$CB,"<>"&$BJ9,Gefahrstoffverzeichnis!$CB:$CB,"<>"&$BH9,Gefahrstoffverzeichnis!$CB:$CB,"<>"&$BF9) -> 0 | BP9: =IF(SUM($BQ9:$BX9)<>0,SUM($BQ9:$BX9),"") | BQ9: *H220* | BR9: =SUMIFS(Gefahrstoffverzeichnis!$AU:$AU,Gefahrstoffverzeichnis!$BY:$BY,"kg",Gefahrstoffverzeichnis!$AP:$AP,Lager!$B9,Gefahrstoffverzeichnis!$CB:$CB,$BQ9) -> 0 | BS9: *H221* | BT9: =SUMIFS(Gefahrstoffverzeichnis!$AU:$AU,Gefahrstoffverzeichnis!$BY:$BY,"kg",Gefahrstoffverzeichnis!$AP:$AP,Lager!$B9,Gefahrstoffverzeichnis!$CB:$CB,$BS9,Gefahrstoffverzeichnis!$CB:$CB,"<>"&$BQ9) -> 0 | BU9: *H222* | BV9: =SUMIFS(Gefahrstoffverzeichnis!$AU:$AU,Gefahrstoffverzeichnis!$BY:$BY,"kg",Gefahrstoffverzeichnis!$AP:$AP,Lager!$B9,Gefahrstoffverzeichnis!$CB:$CB,$BU9,Gefahrstoffverzeichnis!$CB:$CB,"<>"&$BS9,Gefahrstoffverzeichnis!$CB:$CB,"<>"&$BQ9) -> 0 | BW9: *H223* | BX9: =SUMIFS(Gefahrstoffverzeichnis!$AU:$AU,Gefahrstoffverzeichnis!$BY:$BY,"kg",Gefahrstoffverzeichnis!$AP:$AP,Lager!$B9,Gefahrstoffverzeichnis!$CB:$CB,$BW9,Gefahrstoffverzeichnis!$CB:$CB,"<>"&$BU9,Gefahrstoffverzeichnis!$CB:$CB,"<>"&$BS9,Gefahrstoffverzeichnis!$CB:$CB,"<>"&$BQ9) -> 0 | BY9: =IF(SUM($BZ9:$CC9)<>0,SUM($BZ9:$CC9),"") | BZ9: *H260* | CA9: =SUMIFS(Gefahrstoffverzeichnis!$AU:$AU,Gefahrstoffverzeichnis!$BY:$BY,"kg",Gefahrstoffverzeichnis!$AP:$AP,Lager!$B9,Gefahrstoffverzeichnis!$CB:$CB,$BZ9) -> 0 | CB9: *H261* | CC9: =SUMIFS(Gefahrstoffverzeichnis!$AU:$AU,Gefahrstoffverzeichnis!$BY:$BY,"kg",Gefahrstoffverzeichnis!$AP:$AP,Lager!$B9,Gefahrstoffverzeichnis!$CB:$CB,$CB9,Gefahrstoffverzeichnis!$CB:$CB,"<>"&$BZ9) -> 0
B10: *nicht definiert6* | D10: =SUMIFS(Gefahrstoffverzeichnis!$AU:$AU,Gefahrstoffverzeichnis!$BY:$BY,"kg",Gefahrstoffverzeichnis!$AP:$AP,Lager!$B10) -> 0 | F10: =IF(SUM($G10:$R10)<>0,SUM($G10:$R10),"") | G10: *H300* | H10: =SUMIFS(Gefahrstoffverzeichnis!$AU:$AU,Gefahrstoffverzeichnis!$BY:$BY,"kg",Gefahrstoffverzeichnis!$AP:$AP,Lager!$B10,Gefahrstoffverzeichnis!$CC:$CC,$G10) -> 0 | I10: *H301* | J10: =SUMIFS(Gefahrstoffverzeichnis!$AU:$AU,Gefahrstoffverzeichnis!$BY:$BY,"kg",Gefahrstoffverzeichnis!$AP:$AP,Lager!$B10,Gefahrstoffverzeichnis!$CC:$CC,$I10,Gefahrstoffverzeichnis!$CC:$CC,"<>"&$G10) -> 0 | K10: *H310* | L10: =SUMIFS(Gefahrstoffverzeichnis!$AU:$AU,Gefahrstoffverzeichnis!$BY:$BY,"kg",Gefahrstoffverzeichnis!$AP:$AP,Lager!$B10,Gefahrstoffverzeichnis!$CC:$CC,$K10,Gefahrstoffverzeichnis!$CC:$CC,"<>"&$I10,Gefahrstoffverzeichnis!$CC:$CC,"<>"&$G10) -> 0 | M10: *H311* | N10: =SUMIFS(Gefahrstoffverzeichnis!$AU:$AU,Gefahrstoffverzeichnis!$BY:$BY,"kg",Gefahrstoffverzeichnis!$AP:$AP,Lager!$B10,Gefahrstoffverzeichnis!$CC:$CC,$M10,Gefahrstoffverzeichnis!$CC:$CC,"<>"&$K10,Gefahrstoffverzeichnis!$CC:$CC,"<>"&$I10,Gefahrstoffverzeichnis!$CC:$CC,"<>"&$G10) -> 0 | O10: *H330* | P10: =SUMIFS(Gefahrstoffverzeichnis!$AU:$AU,Gefahrstoffverzeichnis!$BY:$BY,"kg",Gefahrstoffverzeichnis!$AP:$AP,Lager!$B10,Gefahrstoffverzeichnis!$CC:$CC,$O10,Gefahrstoffverzeichnis!$CC:$CC,"<>"&$M10,Gefahrstoffverzeichnis!$CC:$CC,"<>"&$K10,Gefahrstoffverzeichnis!$CC:$CC,"<>"&$I10,Gefahrstoffverzeichnis!$CC:$CC,"<>"&$G10) -> 0 | Q10: *H331* | R10: =SUMIFS(Gefahrstoffverzeichnis!$AU:$AU,Gefahrstoffverzeichnis!$BY:$BY,"kg",Gefahrstoffverzeichnis!$AP:$AP,Lager!$B10,Gefahrstoffverzeichnis!$CC:$CC,$Q$5,Gefahrstoffverzeichnis!$CC:$CC,"<>"&$O10,Gefahrstoffverzeichnis!$CC:$CC,"<>"&$M10,Gefahrstoffverzeichnis!$CC:$CC,"<>"&$K10,Gefahrstoffverzeichnis!$CC:$CC,"<>"&$I10,Gefahrstoffverzeichnis!$CC:$CC,"<>"&$G10) -> 0 | S10: =IF(SUM($T10:$W10)<>0,SUM($T10:$W10),"") | T10: *H340* | U10: =SUMIFS(Gefahrstoffverzeichnis!$AU:$AU,Gefahrstoffverzeichnis!$BY:$BY,"kg",Gefahrstoffverzeichnis!$AP:$AP,Lager!$B10,Gefahrstoffverzeichnis!$CC:$CC,$T10) -> 0 | V10: *H350* | W10: =SUMIFS(Gefahrstoffverzeichnis!$AU:$AU,Gefahrstoffverzeichnis!$BY:$BY,"kg",Gefahrstoffverzeichnis!$AP:$AP,Lager!$B10,Gefahrstoffverzeichnis!$CC:$CC,$V10,Gefahrstoffverzeichnis!$CC:$CC,"<>"&$T10) -> 0 | X10: =IF(SUM($Y10:$AB10)<>0,SUM($Y10:$AB10),"") | Y10: *H370* | Z10: =SUMIFS(Gefahrstoffverzeichnis!$AU:$AU,Gefahrstoffverzeichnis!$BY:$BY,"kg",Gefahrstoffverzeichnis!$AP:$AP,Lager!$B10,Gefahrstoffverzeichnis!$CC:$CC,$Y10) -> 0 | AA10: *H372* | AB10: =SUMIFS(Gefahrstoffverzeichnis!$AU:$AU,Gefahrstoffverzeichnis!$BY:$BY,"kg",Gefahrstoffverzeichnis!$AP:$AP,Lager!$B10,Gefahrstoffverzeichnis!$CC:$CC,$AA10,Gefahrstoffverzeichnis!$CC:$CC,"<>"&$Y10) -> 0 | AC10: =IF(SUM($AD10:$AG10)<>0,SUM($AD10:$AG10),"") | AD10: *H224* | AE10: =SUMIFS(Gefahrstoffverzeichnis!$AU:$AU,Gefahrstoffverzeichnis!$BY:$BY,"kg",Gefahrstoffverzeichnis!$AP:$AP,Lager!$B10,Gefahrstoffverzeichnis!$CB:$CB,$AD10) -> 0 | AF10: *H225* | AG10: =SUMIFS(Gefahrstoffverzeichnis!$AU:$AU,Gefahrstoffverzeichnis!$BY:$BY,"kg",Gefahrstoffverzeichnis!$AP:$AP,Lager!$B10,Gefahrstoffverzeichnis!$CB:$CB,$AF10,Gefahrstoffverzeichnis!$CB:$CB,"<>"&$AD10) -> 0 | AH10: =IF(SUM($AI10:$AJ10)<>0,SUM($AI10:$AJ10),"") | AI10: *H226* | AJ10: =SUMIFS(Gefahrstoffverzeichnis!$AU:$AU,Gefahrstoffverzeichnis!$BY:$BY,"kg",Gefahrstoffverzeichnis!$AP:$AP,Lager!$B10,Gefahrstoffverzeichnis!$CB:$CB,$AI10) -> 0 | AK10: =IF(SUM($AL10:$AM10)<>0,SUM($AL10:$AM10),"") | AL10: *H228* | AM10: =SUMIFS(Gefahrstoffverzeichnis!$AU:$AU,Gefahrstoffverzeichnis!$BY:$BY,"kg",Gefahrstoffverzeichnis!$AP:$AP,Lager!$B10,Gefahrstoffverzeichnis!$CB:$CB,$AL10) -> 0 | AN10: =IF(SUM($AO10:$AP10)<>0,SUM($AO10:$AP10),"") | AO10: *H250* | AP10: =SUMIFS(Gefahrstoffverzeichnis!$AU:$AU,Gefahrstoffverzeichnis!$BY:$BY,"kg",Gefahrstoffverzeichnis!$AP:$AP,Lager!$B10,Gefahrstoffverzeichnis!$CB:$CB,$AO10) -> 0 | AQ10: =IF(SUM($AR10:$AU10)<>0,SUM($AR10:$AU10),"") | AR10: *H251* | AS10: =SUMIFS(Gefahrstoffverzeichnis!$AU:$AU,Gefahrstoffverzeichnis!$BY:$BY,"kg",Gefahrstoffverzeichnis!$AP:$AP,Lager!$B10,Gefahrstoffverzeichnis!$CB:$CB,$AR10) -> 0 | AT10: *H252* | AU10: =SUMIFS(Gefahrstoffverzeichnis!$AU:$AU,Gefahrstoffverzeichnis!$BY:$BY,"kg",Gefahrstoffverzeichnis!$AP:$AP,Lager!$B10,Gefahrstoffverzeichnis!$CB:$CB,$AT10,Gefahrstoffverzeichnis!$CB:$CB,"<>"&$AR10) -> 0 | AV10: =IF(SUM($AW10:$AX10)<>0,SUM($AW10:$AX10),"") | AW10: *H242* | AX10: =SUMIFS(Gefahrstoffverzeichnis!$AU:$AU,Gefahrstoffverzeichnis!$BY:$BY,"kg",Gefahrstoffverzeichnis!$AP:$AP,Lager!$B10,Gefahrstoffverzeichnis!$CB:$CB,$AW10) -> 0 | AY10: =IF(SUM($AZ10:$BA10)<>0,SUM($AZ10:$BA10),"") | AZ10: *H271* | BA10: =SUMIFS(Gefahrstoffverzeichnis!$AU:$AU,Gefahrstoffverzeichnis!$BY:$BY,"kg",Gefahrstoffverzeichnis!$AP:$AP,Lager!$B10,Gefahrstoffverzeichnis!$CB:$CB,$AZ10) -> 0 | BB10: =IF(SUM($BC10:$BD10)<>0,SUM($BC10:$BD10),"") | BC10: *H272* | BD10: =SUMIFS(Gefahrstoffverzeichnis!$AU:$AU,Gefahrstoffverzeichnis!$BY:$BY,"kg",Gefahrstoffverzeichnis!$AP:$AP,Lager!$B10,Gefahrstoffverzeichnis!$CB:$CB,$BC10) -> 0 | BE10: =IF(SUM($BF10:$BO10)<>0,SUM($BF10:$BO10),"") | BF10: *H220* | BG10: =SUMIFS(Gefahrstoffverzeichnis!$AU:$AU,Gefahrstoffverzeichnis!$BY:$BY,"Liter",Gefahrstoffverzeichnis!$AP:$AP,Lager!$B10,Gefahrstoffverzeichnis!$CB:$CB,$BF10) -> 0 | BH10: *H221* | BI10: =SUMIFS(Gefahrstoffverzeichnis!$AU:$AU,Gefahrstoffverzeichnis!$BY:$BY,"Liter",Gefahrstoffverzeichnis!$AP:$AP,Lager!$B10,Gefahrstoffverzeichnis!$CB:$CB,$BH10,Gefahrstoffverzeichnis!$CB:$CB,"<>"&$BF10) -> 0 | BJ10: *H270* | BK10: =SUMIFS(Gefahrstoffverzeichnis!$AU:$AU,Gefahrstoffverzeichnis!$BY:$BY,"Liter",Gefahrstoffverzeichnis!$AP:$AP,Lager!$B10,Gefahrstoffverzeichnis!$CB:$CB,$BJ10,Gefahrstoffverzeichnis!$CB:$CB,"<>"&$BH10,Gefahrstoffverzeichnis!$CB:$CB,"<>"&$BF10) -> 0 | BL10: *H280* | BM10: =SUMIFS(Gefahrstoffverzeichnis!$AU:$AU,Gefahrstoffverzeichnis!$BY:$BY,"Liter",Gefahrstoffverzeichnis!$AP:$AP,Lager!$B10,Gefahrstoffverzeichnis!$CB:$CB,$BL10,Gefahrstoffverzeichnis!$CB:$CB,"<>"&$BJ10,Gefahrstoffverzeichnis!$CB:$CB,"<>"&$BH10,Gefahrstoffverzeichnis!$CB:$CB,"<>"&$BF10) -> 0 | BN10: *H281* | BO10: =SUMIFS(Gefahrstoffverzeichnis!$AU:$AU,Gefahrstoffverzeichnis!$BY:$BY,"Liter",Gefahrstoffverzeichnis!$AP:$AP,Lager!$B10,Gefahrstoffverzeichnis!$CB:$CB,$BN10,Gefahrstoffverzeichnis!$CB:$CB,"<>"&$BL10,Gefahrstoffverzeichnis!$CB:$CB,"<>"&$BJ10,Gefahrstoffverzeichnis!$CB:$CB,"<>"&$BH10,Gefahrstoffverzeichnis!$CB:$CB,"<>"&$BF10) -> 0 | BP10: =IF(SUM($BQ10:$BX10)<>0,SUM($BQ10:$BX10),"") | BQ10: *H220* | BR10: =SUMIFS(Gefahrstoffverzeichnis!$AU:$AU,Gefahrstoffverzeichnis!$BY:$BY,"kg",Gefahrstoffverzeichnis!$AP:$AP,Lager!$B10,Gefahrstoffverzeichnis!$CB:$CB,$BQ10) -> 0 | BS10: *H221* | BT10: =SUMIFS(Gefahrstoffverzeichnis!$AU:$AU,Gefahrstoffverzeichnis!$BY:$BY,"kg",Gefahrstoffverzeichnis!$AP:$AP,Lager!$B10,Gefahrstoffverzeichnis!$CB:$CB,$BS10,Gefahrstoffverzeichnis!$CB:$CB,"<>"&$BQ10) -> 0 | BU10: *H222* | BV10: =SUMIFS(Gefahrstoffverzeichnis!$AU:$AU,Gefahrstoffverzeichnis!$BY:$BY,"kg",Gefahrstoffverzeichnis!$AP:$AP,Lager!$B10,Gefahrstoffverzeichnis!$CB:$CB,$BU10,Gefahrstoffverzeichnis!$CB:$CB,"<>"&$BS10,Gefahrstoffverzeichnis!$CB:$CB,"<>"&$BQ10) -> 0 | BW10: *H223* | BX10: =SUMIFS(Gefahrstoffverzeichnis!$AU:$AU,Gefahrstoffverzeichnis!$BY:$BY,"kg",Gefahrstoffverzeichnis!$AP:$AP,Lager!$B10,Gefahrstoffverzeichnis!$CB:$CB,$BW10,Gefahrstoffverzeichnis!$CB:$CB,"<>"&$BU10,Gefahrstoffverzeichnis!$CB:$CB,"<>"&$BS10,Gefahrstoffverzeichnis!$CB:$CB,"<>"&$BQ10) -> 0 | BY10: =IF(SUM($BZ10:$CC10)<>0,SUM($BZ10:$CC10),"") | BZ10: *H260* | CA10: =SUMIFS(Gefahrstoffverzeichnis!$AU:$AU,Gefahrstoffverzeichnis!$BY:$BY,"kg",Gefahrstoffverzeichnis!$AP:$AP,Lager!$B10,Gefahrstoffverzeichnis!$CB:$CB,$BZ10) -> 0 | CB10: *H261* | CC10: =SUMIFS(Gefahrstoffverzeichnis!$AU:$AU,Gefahrstoffverzeichnis!$BY:$BY,"kg",Gefahrstoffverzeichnis!$AP:$AP,Lager!$B10,Gefahrstoffverzeichnis!$CB:$CB,$CB10,Gefahrstoffverzeichnis!$CB:$CB,"<>"&$BZ10) -> 0
