Workbook
Name Bereich: [1]Daten!$C$2:$C$40
Name Deckblatt_Kundennr: [2]Start!$B$20:$B$64
Name F_Auswahl: Daten!#REF!
Name Firma: [1]Daten!$A$2
Name Firma2: [1]Daten!$A$3
Name Gefährdungsfaktoren_Nummern: Daten!$A$2:$A$56
Name Handlungsbedarf: Daten!$I$2:$I$4
Name Jahr: Daten!#REF!
Name Kurzbeschreibung_Deckblatt: [2]Start!$B$68:$B$85
Name P_Auswahl: Daten!#REF!
Name Realisierung: Daten!#REF!
Name RLT_Kaeltemittel: [1]Daten!$H$2:$H$15
Name S_Auswahl: Daten!#REF!
Name Standort: [1]Daten!$B$2:$B$10
Name Status: [1]Daten!$G$2:$G$4
Name STOP: Daten!#REF!
Name Zuständigkeiten: #REF!

Sheet Übersicht GBU
A1: Übersicht der Gefährdungsbeurteilungen für Gefahrstoffe nach § 6 GefStoffV
A2: OTH Oberflächentechnik Hagen GmbH & Co. KG | K2: Filter
A3: SDB | B3: SDB öffnen | C3: GBU öffnen | D3: Produktbezeichnung / Handelsname | E3: Hersteller / Lieferant | F3: Sicherheitsdatenblatt vom | G3: Zustandsform | H3: Farbe | I3: Stoff / Gemisch | J3: Einsatzweck / interne Verwendung | K3: Kennzeichnung gemäß CLP-VO (EG) 1272/2008 | L3: H-Sätze: Physikalische Gefahren | M3: H-Sätze: Gesundheitsgefahren | N3: H-Sätze: Umweltgefahren | O3: H-Sätze: EUH | P3: P-Sätze: Allgemeines | Q3: P-Sätze: Prävention | R3: P-Sätze: Reaktion | S3: P-Sätze: Aufbewahrung | T3: P-Sätze: Entsorgung | U3: AGW | V3: Wassergefährdungsklasse (WGK) | W3: Tätigkeiten mit geringer Gefährdung (TRGS 400) | X3: Maßnahmenreihe EMGK "Einatmen" | Y3: Maßnahmenreihe EMGK "Einatmen" Bezeichnung | Z3: Maßnahmenreihe EMGK "Hautkontakt" | AA3: Maßnahmenreihe EMGK "Hautkontakt" Bezeichnung | AB3: Maßnahmenreihe EMGK "Brand und Explosion" | AC3: Maßnahmenreihe EMGK "Brand und Explosion" Bezeichnung | AD3: CMR1_a | AE3: CMR1_b | AF3: CMR1_c | AG3: CMR1_d | AH3: CMR1_e | AI3: CMR2_a | AJ3: CMR2_b | AK3: CMR2_c | AL3: CMR2_d | AM3: CMR2_e | AN3: CMR3_a | AO3: CMR3_b | AP3: CMR3_c | AQ3: CMR3_d | AR3: CMR3_e | AS3: Flammpunkt | AT3: explosive Eigen-schaften | AU3: UEG [Vol.-%] | AV3: OEG [Vol.-%] | AW3: Substitution_1
A4: 001 | B4: =HYPERLINK(CONCATENATE("..\SDB\SDB_",A4,".pdf"),"2") -> 2 | C4: =HYPERLINK("#"&CONCATENATE(A4,"!B1"),"2") -> 2 | D4: Steinex 22 | E4: Alufinish GmbH & Co. KG | F4: 45839 | G4: Flüssigkeit | H4: farblos | I4: Gemisch | J4: Beizen | K4: nicht als gefährlich eingestuft | L4: - | M4: - | N4: - | O4: EUH208 | P4: - | Q4: - | R4: - | S4: - | T4: - | U4: - | V4: 1 | W4: Ja, da keine gefährlichen Eigenschaften vorliegen. | X4: Schutzleitfaden-100 | Y4: Freie Lüftung | Z4: Schutzleitfaden-120 | AA4: Organisations- und Hygienemaßnahmen "Haut" | AB4: Schutzleitfaden-PC170 | AC4: Brandschutzmaßnahmen | AD4: - | AE4: 0 | AF4: - | AG4: keine | AH4: entfällt | AI4: - | AJ4: 0 | AK4: - | AL4: keine | AM4: entfällt | AN4: - | AO4: 0 | AP4: - | AQ4: keine | AR4: entfällt | AS4: - | AW4: Substitutionen sind im Galvanikbereich nicht zielführend (vgl. ASA vom 05.05.2025)
A5: 002 | B5: =HYPERLINK(CONCATENATE("..\SDB\SDB_",A5,".pdf"),"2") -> 2 | C5: =HYPERLINK("#"&CONCATENATE(A5,"!B1"),"2") -> 2 | D5: Alfideox 82/3 | E5: Alufinish GmbH & Co. KG | F5: 45251 | G5: Flüssigkeit | H5: farblos | I5: Gemisch | J5: Beizen | K5: GHS 05, GHS 06, Gefahr | L5: H290 | M5: H301, H310, H314, H331 | N5: - | O5: - | P5: - | Q5: P260, P280, | R5: P301+P310, P303+P361+P353, P305+P351+P338 | S5: - | T5: - | U5: Schwefelsäure, Hydrogenfluorid, | V5: 2 | W5: Nein, da die Einstufung H314 besteht und ein Hautkontakt nicht ausgeschlossen werden kann. | X5: Schutzleitfaden-300 | Y5: Geschlossenes System | Z5: Gefährdungsbeurteilung | AA5: siehe gefahrstoffspezifische Gefährdungsbeurteilung | AB5: Schutzleitfaden-PC270 | AC5: Grundanforderungen bei erhöhter Brandgefährdung | AD5: - | AE5: 0 | AF5: - | AG5: keine | AH5: entfällt | AI5: - | AJ5: 0 | AK5: - | AL5: keine | AM5: entfällt | AN5: - | AO5: 0 | AP5: - | AQ5: keine | AR5: entfällt | AS5: k.A | AW5: Substitutionen sind im Galvanikbereich nicht zielführend (vgl. ASA vom 05.05.2025)
A6: 003 | B6: =HYPERLINK(CONCATENATE("..\SDB\SDB_",A6,".pdf"),"2") -> 2 | C6: =HYPERLINK("#"&CONCATENATE(A6,"!B1"),"2") -> 2 | D6: Alfiflex 450 | E6: Alufinish GmbH & Co. KG | F6: 45140 | G6: Flüssigkeit | H6: farblos | I6: Gemisch | J6: Beizen | K6: GHS 05, Gefahr | L6: H290 | M6: H314 | N6: - | O6: - | P6: - | Q6: P260, P280, | R6: P310, P303+P361+P353, P305+P351+P338 | S6: - | T6: - | U6: Phosphorsäure, Schwefelsäure | V6: 1 | W6: Nein, da die Einstufung H314 besteht und ein Hautkontakt nicht ausgeschlossen werden kann. | X6: Schutzleitfaden-300 | Y6: Geschlossenes System | Z6: Gefährdungsbeurteilung | AA6: siehe gefahrstoffspezifische Gefährdungsbeurteilung | AB6: Schutzleitfaden-PC270 | AC6: Grundanforderungen bei erhöhter Brandgefährdung | AD6: - | AE6: 0 | AF6: - | AG6: keine | AH6: entfällt | AI6: - | AJ6: 0 | AK6: - | AL6: keine | AM6: entfällt | AN6: - | AO6: 0 | AP6: - | AQ6: keine | AR6: entfällt | AS6: k.A | AW6: Substitutionen sind im Galvanikbereich nicht zielführend (vgl. ASA vom 05.05.2025)
A7: 004 | B7: =HYPERLINK(CONCATENATE("..\SDB\SDB_",A7,".pdf"),"2") -> 2 | C7: =HYPERLINK("#"&CONCATENATE(A7,"!B1"),"2") -> 2 | D7: CHEMOPUR Trockensäure | E7: CHEMOPUR H. Brand GmbH | F7: 41695 | G7: Pulver | H7: weißlich | I7: 0 | J7: Beizen | K7: GHS 05, GHS 07, Gefahr | L7: - | M7: H302, H314 | N7: - | O7: - | P7: - | Q7: P260, P280, | R7: P310, P303+P361+P353, P305+P351+P338 , P304+P340, P301+P330+P331 | S7: - | T7: - | U7: Natriumhydrogendifluorid, | V7: 1 | W7: Archiv / derzeit nicht in Verwendung | X7: Schutzleitfaden-300 | Y7: Geschlossenes System | Z7: Schutzleitfaden-250 | AA7: Erweiterter Maßnahmenbedarf „Haut“ | AB7: Schutzleitfaden-PC270 | AC7: Grundanforderungen bei erhöhter Brandgefährdung | AD7: 0 | AE7: 0 | AF7: 0 | AG7: 0 | AH7: #N/A | AI7: - | AJ7: 0 | AK7: - | AL7: keine | AM7: entfällt | AN7: - | AO7: 0 | AP7: - | AQ7: keine | AR7: entfällt | AS7: - | AW7: Substitutionen sind im Galvanikbereich nicht zielführend (vgl. ASA vom 05.05.2025)
A8: 005 | B8: =HYPERLINK(CONCATENATE("..\SDB\SDB_",A8,".pdf"),"2") -> 2 | C8: =HYPERLINK("#"&CONCATENATE(A8,"!B1"),"2") -> 2 | D8: FerroChem KE | E8: ElpoChem AG | F8: 40290 | G8: Flüssigkeit | H8: 0 | I8: 0 | J8: Metalloberflächenbehandlung | K8: GHS 03, GHS 05, GHS 06, Gefahr | L8: H272 | M8: H301, H314 | N8: - | O8: - | P8: - | Q8: P210, P220, P221, P260, P264, P270, P280 | R8: P301+P310, P303+P361+P353, P305+P351+P338, P301+P330+P331, P304+P34, P310, P321, P330, P363, P370+P378 | S8: P405 | T8: - | U8: - | V8: 1 | W8: Archiv / derzeit nicht in Verwendung | X8: Schutzleitfaden-300 | Y8: Geschlossenes System | Z8: Schutzleitfaden-250 | AA8: Erweiterter Maßnahmenbedarf „Haut“ | AB8: Schutzleitfaden-PC370 | AC8: Hohe Brandschutzmaßnahmen - Grundanforderungen | AD8: 0 | AE8: 0 | AF8: 0 | AG8: 0 | AH8: #N/A | AI8: - | AJ8: 0 | AK8: - | AL8: keine | AM8: entfällt | AN8: - | AO8: 0 | AP8: - | AQ8: keine | AR8: entfällt | AS8: k.A | AW8: Substitutionen sind im Galvanikbereich nicht zielführend (vgl. ASA vom 05.05.2025)
A9: 006 | B9: =HYPERLINK(CONCATENATE("..\SDB\SDB_",A9,".pdf"),"2") -> 2 | C9: =HYPERLINK("#"&CONCATENATE(A9,"!B1"),"2") -> 2 | D9: Stahlbeize RSK | E9: ElpoChem AG | F9: 40071 | G9: Flüssigkeit | H9: gelb | I9: Gemisch | J9: Beizen | K9: GHS 05, Gefahr | L9: - | M9: H314 | N9: - | O9: - | P9: - | Q9: P260, P264, P280 | R9: P301+P330+P331, P303+P361+P353, P304+P340, P305+P351+P338, P310, P321, P363 | S9: P405 | T9: - | U9: Schwefelsäure | V9: 1 | W9: Nein, da die Einstufung H314 besteht und ein Hautkontakt nicht ausgeschlossen werden kann. | X9: Schutzleitfaden-200 | Y9: Örtliche Absaugung (Punktabsaugung) | Z9: Schutzleitfaden-250 | AA9: Erweiterter Maßnahmenbedarf „Haut“ | AB9: Schutzleitfaden-PC170 | AC9: Brandschutzmaßnahmen | AD9: - | AE9: 0 | AF9: - | AG9: keine | AH9: entfällt | AI9: - | AJ9: 0 | AK9: - | AL9: keine | AM9: entfällt | AN9: - | AO9: 0 | AP9: - | AQ9: keine | AR9: entfällt | AS9: - | AW9: Substitutionen sind im Galvanikbereich nicht zielführend (vgl. ASA vom 05.05.2025)
A10: 007 | B10: =HYPERLINK(CONCATENATE("..\SDB\SDB_",A10,".pdf"),"2") -> 2 | C10: =HYPERLINK("#"&CONCATENATE(A10,"!B1"),"2") -> 2 | D10: GLEITMO 625 | E10: Eissing GmbH / FUCHS LUBRITECH GmbH | F10: 44481 | G10: Flüssigkeit | H10: weiß | I10: Gemisch | J10: Gleitmittelfilm | K10: GHS 02, GHS 07, Achtung | L10: H226 | M10: H319 | N10: - | O10: EUH208 | P10: - | Q10: P210, P262 | R10: - | S10: - | T10: - | U10: Isopropanol | V10: 2 | W10: Nein, da gefährliche Einstufungen und Eigenschaften vorliegen (siehe EMKG). | X10: Schutzleitfaden-100 | Y10: Freie Lüftung | Z10: Schutzleitfaden-120 | AA10: Organisations- und Hygienemaßnahmen "Haut" | AB10: Schutzleitfaden-PC270 | AC10: Grundanforderungen bei erhöhter Brandgefährdung | AD10: - | AE10: 0 | AF10: - | AG10: keine | AH10: entfällt | AI10: - | AJ10: 0 | AK10: - | AL10: keine | AM10: entfällt | AN10: - | AO10: 0 | AP10: - | AQ10: keine | AR10: entfällt | AS10: 25 | AW10: Substitutionen sind im Galvanikbereich nicht zielführend (vgl. ASA vom 05.05.2025)
A11: 008 | B11: =HYPERLINK(CONCATENATE("..\SDB\SDB_",A11,".pdf"),"2") -> 2 | C11: =HYPERLINK("#"&CONCATENATE(A11,"!B1"),"2") -> 2 | D11: GLEITMO 2345 V | E11: Eissing GmbH / FUCHS LUBRITECH GmbH | F11: 42472 | G11: Flüssigkeit | H11: weiß | I11: Gemisch | J11: Gleitmittelfilm | K11: nicht als gefährlich eingestuft | L11: - | M11: - | N11: - | O11: - | P11: - | Q11: - | R11: - | S11: - | T11: - | U11: - | V11: 1 | W11: Ja, da keine gefährlichen Eigenschaften vorliegen. | X11: Schutzleitfaden-100 | Y11: Freie Lüftung | Z11: Schutzleitfaden-120 | AA11: Organisations- und Hygienemaßnahmen "Haut" | AB11: Schutzleitfaden-PC170 | AC11: Brandschutzmaßnahmen | AD11: - | AE11: 0 | AF11: - | AG11: keine | AH11: entfällt | AI11: - | AJ11: 0 | AK11: - | AL11: keine | AM11: entfällt | AN11: - | AO11: 0 | AP11: - | AQ11: keine | AR11: entfällt | AS11: - | AW11: Substitutionen sind im Galvanikbereich nicht zielführend (vgl. ASA vom 05.05.2025)
A12: 009 | B12: =HYPERLINK(CONCATENATE("..\SDB\SDB_",A12,".pdf"),"2") -> 2 | C12: =HYPERLINK("#"&CONCATENATE(A12,"!B1"),"2") -> 2 | D12: GLEITMO 605 | E12: Eissing GmbH / FUCHS LUBRITECH GmbH | F12: 44900 | G12: Flüssigkeit | H12: gelblich | I12: Gemisch | J12: Gleitmittelfilm | K12: GHS 05, Gefahr | L12: - | M12: H318 | N12: - | O12: - | P12: - | Q12: P280 | R12: P305+P351+P338, P310 | S12: - | T12: - | U12: - | V12: 2 | W12: Nein, da gefährliche Einstufungen und Eigenschaften vorliegen (siehe EMKG). | X12: Schutzleitfaden-100 | Y12: Freie Lüftung | Z12: Schutzleitfaden-120 | AA12: Organisations- und Hygienemaßnahmen "Haut" | AB12: Schutzleitfaden-PC170 | AC12: Brandschutzmaßnahmen | AD12: - | AE12: 0 | AF12: - | AG12: keine | AH12: entfällt | AI12: - | AJ12: 0 | AK12: - | AL12: keine | AM12: entfällt | AN12: - | AO12: 0 | AP12: - | AQ12: keine | AR12: entfällt | AS12: - | AW12: Substitutionen sind im Galvanikbereich nicht zielführend (vgl. ASA vom 05.05.2025)
A13: 010 | B13: =HYPERLINK(CONCATENATE("..\SDB\SDB_",A13,".pdf"),"2") -> 2 | C13: =HYPERLINK("#"&CONCATENATE(A13,"!B1"),"2") -> 2 | D13: HESSOPAS BP-400 | E13: Dr. HESSE GmbH & Cie KG | F13: 43362 | G13: Flüssigkeit | H13: grün | I13: 0 | J13: Metalloberflächenbehandlung | K13: GHS 05, GHS 08, GHS 09, Gefahr | L13: - | M13: H314, H317, H334, H350i, H360f, H341, | N13: H410 | O13: - | P13: - | Q13: P201, P202, P260, | R13: P310, P321 | S13: P405 | T13: - | U13: Natriumhydrogendifluorid, | V13: 3 | W13: Archiv / derzeit nicht in Verwendung | X13: Beratung | Y13: siehe tätigkeitsspezifische Gefährdungsbeurteilung | Z13: Schutzleitfaden-250 | AA13: Erweiterter Maßnahmenbedarf „Haut“ | AB13: Schutzleitfaden-PC170 | AC13: Brandschutzmaßnahmen | AD13: 0 | AE13: 0 | AF13: 0 | AG13: 0 | AH13: #N/A | AI13: - | AJ13: 0 | AK13: - | AL13: keine | AM13: entfällt | AN13: - | AO13: 0 | AP13: - | AQ13: keine | AR13: entfällt | AS13: - | AW13: Substitutionen sind im Galvanikbereich nicht zielführend (vgl. ASA vom 05.05.2025)
A14: 011 | B14: =HYPERLINK(CONCATENATE("..\SDB\SDB_",A14,".pdf"),"2") -> 2 | C14: =HYPERLINK("#"&CONCATENATE(A14,"!B1"),"2") -> 2 | D14: HESSONIC MP-4 Teil A | E14: Dr. HESSE GmbH & Cie KG | F14: 42110 | G14: Flüssigkeit | H14: 0 | I14: 0 | J14: Metalloberflächenbehandlung | K14: GHS 08, GHS 09, Gefahr | L14: - | M14: H317, H334, H341, H350i, H360D, H372 | N14: H411 | O14: - | P14: - | Q14: P201, P202, P260, | R14: P314, P342+P311 | S14: P405 | T14: - | U14: DINATRIUMTETRABORATDECAHYDRAT | V14: 2 | W14: Archiv / derzeit nicht in Verwendung | X14: Beratung | Y14: siehe tätigkeitsspezifische Gefährdungsbeurteilung | Z14: Gefährdungsbeurteilung | AA14: siehe gefahrstoffspezifische Gefährdungsbeurteilung | AB14: Schutzleitfaden-PC170 | AC14: Brandschutzmaßnahmen | AD14: 0 | AE14: 0 | AF14: 0 | AG14: 0 | AH14: #N/A | AI14: - | AJ14: 0 | AK14: - | AL14: keine | AM14: entfällt | AN14: - | AO14: 0 | AP14: - | AQ14: keine | AR14: entfällt | AS14: - | AW14: Substitutionen sind im Galvanikbereich nicht zielführend (vgl. ASA vom 05.05.2025)
A15: 012 | B15: =HYPERLINK(CONCATENATE("..\SDB\SDB_",A15,".pdf"),"2") -> 2 | C15: =HYPERLINK("#"&CONCATENATE(A15,"!B1"),"2") -> 2 | D15: HESSONIC MP-4,Teil B | E15: Dr. HESSE GmbH & Cie KG | F15: 42110 | G15: Flüssigkeit | H15: grün | I15: 0 | J15: Metalloberflächenbehandlung | K15: GHS 05, GHS 08, GHS 09, Gefahr | L15: - | M15: H315, H317, H318, H334, H341, H350i, H360D, H372, | N15: H411 | O15: - | P15: - | Q15: P201, P202, P260, | R15: P310, P321 | S15: P405 | T15: - | U15: BORSÄURE | V15: 2 | W15: Archiv / derzeit nicht in Verwendung | X15: Beratung | Y15: siehe tätigkeitsspezifische Gefährdungsbeurteilung | Z15: Gefährdungsbeurteilung | AA15: siehe gefahrstoffspezifische Gefährdungsbeurteilung | AB15: Schutzleitfaden-PC170 | AC15: Brandschutzmaßnahmen | AD15: 0 | AE15: 0 | AF15: 0 | AG15: 0 | AH15: #N/A | AI15: - | AJ15: 0 | AK15: - | AL15: keine | AM15: entfällt | AN15: - | AO15: 0 | AP15: - | AQ15: keine | AR15: entfällt | AS15: - | AW15: Substitutionen sind im Galvanikbereich nicht zielführend (vgl. ASA vom 05.05.2025)
A16: 013 | B16: =HYPERLINK(CONCATENATE("..\SDB\SDB_",A16,".pdf"),"2") -> 2 | C16: =HYPERLINK("#"&CONCATENATE(A16,"!B1"),"2") -> 2 | D16: HESSONIC MP-4,Teil C | E16: Dr. HESSE GmbH & Cie KG | F16: 42110 | G16: Flüssigkeit | H16: farblos | I16: 0 | J16: Metalloberflächenbehandlung | K16: GHS 05, GHS 07, Gefahr | L16: - | M16: H314, H335 | N16: - | O16: - | P16: - | Q16: P260, P264 | R16: P310, P321 | S16: P405, P403+P233 | T16: - | U16: - | V16: 2 | W16: Archiv / derzeit nicht in Verwendung | X16: Schutzleitfaden-300 | Y16: Geschlossenes System | Z16: Schutzleitfaden-250 | AA16: Erweiterter Maßnahmenbedarf „Haut“ | AB16: Schutzleitfaden-PC170 | AC16: Brandschutzmaßnahmen | AD16: 0 | AE16: 0 | AF16: 0 | AG16: 0 | AH16: #N/A | AI16: - | AJ16: 0 | AK16: - | AL16: keine | AM16: entfällt | AN16: - | AO16: 0 | AP16: - | AQ16: keine | AR16: entfällt | AS16: - | AW16: Substitutionen sind im Galvanikbereich nicht zielführend (vgl. ASA vom 05.05.2025)
A17: 014 | B17: =HYPERLINK(CONCATENATE("..\SDB\SDB_",A17,".pdf"),"2") -> 2 | C17: =HYPERLINK("#"&CONCATENATE(A17,"!B1"),"2") -> 2 | D17: SUPRAGAL NOVA Träger AS 100 | E17: Dr. HESSE GmbH & Cie KG | F17: 42110 | G17: Flüssigkeit | H17: farblos | I17: 0 | J17: Metalloberflächenbehandlung | K17: nicht als gefährlich eingestuft | L17: - | M17: - | N17: - | O17: - | P17: - | Q17: - | R17: - | S17: - | T17: - | U17: - | V17: 1 | W17: Ja, da keine gefährlichen Eigenschaften vorliegen. | X17: Schutzleitfaden-100 | Y17: Freie Lüftung | Z17: Schutzleitfaden-120 | AA17: Organisations- und Hygienemaßnahmen "Haut" | AB17: Schutzleitfaden-PC170 | AC17: Brandschutzmaßnahmen | AD17: 0 | AE17: 0 | AF17: 0 | AG17: 0 | AH17: #N/A | AI17: - | AJ17: 0 | AK17: - | AL17: keine | AM17: entfällt | AN17: - | AO17: 0 | AP17: - | AQ17: keine | AR17: entfällt | AS17: - | AW17: Substitutionen sind im Galvanikbereich nicht zielführend (vgl. ASA vom 05.05.2025)
A18: 015 | B18: =HYPERLINK(CONCATENATE("..\SDB\SDB_",A18,".pdf"),"2") -> 2 | C18: =HYPERLINK("#"&CONCATENATE(A18,"!B1"),"2") -> 2 | D18: SUPRAGAL NOVA, Glanz 100 | E18: Dr. HESSE GmbH & Cie KG | F18: 42110 | G18: Flüssigkeit | H18: gelblich | I18: 0 | J18: Metalloberflächenbehandlung | K18: nicht als gefährlich eingestuft | L18: - | M18: - | N18: - | O18: - | P18: - | Q18: - | R18: - | S18: - | T18: - | U18: - | V18: 1 | W18: Ja, da keine gefährlichen Eigenschaften vorliegen. | X18: Schutzleitfaden-100 | Y18: Freie Lüftung | Z18: Schutzleitfaden-120 | AA18: Organisations- und Hygienemaßnahmen "Haut" | AB18: Schutzleitfaden-PC170 | AC18: Brandschutzmaßnahmen | AD18: 0 | AE18: 0 | AF18: 0 | AG18: 0 | AH18: #N/A | AI18: - | AJ18: 0 | AK18: - | AL18: keine | AM18: entfällt | AN18: - | AO18: 0 | AP18: - | AQ18: keine | AR18: entfällt | AS18: - | AW18: Substitutionen sind im Galvanikbereich nicht zielführend (vgl. ASA vom 05.05.2025)
A19: 016 | B19: =HYPERLINK(CONCATENATE("..\SDB\SDB_",A19,".pdf"),"2") -> 2 | C19: =HYPERLINK("#"&CONCATENATE(A19,"!B1"),"2") -> 2 | D19: SUPRAGAL NOVA Netzmittel WM 100 | E19: Dr. HESSE GmbH & Cie KG | F19: 42110 | G19: Flüssigkeit | H19: gelblich | I19: 0 | J19: Metalloberflächenbehandlung | K19: GHS 05, Gefahr | L19: - | M19: H315, H318 | N19: - | O19: 0 | P19: - | Q19: P264, P280 | R19: P310, P321, P305+P351+P338, P302+P352 | S19: 0 | T19: 0 | U19: - | V19: 2 | W19: Archiv / derzeit nicht in Verwendung | X19: Schutzleitfaden-200 | Y19: Örtliche Absaugung (Punktabsaugung) | Z19: Schutzleitfaden-120 | AA19: Organisations- und Hygienemaßnahmen "Haut" | AB19: Schutzleitfaden-PC170 | AC19: Brandschutzmaßnahmen | AD19: 0 | AE19: 0 | AF19: 0 | AG19: 0 | AH19: #N/A | AI19: - | AJ19: 0 | AK19: - | AL19: keine | AM19: entfällt | AN19: - | AO19: 0 | AP19: - | AQ19: keine | AR19: entfällt | AS19: 70 | AW19: Substitutionen sind im Galvanikbereich nicht zielführend (vgl. ASA vom 05.05.2025)
A20: 017 | B20: =HYPERLINK(CONCATENATE("..\SDB\SDB_",A20,".pdf"),"2") -> 2 | C20: =HYPERLINK("#"&CONCATENATE(A20,"!B1"),"2") -> 2 | D20: SUPRAGAL NOVA Einebner LC 100 | E20: Dr. HESSE GmbH & Cie KG | F20: 42110 | G20: Flüssigkeit | H20: farblos | I20: 0 | J20: Metalloberflächenbehandlung | K20: GHS 08, Gefahr | L20: - | M20: H350 | N20: - | O20: EUH208 | P20: - | Q20: P201, P202, P280, | R20: P308+P313 | S20: P405 | T20: - | U20: - | V20: 3 | W20: Archiv / derzeit nicht in Verwendung | X20: Beratung | Y20: siehe tätigkeitsspezifische Gefährdungsbeurteilung | Z20: Gefährdungsbeurteilung | AA20: siehe gefahrstoffspezifische Gefährdungsbeurteilung | AB20: Schutzleitfaden-PC170 | AC20: Brandschutzmaßnahmen | AD20: 0 | AE20: 0 | AF20: 0 | AG20: 0 | AH20: #N/A | AI20: - | AJ20: 0 | AK20: - | AL20: keine | AM20: entfällt | AN20: - | AO20: 0 | AP20: - | AQ20: keine | AR20: entfällt | AS20: 70 | AW20: Substitutionen sind im Galvanikbereich nicht zielführend (vgl. ASA vom 05.05.2025)
A21: 018 | B21: =HYPERLINK(CONCATENATE("..\SDB\SDB_",A21,".pdf"),"2") -> 2 | C21: =HYPERLINK("#"&CONCATENATE(A21,"!B1"),"2") -> 2 | D21: Entmetallisierung Ni/P EN Teil I | E21: Dr. HESSE GmbH & Cie KG | F21: 42110 | G21: Flüssigkeit | H21: gelblich | I21: 0 | J21: Metalloberflächenbehandlung | K21: GHS 07, Achtung | L21: - | M21: H317, H319 | N21: - | O21: - | P21: - | Q21: P261, P264, P272 | R21: P321, P333+P313, P337+P313 | S21: - | T21: - | U21: - | V21: 1 | W21: Archiv / derzeit nicht in Verwendung | X21: Schutzleitfaden-200 | Y21: Örtliche Absaugung (Punktabsaugung) | Z21: Schutzleitfaden-120 | AA21: Organisations- und Hygienemaßnahmen "Haut" | AB21: Schutzleitfaden-PC270 | AC21: Grundanforderungen bei erhöhter Brandgefährdung | AD21: 0 | AE21: 0 | AF21: 0 | AG21: 0 | AH21: #N/A | AI21: - | AJ21: 0 | AK21: - | AL21: keine | AM21: entfällt | AN21: - | AO21: 0 | AP21: - | AQ21: keine | AR21: entfällt | AS21: - | AW21: Substitutionen sind im Galvanikbereich nicht zielführend (vgl. ASA vom 05.05.2025)
A22: 019 | B22: =HYPERLINK(CONCATENATE("..\SDB\SDB_",A22,".pdf"),"2") -> 2 | C22: =HYPERLINK("#"&CONCATENATE(A22,"!B1"),"2") -> 2 | D22: Entmetallisierung Ni/P EN Teil II | E22: Dr. HESSE GmbH & Cie KG | F22: 42110 | G22: Feststoff | H22: weißlich | I22: 0 | J22: Metalloberflächenbehandlung | K22: GHS 07, Achtung | L22: - | M22: H302, H312, H332 | N22: H412 | O22: EUH032 | P22: - | Q22: P261, P264, P270 | R22: P310, P321, P330 | S22: - | T22: - | U22: - | V22: 1 | W22: Archiv / derzeit nicht in Verwendung | X22: Schutzleitfaden-200 | Y22: Örtliche Absaugung (Punktabsaugung) | Z22: Schutzleitfaden-120 | AA22: Organisations- und Hygienemaßnahmen "Haut" | AB22: Schutzleitfaden-PC270 | AC22: Grundanforderungen bei erhöhter Brandgefährdung | AD22: 0 | AE22: 0 | AF22: 0 | AG22: 0 | AH22: #N/A | AI22: - | AJ22: 0 | AK22: - | AL22: keine | AM22: entfällt | AN22: - | AO22: 0 | AP22: - | AQ22: keine | AR22: entfällt | AS22: 0 | AW22: Substitutionen sind im Galvanikbereich nicht zielführend (vgl. ASA vom 05.05.2025)
A23: 020 | B23: =HYPERLINK(CONCATENATE("..\SDB\SDB_",A23,".pdf"),"2") -> 2 | C23: =HYPERLINK("#"&CONCATENATE(A23,"!B1"),"2") -> 2 | D23: Entmetallisierung Ni/P EN Teil III | E23: Dr. HESSE GmbH & Cie KG | F23: 42110 | G23: Flüssigkeit | H23: gelblich | I23: 0 | J23: Metalloberflächenbehandlung | K23: GHS 05, GHS 07, GHS 08, Gefahr | L23: - | M23: H314, H317, H334, H302, H312 | N23: - | O23: - | P23: - | Q23: P260, P264, P270, | R23: P310, P321 | S23: P405 | T23: 0 | U23: - | V23: 2 | W23: Archiv / derzeit nicht in Verwendung | X23: Schutzleitfaden-300 | Y23: Geschlossenes System | Z23: Schutzleitfaden-250 | AA23: Erweiterter Maßnahmenbedarf „Haut“ | AB23: Schutzleitfaden-PC170 | AC23: Brandschutzmaßnahmen | AD23: 0 | AE23: 0 | AF23: 0 | AG23: 0 | AH23: #N/A | AI23: - | AJ23: 0 | AK23: - | AL23: keine | AM23: entfällt | AN23: - | AO23: 0 | AP23: - | AQ23: keine | AR23: entfällt | AS23: 75 | AW23: Substitutionen sind im Galvanikbereich nicht zielführend (vgl. ASA vom 05.05.2025)
A24: 021 | B24: =HYPERLINK(CONCATENATE("..\SDB\SDB_",A24,".pdf"),"2") -> 2 | C24: =HYPERLINK("#"&CONCATENATE(A24,"!B1"),"2") -> 2 | D24: Proseal Additiv Y | E24: KIESOW OBERFLÄCHENCHEMIE GmbH & Co. KG | F24: 45154 | G24: Flüssigkeit | H24: Dunkelgelb | I24: Gemisch | J24: Metalloberflächenbehandlung | K24: nicht als gefährlich eingestuft | L24: - | M24: - | N24: - | O24: EUH210 | P24: - | Q24: - | R24: - | S24: - | T24: - | U24: - | V24: nwg | W24: Ja, da keine gefährlichen Eigenschaften vorliegen. | X24: Schutzleitfaden-100 | Y24: Freie Lüftung | Z24: Schutzleitfaden-120 | AA24: Organisations- und Hygienemaßnahmen "Haut" | AB24: Schutzleitfaden-PC270 | AC24: Grundanforderungen bei erhöhter Brandgefährdung | AD24: - | AE24: 0 | AF24: - | AG24: keine | AH24: entfällt | AI24: - | AJ24: 0 | AK24: - | AL24: keine | AM24: entfällt | AN24: - | AO24: 0 | AP24: - | AQ24: keine | AR24: entfällt | AS24: - | AW24: Substitutionen sind im Galvanikbereich nicht zielführend (vgl. ASA vom 05.05.2025)
A25: 022 | B25: =HYPERLINK(CONCATENATE("..\SDB\SDB_",A25,".pdf"),"2") -> 2 | C25: =HYPERLINK("#"&CONCATENATE(A25,"!B1"),"2") -> 2 | D25: Proseal XZ 111 | E25: KIESOW OBERFLÄCHENCHEMIE GmbH & Co. KG | F25: 45278 | G25: Flüssigkeit | H25: dunkelgrün | I25: Gemisch | J25: Metalloberflächenbehandlung | K25: GHS 05, GHS 08, GHS 09, Gefahr | L25: - | M25: H314, H317, H334, H341, H350i, H360F | N25: H410 | O25: - | P25: - | Q25: P260 | R25: P303+P361+P353, P305+P351+P338, P310, P321, P362+P364 | S25: P405 | T25: P501 | U25: Salpetersäure 54%ig (2,5-10%), | V25: 3 | W25: Archiv / derzeit nicht in Verwendung | X25: Beratung | Y25: siehe tätigkeitsspezifische Gefährdungsbeurteilung | Z25: Gefährdungsbeurteilung | AA25: siehe gefahrstoffspezifische Gefährdungsbeurteilung | AB25: Schutzleitfaden-PC170 | AC25: Brandschutzmaßnahmen | AD25: Kobalt(II)-Sulfat | AE25: 2,5-5 | AF25: Kat. 1B | AG25: H350i | AH25: Kann bei Einatmen Krebs erzeugen. | AI25: Kobalt(II)-Sulfat | AJ25: 2,5-5 | AK25: Kat. 1B | AL25: H360F | AM25: Kann die Fruchtbarkeit beeinträchtigen. | AN25: Kobalt(II)-Sulfat | AO25: 2,5-5 | AP25: Kat. 2 | AQ25: H341 | AR25: Kann vermutlich genetische Defekte verursachen. | AS25: - | AW25: Substitutionen sind im Galvanikbereich nicht zielführend (vgl. ASA vom 05.05.2025)
A26: 023 | B26: =HYPERLINK(CONCATENATE("..\SDB\SDB_",A26,".pdf"),"2") -> 2 | C26: =HYPERLINK("#"&CONCATENATE(A26,"!B1"),"2") -> 2 | D26: SURFACLEAN V 149 | E26: KIESOW OBERFLÄCHENCHEMIE GmbH & Co. KG | F26: 44259 | G26: Flüssigkeit | H26: hellgelb | I26: Gemisch | J26: Metalloberflächenbehandlung | K26: GHS 05, GHS 07, Gefahr | L26: - | M26: H302, H314. H318 | N26: - | O26: - | P26: - | Q26: P260 | R26: P303+P361+P353, P305+P351+P338, P310, P321 | S26: - | T26: - | U26: - | V26: 1 | W26: Nein, da die Einstufung H314 besteht und ein Hautkontakt nicht ausgeschlossen werden kann. | X26: Schutzleitfaden-300 | Y26: Geschlossenes System | Z26: Gefährdungsbeurteilung | AA26: siehe gefahrstoffspezifische Gefährdungsbeurteilung | AB26: Schutzleitfaden-PC170 | AC26: Brandschutzmaßnahmen | AD26: - | AE26: 0 | AF26: - | AG26: keine | AH26: entfällt | AI26: - | AJ26: 0 | AK26: - | AL26: keine | AM26: entfällt | AN26: - | AO26: 0 | AP26: - | AQ26: keine | AR26: entfällt | AS26: - | AW26: Substitutionen sind im Galvanikbereich nicht zielführend (vgl. ASA vom 05.05.2025)
A27: 024 | B27: =HYPERLINK(CONCATENATE("..\SDB\SDB_",A27,".pdf"),"2") -> 2 | C27: =HYPERLINK("#"&CONCATENATE(A27,"!B1"),"2") -> 2 | D27: SURFACLEAN N 958 | E27: KIESOW OBERFLÄCHENCHEMIE GmbH & Co. KG | F27: 45608 | G27: Flüssigkeit | H27: dunkelgelb | I27: Gemisch | J27: Metalloberflächenbehandlung | K27: GHS 05, GHS 07, Gefahr | L27: - | M27: H302, H315, H318 | N27: - | O27: - | P27: - | Q27: P280 | R27: P305+P351+P338, P310, P321, 330, P362+P364 | S27: 0 | T27: P501 | U27: - | V27: 2 | W27: Nein, da gefährliche Einstufungen und Eigenschaften vorliegen (siehe EMKG). | X27: Schutzleitfaden-200 | Y27: Örtliche Absaugung (Punktabsaugung) | Z27: Schutzleitfaden-120 | AA27: Organisations- und Hygienemaßnahmen "Haut" | AB27: Schutzleitfaden-PC170 | AC27: Brandschutzmaßnahmen | AD27: - | AE27: 0 | AF27: - | AG27: keine | AH27: entfällt | AI27: - | AJ27: 0 | AK27: - | AL27: keine | AM27: entfällt | AN27: - | AO27: 0 | AP27: - | AQ27: keine | AR27: entfällt | AS27: - | AW27: Substitutionen sind im Galvanikbereich nicht zielführend (vgl. ASA vom 05.05.2025)
A28: 025 | B28: =HYPERLINK(CONCATENATE("..\SDB\SDB_",A28,".pdf"),"2") -> 2 | C28: =HYPERLINK("#"&CONCATENATE(A28,"!B1"),"2") -> 2 | D28: SUPRAGAL NOVA Netzmittel WA 100 | E28: Dr. HESSE GmbH & Cie KG | F28: 42110 | G28: Flüssigkeit | H28: 0 | I28: 0 | J28: Metalloberflächenbehandlung | K28: 0 | L28: 0 | M28: H315, 318 | N28: 0 | O28: 0 | P28: 0 | Q28: 0 | R28: 0 | S28: 0 | T28: 0 | U28: 0 | V28: 0 | W28: Archiv / derzeit nicht in Verwendung | X28: 0 | Z28: Schutzleitfaden-120 | AA28: Organisations- und Hygienemaßnahmen "Haut" | AB28: 0 | AD28: 0 | AE28: 0 | AF28: 0 | AG28: 0 | AH28: #N/A | AI28: - | AJ28: 0 | AK28: - | AL28: keine | AM28: entfällt | AN28: - | AO28: 0 | AP28: - | AQ28: keine | AR28: entfällt | AS28: 0 | AW28: Substitutionen sind im Galvanikbereich nicht zielführend (vgl. ASA vom 05.05.2025)
A29: 026 | B29: =HYPERLINK(CONCATENATE("..\SDB\SDB_",A29,".pdf"),"2") -> 2 | C29: =HYPERLINK("#"&CONCATENATE(A29,"!B1"),"2") -> 2 | D29: Ammoniumpufferlösung für die Komplexometrie PH 10 | E29: Merck KGaA | F29: 43353 | G29: Flüssigkeit | H29: farblos | I29: Gemisch | J29: Chemische Analytik | K29: GHS 05, GHS 07, Gefahr | L29: - | M29: H314, H335 | N29: - | O29: - | P29: - | Q29: P280 | R29: P301 + P330 + P331, P305 + P351 + P338, P308 + P310 | S29: - | T29: - | U29: Ammoniak in wässriger Lösung, Ammoniumchlorid | V29: 2 | W29: Ja, da nur geringe Stoffmengen verwendet werden (für analytische Zwecke, Proben, Kleinarbeiten) | X29: Schutzleitfaden-200 | Y29: Örtliche Absaugung (Punktabsaugung) | Z29: Gefährdungsbeurteilung | AA29: siehe gefahrstoffspezifische Gefährdungsbeurteilung | AB29: Schutzleitfaden-PC170 | AC29: Brandschutzmaßnahmen | AD29: - | AE29: 0 | AF29: - | AG29: keine | AH29: entfällt | AI29: - | AJ29: 0 | AK29: - | AL29: keine | AM29: entfällt | AN29: - | AO29: 0 | AP29: - | AQ29: keine | AR29: entfällt | AS29: - | AW29: Substitutionen sind im Galvanikbereich nicht zielführend (vgl. ASA vom 05.05.2025)
A30: 027 | B30: =HYPERLINK(CONCATENATE("..\SDB\SDB_",A30,".pdf"),"2") -> 2 | C30: =HYPERLINK("#"&CONCATENATE(A30,"!B1"),"2") -> 2 | D30: BROMKRESOLPURPUR | E30: Carl Roth GmbH + Co KG | F30: 45355 | G30: Feststoff | H30: violett | I30: Stoff | J30: Chemische Analytik | K30: nicht als gefährlich eingestuft | L30: - | M30: - | N30: - | O30: - | P30: - | Q30: - | R30: - | S30: - | T30: - | U30: - | V30: 1 | W30: Ja, da keine gefährlichen Eigenschaften vorliegen. | X30: Schutzleitfaden-100 | Y30: Freie Lüftung | Z30: Schutzleitfaden-120 | AA30: Organisations- und Hygienemaßnahmen "Haut" | AB30: Schutzleitfaden-PC170 | AC30: Brandschutzmaßnahmen | AD30: - | AE30: 0 | AF30: - | AG30: keine | AH30: entfällt | AI30: - | AJ30: 0 | AK30: - | AL30: keine | AM30: entfällt | AN30: - | AO30: 0 | AP30: - | AQ30: keine | AR30: entfällt | AS30: - | AW30: Substitutionen sind im Galvanikbereich nicht zielführend (vgl. ASA vom 05.05.2025)
A31: 028 | B31: =HYPERLINK(CONCATENATE("..\SDB\SDB_",A31,".pdf"),"2") -> 2 | C31: =HYPERLINK("#"&CONCATENATE(A31,"!B1"),"2") -> 2 | D31: Heizöl | E31: n. n. / diverse | F31: 44070 | G31: Flüssigkeit | H31: rot | I31: Gemisch | J31: Heizung | K31: GHS 02, GHS 07, GHS 08, GHS 09, Gefahr | L31: H226 | M31: H304, H315, H332, H351, H373 | N31: H411 | O31: 0 | P31: P102 | Q31: P210, P260, P273, P280 | R31: P301 + P310, P331 | S31: P403 + P233 | T31: P501 | U31: - | V31: 2 | W31: Nein, da gefährliche Einstufungen und Eigenschaften vorliegen (siehe EMKG). | X31: 0 | Z31: Schutzleitfaden-120 | AA31: Organisations- und Hygienemaßnahmen "Haut" | AB31: 0 | AD31: Brennstoffe, Diesel- | AE31: 100 | AF31: Kat. 2 | AG31: H351 | AH31: Kann vermutlich Krebs erzeugen. | AI31: - | AJ31: 0 | AK31: - | AL31: keine | AM31: entfällt | AN31: - | AO31: 0 | AP31: - | AQ31: keine | AR31: entfällt | AS31: 55 | AW31: Substitutionen sind im Galvanikbereich nicht zielführend (vgl. ASA vom 05.05.2025)
A32: 029 | B32: =HYPERLINK(CONCATENATE("..\SDB\SDB_",A32,".pdf"),"2") -> 2 | C32: =HYPERLINK("#"&CONCATENATE(A32,"!B1"),"2") -> 2 | D32: di-Kaliumoxalat-Monohydrat | E32: Carl Roth GmbH + Co KG | F32: 45352 | G32: Feststoff | H32: weiß | I32: Stoff | J32: Chemische Analytik | K32: GHS 07, Achtung | L32: - | M32: H302+H312 | N32: - | O32: - | P32: - | Q32: P270, P280 | R32: P302+P352 | S32: - | T32: - | U32: Staub | V32: nwg | W32: Ja, da nur geringe Stoffmengen verwendet werden (für analytische Zwecke, Proben, Kleinarbeiten) | X32: Schutzleitfaden-100 | Y32: Freie Lüftung | Z32: Schutzleitfaden-120 | AA32: Organisations- und Hygienemaßnahmen "Haut" | AB32: Schutzleitfaden-PC170 | AC32: Brandschutzmaßnahmen | AD32: - | AE32: 0 | AF32: - | AG32: keine | AH32: entfällt | AI32: - | AJ32: 0 | AK32: - | AL32: keine | AM32: entfällt | AN32: - | AO32: 0 | AP32: - | AQ32: keine | AR32: entfällt | AS32: - | AW32: Substitutionen sind im Galvanikbereich nicht zielführend (vgl. ASA vom 05.05.2025)
A33: 030 | B33: =HYPERLINK(CONCATENATE("..\SDB\SDB_",A33,".pdf"),"2") -> 2 | C33: =HYPERLINK("#"&CONCATENATE(A33,"!B1"),"2") -> 2 | D33: Dimethylgelb Indikatorlösung 0,2 % in Ethanol, vergällt | E33: Carl Roth GmbH + Co KG | F33: 44658 | G33: Flüssigkeit | H33: gelb | I33: Gemisch | J33: Chemische Analytik | K33: GHS 02, GHS 07, Gefahr | L33: H225 | M33: H319 | N33: - | O33: - | P33: - | Q33: P210 | R33: P305+P351+P338 | S33: P403+P233 | T33: - | U33: Ethanol | V33: nwg | W33: Ja, da nur geringe Stoffmengen verwendet werden (für analytische Zwecke, Proben, Kleinarbeiten) | X33: Schutzleitfaden-100 | Y33: Freie Lüftung | Z33: Schutzleitfaden-120 | AA33: Organisations- und Hygienemaßnahmen "Haut" | AB33: Schutzleitfaden-PC170 | AC33: Brandschutzmaßnahmen | AD33: Dimethylgelb | AE33: < 2,5 | AF33: Kat. 2 | AG33: H351 | AH33: Kann vermutlich Krebs erzeugen. | AI33: - | AJ33: 0 | AK33: - | AL33: keine | AM33: entfällt | AN33: - | AO33: 0 | AP33: - | AQ33: keine | AR33: entfällt | AS33: 12 | AW33: Substitutionen sind im Galvanikbereich nicht zielführend (vgl. ASA vom 05.05.2025)
A34: 031 | B34: =HYPERLINK(CONCATENATE("..\SDB\SDB_",A34,".pdf"),"2") -> 2 | C34: =HYPERLINK("#"&CONCATENATE(A34,"!B1"),"2") -> 2 | D34: Eriochromschwarz T | E34: Carl Roth GmbH + Co KG | F34: 44046 | G34: Pulver | H34: schwarz | I34: Stoff | J34: Chemische Analytik | K34: GHS 07, GHS 09, Achtung | L34: - | M34: H319 | N34: H411 | O34: - | P34: - | Q34: P273, P280 | R34: P305+P351+P338 | S34: - | T34: - | U34: Allgemeiner Staubgrenzwert, Alveolengängige Fraktion | V34: 2 | W34: Ja, da nur geringe Stoffmengen verwendet werden (für analytische Zwecke, Proben, Kleinarbeiten) | X34: Schutzleitfaden-100 | Y34: Freie Lüftung | Z34: Schutzleitfaden-120 | AA34: Organisations- und Hygienemaßnahmen "Haut" | AB34: Schutzleitfaden-PC170 | AC34: Brandschutzmaßnahmen | AD34: - | AE34: 0 | AF34: - | AG34: keine | AH34: entfällt | AI34: - | AJ34: 0 | AK34: - | AL34: keine | AM34: entfällt | AN34: - | AO34: 0 | AP34: - | AQ34: keine | AR34: entfällt | AS34: - | AW34: Substitutionen sind im Galvanikbereich nicht zielführend (vgl. ASA vom 05.05.2025)
A35: 032 | B35: =HYPERLINK(CONCATENATE("..\SDB\SDB_",A35,".pdf"),"2") -> 2 | C35: =HYPERLINK("#"&CONCATENATE(A35,"!B1"),"2") -> 2 | D35: Ethanol ROTISOLV® Pestilyse®plus ≥99,9 % | E35: Carl Roth GmbH + Co KG | F35: 45355 | G35: Flüssigkeit | H35: farblos | I35: Stoff | J35: Chemische Analytik | K35: GHS 02, GHS 07, Gefahr | L35: H225 | M35: H319 | N35: - | O35: - | P35: - | Q35: P210, P233 | R35: P305+P351+P338 | S35: - | T35: - | U35: Ethanol | V35: 1 | W35: Ja, da nur geringe Stoffmengen verwendet werden (für analytische Zwecke, Proben, Kleinarbeiten) | X35: Schutzleitfaden-100 | Y35: Freie Lüftung | Z35: Schutzleitfaden-120 | AA35: Organisations- und Hygienemaßnahmen "Haut" | AB35: Schutzleitfaden-PC170 | AC35: Brandschutzmaßnahmen | AD35: - | AE35: 0 | AF35: - | AG35: keine | AH35: entfällt | AI35: - | AJ35: 0 | AK35: - | AL35: keine | AM35: entfällt | AN35: - | AO35: 0 | AP35: - | AQ35: keine | AR35: entfällt | AS35: 17 | AW35: Substitutionen sind im Galvanikbereich nicht zielführend (vgl. ASA vom 05.05.2025)
A36: 033 | B36: =HYPERLINK(CONCATENATE("..\SDB\SDB_",A36,".pdf"),"2") -> 2 | C36: =HYPERLINK("#"&CONCATENATE(A36,"!B1"),"2") -> 2 | D36: Natrium-EDTA-Lösung 0,05 mol/l - 1/20 M Lösung Titriermittel für METROHM | E36: Bernd Kraft GmbH | F36: 44525 | G36: Flüssigkeit | H36: farblos | I36: Gemisch | J36: Chemische Analytik | K36: GHS 05, Achtung | L36: H290 | M36: - | N36: - | O36: - | P36: - | Q36: P234 | R36: P390 | S36: P406 | T36: - | U36: - | V36: 1 | W36: Ja, da nur geringe Stoffmengen verwendet werden (für analytische Zwecke, Proben, Kleinarbeiten) | X36: Schutzleitfaden-200 | Y36: Örtliche Absaugung (Punktabsaugung) | Z36: Schutzleitfaden-120 | AA36: Organisations- und Hygienemaßnahmen "Haut" | AB36: Schutzleitfaden-PC170 | AC36: Brandschutzmaßnahmen | AD36: - | AE36: 0 | AF36: - | AG36: keine | AH36: entfällt | AI36: - | AJ36: 0 | AK36: - | AL36: keine | AM36: entfällt | AN36: - | AO36: 0 | AP36: - | AQ36: keine | AR36: entfällt | AS36: - | AW36: Substitutionen sind im Galvanikbereich nicht zielführend (vgl. ASA vom 05.05.2025)
A37: 034 | B37: =HYPERLINK(CONCATENATE("..\SDB\SDB_",A37,".pdf"),"2") -> 2 | C37: =HYPERLINK("#"&CONCATENATE(A37,"!B1"),"2") -> 2 | D37: Iodid-Iodat-Lösung | E37: Bernd Kraft GmbH | F37: 44820 | G37: Flüssigkeit | H37: farblos | I37: Gemisch | J37: Chemische Analytik | K37: GHS 08, Achtung | L37: - | M37: H373 | N37: - | O37: - | P37: - | Q37: P260 | R37: P314 | S37: - | T37: - | U37: - | V37: 3 | W37: Ja, da nur geringe Stoffmengen verwendet werden (für analytische Zwecke, Proben, Kleinarbeiten) | X37: Schutzleitfaden-200 | Y37: Örtliche Absaugung (Punktabsaugung) | Z37: Schutzleitfaden-120 | AA37: Organisations- und Hygienemaßnahmen "Haut" | AB37: Schutzleitfaden-PC170 | AC37: Brandschutzmaßnahmen | AD37: - | AE37: 0 | AF37: - | AG37: keine | AH37: entfällt | AI37: - | AJ37: 0 | AK37: - | AL37: keine | AM37: entfällt | AN37: - | AO37: 0 | AP37: - | AQ37: keine | AR37: entfällt | AS37: - | AW37: Substitutionen sind im Galvanikbereich nicht zielführend (vgl. ASA vom 05.05.2025)
A38: 035 | B38: =HYPERLINK(CONCATENATE("..\SDB\SDB_",A38,".pdf"),"2") -> 2 | C38: =HYPERLINK("#"&CONCATENATE(A38,"!B1"),"2") -> 2 | D38: Alficlean 139 | E38: Alufinish GmbH & Co. KG | F38: 45303 | G38: Feststoff | H38: gelblich | I38: Gemisch | J38: Metalloberflächenbehandlung | K38: GHS 05, GHS 08, Gefahr | L38: - | M38: H318, H360FD | N38: H412 | O38: - | P38: - | Q38: P201, P273, P280 | R38: P305+P351+P338, P310, P308+P313 | S38: - | T38: - | U38: Boraxdecahydrat | V38: 2 | W38: Nein, da gefährliche Einstufungen und Eigenschaften vorliegen (siehe EMKG). | X38: Beratung | Y38: siehe tätigkeitsspezifische Gefährdungsbeurteilung | Z38: Schutzleitfaden-250 | AA38: Erweiterter Maßnahmenbedarf „Haut“ | AB38: Schutzleitfaden-PC170 | AC38: Brandschutzmaßnahmen | AD38: Boraxdecahydrat | AE38: 25 - 50 | AF38: Kat. 1B | AG38: H360FD | AH38: Kann die Fruchtbarkeit beeinträchtigen. Kann das Kind im Mutterleib schädigen. | AI38: - | AJ38: 0 | AK38: - | AL38: keine | AM38: entfällt | AN38: - | AO38: 0 | AP38: - | AQ38: keine | AR38: entfällt | AS38: - | AW38: Substitutionen sind im Galvanikbereich nicht zielführend (vgl. ASA vom 05.05.2025)
A39: 036 | B39: =HYPERLINK(CONCATENATE("..\SDB\SDB_",A39,".pdf"),"2") -> 2 | C39: =HYPERLINK("#"&CONCATENATE(A39,"!B1"),"2") -> 2 | D39: Kalilauge 6 mol/l | E39: Bernd Kraft GmbH | F39: 45274 | G39: Flüssigkeit | H39: farblos | I39: Gemisch | J39: Chemische Analytik | K39: GHS 05, GHS 07, Gefahr | L39: H290 | M39: H302, H314 | N39: - | O39: - | P39: - | Q39: P280 | R39: P305+P351+P338, P303+P361+P353, P309, P310, P301+P330+P331 | S39: - | T39: - | U39: - | V39: 1 | W39: Ja, da nur geringe Stoffmengen verwendet werden (für analytische Zwecke, Proben, Kleinarbeiten) | X39: Schutzleitfaden-200 | Y39: Örtliche Absaugung (Punktabsaugung) | Z39: Gefährdungsbeurteilung | AA39: siehe gefahrstoffspezifische Gefährdungsbeurteilung | AB39: Schutzleitfaden-PC170 | AC39: Brandschutzmaßnahmen | AD39: - | AE39: 0 | AF39: - | AG39: keine | AH39: entfällt | AI39: - | AJ39: 0 | AK39: - | AL39: keine | AM39: entfällt | AN39: - | AO39: 0 | AP39: - | AQ39: keine | AR39: entfällt | AS39: - | AW39: Substitutionen sind im Galvanikbereich nicht zielführend (vgl. ASA vom 05.05.2025)
A40: 037 | B40: =HYPERLINK(CONCATENATE("..\SDB\SDB_",A40,".pdf"),"2") -> 2 | C40: =HYPERLINK("#"&CONCATENATE(A40,"!B1"),"2") -> 2 | D40: Kaliumchromat 10% Lösung | E40: CHEM-LAB NV | F40: 43434 | G40: Flüssigkeit | H40: orange | I40: Gemisch | J40: Chemische Analytik | K40: GHS 07, GHS 08, GHS 09, Gefahr | L40: - | M40: H315, H317, H319, H335, H340, H350 | N40: H410 | O40: - | P40: - | Q40: P201, P273, P280 | R40: P308 + P313, P305 + P351 + P338, P302 + P352 | S40: - | T40: - | U40: - | V40: 1 | W40: Ja, da nur geringe Stoffmengen verwendet werden (für analytische Zwecke, Proben, Kleinarbeiten) | X40: Beratung | Y40: siehe tätigkeitsspezifische Gefährdungsbeurteilung | Z40: Gefährdungsbeurteilung | AA40: siehe gefahrstoffspezifische Gefährdungsbeurteilung | AB40: Schutzleitfaden-PC170 | AC40: Brandschutzmaßnahmen | AD40: Kaliumchromat | AE40: 10 | AF40: Kat. 1B | AG40: H340 | AH40: Kann genetische Defekte verursachen. | AI40: Kaliumchromat | AJ40: 10 | AK40: Kat. 1B | AL40: H350 | AM40: Kann Krebs erzeugen. | AN40: - | AO40: 0 | AP40: - | AQ40: keine | AR40: entfällt | AS40: - | AW40: Substitutionen sind im Galvanikbereich nicht zielführend (vgl. ASA vom 05.05.2025)
A41: 038 | B41: =HYPERLINK(CONCATENATE("..\SDB\SDB_",A41,".pdf"),"2") -> 2 | C41: =HYPERLINK("#"&CONCATENATE(A41,"!B1"),"2") -> 2 | D41: Kaliumfluoridlösung 50% reinst | E41: Bernd Kraft GmbH | F41: 44803 | G41: Flüssigkeit | H41: farblos | I41: Gemisch | J41: Chemische Analytik | K41: GHS 05, GHS 06, Gefahr | L41: - | M41: H301+H311+H331, H318 | N41: - | O41: - | P41: - | Q41: P261, P280 | R41: P301+P310, P302+P352, 304+P340, P305+P351+P338, P361+P364 | S41: P403+P233 | T41: - | U41: - | V41: 1 | W41: Ja, da nur geringe Stoffmengen verwendet werden (für analytische Zwecke, Proben, Kleinarbeiten) | X41: Schutzleitfaden-200 | Y41: Örtliche Absaugung (Punktabsaugung) | Z41: Schutzleitfaden-250 | AA41: Erweiterter Maßnahmenbedarf „Haut“ | AB41: Schutzleitfaden-PC170 | AC41: Brandschutzmaßnahmen | AD41: - | AE41: 0 | AF41: - | AG41: keine | AH41: entfällt | AI41: - | AJ41: 0 | AK41: - | AL41: keine | AM41: entfällt | AN41: - | AO41: 0 | AP41: - | AQ41: keine | AR41: entfällt | AS41: - | AW41: Substitutionen sind im Galvanikbereich nicht zielführend (vgl. ASA vom 05.05.2025)
A42: 039 | B42: =HYPERLINK(CONCATENATE("..\SDB\SDB_",A42,".pdf"),"2") -> 2 | C42: =HYPERLINK("#"&CONCATENATE(A42,"!B1"),"2") -> 2 | D42: Jod-Kaliumjodidlösung nach Lugol | E42: Carl Roth GmbH + Co KG | F42: 45134 | G42: Flüssigkeit | H42: hellbraun | I42: Gemisch | J42: Chemische Analytik | K42: GHS 08, Achtung | L42: - | M42: H373 | N42: - | O42: - | P42: - | Q42: P260 | R42: P314 | S42: - | T42: - | U42: Jod | V42: 2 | W42: Ja, da nur geringe Stoffmengen verwendet werden (für analytische Zwecke, Proben, Kleinarbeiten) | X42: Schutzleitfaden-100 | Y42: Freie Lüftung | Z42: Schutzleitfaden-120 | AA42: Organisations- und Hygienemaßnahmen "Haut" | AB42: Schutzleitfaden-PC170 | AC42: Brandschutzmaßnahmen | AD42: - | AE42: 0 | AF42: - | AG42: keine | AH42: entfällt | AI42: - | AJ42: 0 | AK42: - | AL42: keine | AM42: entfällt | AN42: - | AO42: 0 | AP42: - | AQ42: keine | AR42: entfällt | AS42: - | AW42: Substitutionen sind im Galvanikbereich nicht zielführend (vgl. ASA vom 05.05.2025)
A43: 040 | B43: =HYPERLINK(CONCATENATE("..\SDB\SDB_",A43,".pdf"),"2") -> 2 | C43: =HYPERLINK("#"&CONCATENATE(A43,"!B1"),"2") -> 2 | D43: Kaliumpermanganatlösung Titrisol | E43: Merck KGaA | F43: 44528 | G43: Flüssigkeit | H43: blau | I43: Gemisch | J43: Chemische Analytik | K43: GHS 03, GHS 05, GHS 08, GHS 09, Gefahr | L43: H272 | M43: H314, H361d | N43: H410 | O43: - | P43: - | Q43: P210, P273, P280 | R43: P303 + P361 + P353, P304 + P340 + P310, P305 + P351 + P338 | S43: - | T43: - | U43: Kaliumpermanganat | V43: 3 | W43: Ja, da nur geringe Stoffmengen verwendet werden (für analytische Zwecke, Proben, Kleinarbeiten) | X43: Schutzleitfaden-200 | Y43: Örtliche Absaugung (Punktabsaugung) | Z43: Schutzleitfaden-250 | AA43: Erweiterter Maßnahmenbedarf „Haut“ | AB43: Schutzleitfaden-PC170 | AC43: Brandschutzmaßnahmen | AD43: Kaliumpermanganat | AE43: >= 5 - < 10 | AF43: Kat. 2 | AG43: H361d | AH43: Kann vermutlich das Kind im Mutterleib schädigen. | AI43: - | AJ43: 0 | AK43: - | AL43: keine | AM43: entfällt | AN43: - | AO43: 0 | AP43: - | AQ43: keine | AR43: entfällt | AS43: - | AW43: Substitutionen sind im Galvanikbereich nicht zielführend (vgl. ASA vom 05.05.2025)
A44: 041 | B44: =HYPERLINK(CONCATENATE("..\SDB\SDB_",A44,".pdf"),"2") -> 2 | C44: =HYPERLINK("#"&CONCATENATE(A44,"!B1"),"2") -> 2 | D44: Methylorange | E44: Carl Roth GmbH + Co KG | F44: 44531 | G44: Pulver | H44: orange | I44: Stoff | J44: Chemische Analytik | K44: GHS 06, Gefahr | L44: - | M44: H301 | N44: - | O44: - | P44: - | Q44: P270 | R44: P301+P310 | S44: P405 | T44: - | U44: - | V44: nwg | W44: Ja, da nur geringe Stoffmengen verwendet werden (für analytische Zwecke, Proben, Kleinarbeiten) | X44: Schutzleitfaden-200 | Y44: Örtliche Absaugung (Punktabsaugung) | Z44: Schutzleitfaden-120 | AA44: Organisations- und Hygienemaßnahmen "Haut" | AB44: Schutzleitfaden-PC170 | AC44: Brandschutzmaßnahmen | AD44: - | AE44: 0 | AF44: - | AG44: keine | AH44: entfällt | AI44: - | AJ44: 0 | AK44: - | AL44: keine | AM44: entfällt | AN44: - | AO44: 0 | AP44: - | AQ44: keine | AR44: entfällt | AS44: - | AW44: Substitutionen sind im Galvanikbereich nicht zielführend (vgl. ASA vom 05.05.2025)
A45: 042 | B45: =HYPERLINK(CONCATENATE("..\SDB\SDB_",A45,".pdf"),"2") -> 2 | C45: =HYPERLINK("#"&CONCATENATE(A45,"!B1"),"2") -> 2 | D45: Methylrot | E45: Carl Roth GmbH + Co KG | F45: 44720 | G45: Pulver | H45: rot - violett | I45: Gemisch | J45: Chemische Analytik | K45: nicht als gefährlich eingestuft | L45: - | M45: - | N45: - | O45: - | P45: - | Q45: - | R45: - | S45: - | T45: - | U45: - | V45: nwg | W45: Ja, da nur geringe Stoffmengen verwendet werden (für analytische Zwecke, Proben, Kleinarbeiten) | X45: Schutzleitfaden-100 | Y45: Freie Lüftung | Z45: Schutzleitfaden-120 | AA45: Organisations- und Hygienemaßnahmen "Haut" | AB45: Schutzleitfaden-PC170 | AC45: Brandschutzmaßnahmen | AD45: - | AE45: 0 | AF45: - | AG45: keine | AH45: entfällt | AI45: - | AJ45: 0 | AK45: - | AL45: keine | AM45: entfällt | AN45: - | AO45: 0 | AP45: - | AQ45: keine | AR45: entfällt | AS45: - | AW45: Substitutionen sind im Galvanikbereich nicht zielführend (vgl. ASA vom 05.05.2025)
A46: 043 | B46: =HYPERLINK(CONCATENATE("..\SDB\SDB_",A46,".pdf"),"2") -> 2 | C46: =HYPERLINK("#"&CONCATENATE(A46,"!B1"),"2") -> 2 | D46: Murexid | E46: Bernd Kraft GmbH | F46: 43565 | G46: Flüssigkeit | H46: diverse | I46: Stoff | J46: Chemische Analytik | K46: nicht als gefährlich eingestuft | L46: - | M46: - | N46: - | O46: - | P46: - | Q46: - | R46: - | S46: - | T46: - | U46: - | V46: 1 | W46: Ja, da nur geringe Stoffmengen verwendet werden (für analytische Zwecke, Proben, Kleinarbeiten) | X46: Schutzleitfaden-100 | Y46: Freie Lüftung | Z46: Schutzleitfaden-120 | AA46: Organisations- und Hygienemaßnahmen "Haut" | AB46: Schutzleitfaden-PC170 | AC46: Brandschutzmaßnahmen | AD46: - | AE46: 0 | AF46: - | AG46: keine | AH46: entfällt | AI46: - | AJ46: 0 | AK46: - | AL46: keine | AM46: entfällt | AN46: - | AO46: 0 | AP46: - | AQ46: keine | AR46: entfällt | AS46: - | AW46: Substitutionen sind im Galvanikbereich nicht zielführend (vgl. ASA vom 05.05.2025)
A47: 044 | B47: =HYPERLINK(CONCATENATE("..\SDB\SDB_",A47,".pdf"),"2") -> 2 | C47: =HYPERLINK("#"&CONCATENATE(A47,"!B1"),"2") -> 2 | D47: Natrium- EDTA- Lösung | E47: Bernd Kraft GmbH | F47: 41172 | G47: Flüssigkeit | H47: farblos | I47: Gemisch | J47: Chemische Analytik | K47: nicht als gefährlich eingestuft | L47: - | M47: - | N47: - | O47: - | P47: - | Q47: - | R47: - | S47: - | T47: - | U47: - | V47: 1 | W47: Ja, da nur geringe Stoffmengen verwendet werden (für analytische Zwecke, Proben, Kleinarbeiten) | X47: Schutzleitfaden-100 | Y47: Freie Lüftung | Z47: Schutzleitfaden-120 | AA47: Organisations- und Hygienemaßnahmen "Haut" | AB47: Schutzleitfaden-PC170 | AC47: Brandschutzmaßnahmen | AD47: - | AE47: 0 | AF47: - | AG47: keine | AH47: entfällt | AI47: - | AJ47: 0 | AK47: - | AL47: keine | AM47: entfällt | AN47: - | AO47: 0 | AP47: - | AQ47: keine | AR47: entfällt | AS47: - | AW47: Substitutionen sind im Galvanikbereich nicht zielführend (vgl. ASA vom 05.05.2025)
A48: 045 | B48: =HYPERLINK(CONCATENATE("..\SDB\SDB_",A48,".pdf"),"2") -> 2 | C48: =HYPERLINK("#"&CONCATENATE(A48,"!B1"),"2") -> 2 | D48: Natriumhydrogencarbonatlösung | E48: Bernd Kraft GmbH | F48: 44483 | G48: Flüssigkeit | H48: farblos | I48: Gemisch | J48: Chemische Analytik | K48: nicht als gefährlich eingestuft | L48: - | M48: - | N48: - | O48: - | P48: - | Q48: - | R48: - | S48: - | T48: - | U48: - | V48: 1 | W48: Ja, da nur geringe Stoffmengen verwendet werden (für analytische Zwecke, Proben, Kleinarbeiten) | X48: Schutzleitfaden-100 | Y48: Freie Lüftung | Z48: Schutzleitfaden-120 | AA48: Organisations- und Hygienemaßnahmen "Haut" | AB48: Schutzleitfaden-PC170 | AC48: Brandschutzmaßnahmen | AD48: - | AE48: 0 | AF48: - | AG48: keine | AH48: entfällt | AI48: - | AJ48: 0 | AK48: - | AL48: keine | AM48: entfällt | AN48: - | AO48: 0 | AP48: - | AQ48: keine | AR48: entfällt | AS48: - | AW48: Substitutionen sind im Galvanikbereich nicht zielführend (vgl. ASA vom 05.05.2025)
A49: 046 | B49: =HYPERLINK(CONCATENATE("..\SDB\SDB_",A49,".pdf"),"2") -> 2 | C49: =HYPERLINK("#"&CONCATENATE(A49,"!B1"),"2") -> 2 | D49: Natriumthiosulfatlösung (0,1 mol/l - 0,1 N Maßlösung) | E49: Carl Roth GmbH + Co KG | F49: 44904 | G49: Flüssigkeit | H49: farblos | I49: Gemisch | J49: Chemische Analytik | K49: nicht als gefährlich eingestuft | L49: - | M49: - | N49: - | O49: - | P49: - | Q49: - | R49: - | S49: - | T49: - | U49: - | V49: nwg | W49: Ja, da nur geringe Stoffmengen verwendet werden (für analytische Zwecke, Proben, Kleinarbeiten) | X49: Schutzleitfaden-100 | Y49: Freie Lüftung | Z49: Schutzleitfaden-120 | AA49: Organisations- und Hygienemaßnahmen "Haut" | AB49: Schutzleitfaden-PC170 | AC49: Brandschutzmaßnahmen | AD49: - | AE49: 0 | AF49: - | AG49: keine | AH49: entfällt | AI49: - | AJ49: 0 | AK49: - | AL49: keine | AM49: entfällt | AN49: - | AO49: 0 | AP49: - | AQ49: keine | AR49: entfällt | AS49: - | AW49: Substitutionen sind im Galvanikbereich nicht zielführend (vgl. ASA vom 05.05.2025)
A50: 047 | B50: =HYPERLINK(CONCATENATE("..\SDB\SDB_",A50,".pdf"),"2") -> 2 | C50: =HYPERLINK("#"&CONCATENATE(A50,"!B1"),"2") -> 2 | D50: Nickelchlorid-Hexahydrat | E50: Richard Steinebach GmbH & Co.KG | F50: 41465 | G50: Granulat | H50: hellgrün | I50: Stoff | J50: Metalloberflächenbehandlung | K50: GHS 06, GHS 08, GHS 09, Gefahr | L50: - | M50: H301, H315, H317, H331, H334, H341, H350i, H360D, H372 | N50: H410 | O50: - | P50: - | Q50: P201, P260, P273, P285 | R50: P301+P310, P302+P352, P304+P340, P308+P313, P314, P330, P342+P311, P362, P391 | S50: P405 | T50: P501 | U50: Nickel(II)chloridhexahydrat, Nickelchlorid | V50: 3 | W50: Nein, da gefährliche Einstufungen und Eigenschaften vorliegen (siehe EMKG). | X50: Beratung | Y50: siehe tätigkeitsspezifische Gefährdungsbeurteilung | Z50: Gefährdungsbeurteilung | AA50: siehe gefahrstoffspezifische Gefährdungsbeurteilung | AB50: Schutzleitfaden-PC170 | AC50: Brandschutzmaßnahmen | AD50: Nickel(II)chloridhexahydrat | AE50: 100 | AF50: Kat. 1A | AG50: H350i | AH50: Kann bei Einatmen Krebs erzeugen. | AI50: Nickel(II)chloridhexahydrat | AJ50: 100 | AK50: Kat. 1B | AL50: H360D | AM50: Kann das Kind im Mutterleib schädigen. | AN50: Nickel(II)chloridhexahydrat | AO50: 100 | AP50: Kat. 2 | AQ50: H341 | AR50: Kann vermutlich genetische Defekte verursachen. | AS50: - | AW50: Substitutionen sind im Galvanikbereich nicht zielführend (vgl. ASA vom 05.05.2025)
A51: 048 | B51: =HYPERLINK(CONCATENATE("..\SDB\SDB_",A51,".pdf"),"2") -> 2 | C51: =HYPERLINK("#"&CONCATENATE(A51,"!B1"),"2") -> 2 | D51: Natronlauge (0,1 mol/l - 0,1 N, Maßlösung) | E51: Carl Roth GmbH + Co KG | F51: 45072 | G51: Flüssigkeit | H51: farblos | I51: Gemisch | J51: Chemische Analytik | K51: GHS 05, Achtung | L51: H290 | M51: - | N51: - | O51: - | P51: - | Q51: P234 | R51: P390 | S51: - | T51: 0 | U51: Natriumhydroxid | V51: nwg | W51: Ja, da nur geringe Stoffmengen verwendet werden (für analytische Zwecke, Proben, Kleinarbeiten) | X51: Schutzleitfaden-100 | Y51: Freie Lüftung | Z51: Schutzleitfaden-120 | AA51: Organisations- und Hygienemaßnahmen "Haut" | AB51: Schutzleitfaden-PC170 | AC51: Brandschutzmaßnahmen | AD51: - | AE51: 0 | AF51: - | AG51: keine | AH51: entfällt | AI51: - | AJ51: 0 | AK51: - | AL51: keine | AM51: entfällt | AN51: - | AO51: 0 | AP51: - | AQ51: keine | AR51: entfällt | AS51: - | AW51: Substitutionen sind im Galvanikbereich nicht zielführend (vgl. ASA vom 05.05.2025)
A52: 049 | B52: =HYPERLINK(CONCATENATE("..\SDB\SDB_",A52,".pdf"),"2") -> 2 | C52: =HYPERLINK("#"&CONCATENATE(A52,"!B1"),"2") -> 2 | D52: Natronlauge 25 %, reinst | E52: Carl Roth GmbH + Co KG | F52: 45072 | G52: Flüssigkeit | H52: farblos | I52: Gemisch | J52: Chemische Analytik | K52: GHS 05, Gefahr | L52: H290 | M52: H314 | N52: - | O52: - | P52: - | Q52: P280 | R52: P303+P361+P353, P305+P351+P338, P310, | S52: - | T52: - | U52: - | V52: nwg | W52: Ja, da nur geringe Stoffmengen verwendet werden (für analytische Zwecke, Proben, Kleinarbeiten) | X52: Schutzleitfaden-200 | Y52: Örtliche Absaugung (Punktabsaugung) | Z52: Gefährdungsbeurteilung | AA52: siehe gefahrstoffspezifische Gefährdungsbeurteilung | AB52: Schutzleitfaden-PC170 | AC52: Brandschutzmaßnahmen | AD52: - | AE52: 0 | AF52: - | AG52: keine | AH52: entfällt | AI52: - | AJ52: 0 | AK52: - | AL52: keine | AM52: entfällt | AN52: - | AO52: 0 | AP52: - | AQ52: keine | AR52: entfällt | AS52: - | AW52: Substitutionen sind im Galvanikbereich nicht zielführend (vgl. ASA vom 05.05.2025)
A53: 050 | B53: =HYPERLINK(CONCATENATE("..\SDB\SDB_",A53,".pdf"),"2") -> 2 | C53: =HYPERLINK("#"&CONCATENATE(A53,"!B1"),"2") -> 2 | D53: Industrie-Decklack 2150 (RAL 5010 blau glänzend, RAL 7035 lichtgrau) | E53: PHARMOL Farben und Lacke GmbH | F53: 45100 | G53: Flüssigkeit | H53: diverse | I53: Gemisch | J53: Farben | K53: GHS 02, GHS 07, Achtung | L53: H226 | M53: H315 | N53: H412 | O53: EUH208 | P53: - | Q53: P210, P243, P280 | R53: P303 + P361 + P353, P391 | S53: P403 + P235 | T53: - | U53: Xylol, 2-Butanonoxim | V53: 2 | W53: Nein, da gefährliche Einstufungen und Eigenschaften vorliegen (siehe EMKG). | X53: Schutzleitfaden-100 | Y53: Freie Lüftung | Z53: Schutzleitfaden-120 | AA53: Organisations- und Hygienemaßnahmen "Haut" | AB53: Schutzleitfaden-PC270 | AC53: Grundanforderungen bei erhöhter Brandgefährdung | AD53: 2-Butanonoxim | AE53: 0,5 | AF53: Kat. 2 | AG53: H351 | AH53: Kann vermutlich Krebs erzeugen. | AI53: - | AJ53: 0 | AK53: - | AL53: keine | AM53: entfällt | AN53: - | AO53: 0 | AP53: - | AQ53: keine | AR53: entfällt | AS53: 24 | AW53: Substitutionen sind im Galvanikbereich nicht zielführend (vgl. ASA vom 05.05.2025)
A54: 051 | B54: =HYPERLINK(CONCATENATE("..\SDB\SDB_",A54,".pdf"),"2") -> 2 | C54: =HYPERLINK("#"&CONCATENATE(A54,"!B1"),"2") -> 2 | D54: Phenolphthalein - Lösung 0,1 % | E54: AppliChem GmbH | F54: 45007 | G54: Flüssigkeit | H54: farblos | I54: Gemisch | J54: Chemische Analytik | K54: GHS 02, GHS 07, Gefahr | L54: H225 | M54: H319 | N54: - | O54: - | P54: - | Q54: P210, P280 | R54: P303+P361+P353, P305+P351+P33 | S54: P403+P235 | T54: P501 | U54: Ethanol | V54: 3 | W54: Ja, da nur geringe Stoffmengen verwendet werden (für analytische Zwecke, Proben, Kleinarbeiten) | X54: Schutzleitfaden-100 | Y54: Freie Lüftung | Z54: Schutzleitfaden-120 | AA54: Organisations- und Hygienemaßnahmen "Haut" | AB54: Schutzleitfaden-PC170 | AC54: Brandschutzmaßnahmen | AD54: Phenolphthalein | AE54: 0,1 | AF54: Kat. 1B | AG54: H350 | AH54: Kann Krebs erzeugen. | AI54: Phenolphthalein | AJ54: 0.1 | AK54: Kat. 2 | AL54: H341 | AM54: Kann vermutlich genetische Defekte verursachen. | AN54: Phenolphthalein | AO54: 0.1 | AP54: Kat. 2 | AQ54: H361f | AR54: Kann vermutlich die Fruchtbarkeit beeinträchtigen. | AS54: 13 | AW54: Substitutionen sind im Galvanikbereich nicht zielführend (vgl. ASA vom 05.05.2025)
A55: 052 | B55: =HYPERLINK(CONCATENATE("..\SDB\SDB_",A55,".pdf"),"2") -> 2 | C55: =HYPERLINK("#"&CONCATENATE(A55,"!B1"),"2") -> 2 | D55: Salzsäure 20 % 1:1 reinst | E55: Bernd Kraft GmbH | F55: 43585 | G55: Flüssigkeit | H55: farblos | I55: Gemisch | J55: Chemische Analytik | K55: GHS 05, GHS 07, Achtung | L55: H290 | M55: H315, H319, H335 | N55: - | O55: - | P55: - | Q55: P261, P280 | R55: P302+P352, P305+P351+P338 | S55: P405 | T55: 0 | U55: Salzsäure | V55: 1 | W55: Ja, da nur geringe Stoffmengen verwendet werden (für analytische Zwecke, Proben, Kleinarbeiten) | X55: Schutzleitfaden-100 | Y55: Freie Lüftung | Z55: Schutzleitfaden-120 | AA55: Organisations- und Hygienemaßnahmen "Haut" | AB55: Schutzleitfaden-PC170 | AC55: Brandschutzmaßnahmen | AD55: - | AE55: 0 | AF55: - | AG55: keine | AH55: entfällt | AI55: - | AJ55: 0 | AK55: - | AL55: keine | AM55: entfällt | AN55: - | AO55: 0 | AP55: - | AQ55: keine | AR55: entfällt | AS55: - | AW55: Substitutionen sind im Galvanikbereich nicht zielführend (vgl. ASA vom 05.05.2025)
A56: 053 | B56: =HYPERLINK(CONCATENATE("..\SDB\SDB_",A56,".pdf"),"2") -> 2 | C56: =HYPERLINK("#"&CONCATENATE(A56,"!B1"),"2") -> 2 | D56: OTH-Netzmittel HLZ2000 | E56: OTH-Oberflächentechnik | F56: 44589 | G56: Flüssigkeit | H56: dunkelbraun | I56: Gemisch | J56: Metalloberflächenbehandlung | K56: GHS 05, Gefahr | L56: - | M56: H318 | N56: - | O56: - | P56: - | Q56: P280 | R56: P305, P338, P310, P351 | S56: - | T56: - | U56: - | V56: nwg | W56: Archiv / derzeit nicht in Verwendung | X56: Schutzleitfaden-200 | Y56: Örtliche Absaugung (Punktabsaugung) | Z56: Schutzleitfaden-120 | AA56: Organisations- und Hygienemaßnahmen "Haut" | AB56: Schutzleitfaden-PC170 | AC56: Brandschutzmaßnahmen | AD56: - | AE56: 0 | AF56: - | AG56: keine | AH56: entfällt | AI56: - | AJ56: 0 | AK56: - | AL56: keine | AM56: entfällt | AN56: - | AO56: 0 | AP56: - | AQ56: keine | AR56: entfällt | AS56: 100 | AW56: Substitutionen sind im Galvanikbereich nicht zielführend (vgl. ASA vom 05.05.2025)
A57: 054 | B57: =HYPERLINK(CONCATENATE("..\SDB\SDB_",A57,".pdf"),"2") -> 2 | C57: =HYPERLINK("#"&CONCATENATE(A57,"!B1"),"2") -> 2 | D57: Salzsäure 1mol/l | E57: Bernd Kraft GmbH | F57: 44732 | G57: Flüssigkeit | H57: farblos | I57: Gemisch | J57: Chemische Analytik | K57: GHS 05, Achtung | L57: H290 | M57: - | N57: - | O57: - | P57: - | Q57: P234 | R57: P390 | S57: - | T57: - | U57: Salzsäure | V57: 1 | W57: Ja, da nur geringe Stoffmengen verwendet werden (für analytische Zwecke, Proben, Kleinarbeiten) | X57: Schutzleitfaden-100 | Y57: Freie Lüftung | Z57: Schutzleitfaden-120 | AA57: Organisations- und Hygienemaßnahmen "Haut" | AB57: Schutzleitfaden-PC170 | AC57: Brandschutzmaßnahmen | AD57: - | AE57: 0 | AF57: - | AG57: keine | AH57: entfällt | AI57: - | AJ57: 0 | AK57: - | AL57: keine | AM57: entfällt | AN57: - | AO57: 0 | AP57: - | AQ57: keine | AR57: entfällt | AS57: - | AW57: Substitutionen sind im Galvanikbereich nicht zielführend (vgl. ASA vom 05.05.2025)
A58: 055 | B58: =HYPERLINK(CONCATENATE("..\SDB\SDB_",A58,".pdf"),"2") -> 2 | C58: =HYPERLINK("#"&CONCATENATE(A58,"!B1"),"2") -> 2 | D58: Schwefelsäure 2 mol/l - 4 N Lösung | E58: Bernd Kraft GmbH | F58: 45378 | G58: Flüssigkeit | H58: farblos | I58: Gemisch | J58: Chemische Analytik | K58: GHS 05, Gefahr | L58: H290 | M58: H314 | N58: - | O58: - | P58: - | Q58: P260 | R58: P303+P361+P353, P305+P351+P338, P310 | S58: P405 | T58: - | U58: - | V58: 1 | W58: Ja, da nur geringe Stoffmengen verwendet werden (für analytische Zwecke, Proben, Kleinarbeiten) | X58: Schutzleitfaden-200 | Y58: Örtliche Absaugung (Punktabsaugung) | Z58: Gefährdungsbeurteilung | AA58: siehe gefahrstoffspezifische Gefährdungsbeurteilung | AB58: Schutzleitfaden-PC170 | AC58: Brandschutzmaßnahmen | AD58: - | AE58: 0 | AF58: - | AG58: keine | AH58: entfällt | AI58: - | AJ58: 0 | AK58: - | AL58: keine | AM58: entfällt | AN58: - | AO58: 0 | AP58: - | AQ58: keine | AR58: entfällt | AS58: - | AW58: Substitutionen sind im Galvanikbereich nicht zielführend (vgl. ASA vom 05.05.2025)
A59: 056 | B59: =HYPERLINK(CONCATENATE("..\SDB\SDB_",A59,".pdf"),"2") -> 2 | C59: =HYPERLINK("#"&CONCATENATE(A59,"!B1"),"2") -> 2 | D59: Schwefelsäure 62 - 63 % | E59: Bernd Kraft GmbH | F59: 45334 | G59: Flüssigkeit | H59: farblos | I59: Gemisch | J59: Chemische Analytik | K59: GHS 05, Gefahr | L59: H290 | M59: H314 | N59: - | O59: - | P59: - | Q59: P260 | R59: P303+P361+P353, P305+P351+P338, P310 | S59: P405 | T59: - | U59: - | V59: 1 | W59: Ja, da nur geringe Stoffmengen verwendet werden (für analytische Zwecke, Proben, Kleinarbeiten) | X59: Schutzleitfaden-200 | Y59: Örtliche Absaugung (Punktabsaugung) | Z59: Gefährdungsbeurteilung | AA59: siehe gefahrstoffspezifische Gefährdungsbeurteilung | AB59: Schutzleitfaden-PC170 | AC59: Brandschutzmaßnahmen | AD59: - | AE59: 0 | AF59: - | AG59: keine | AH59: entfällt | AI59: - | AJ59: 0 | AK59: - | AL59: keine | AM59: entfällt | AN59: - | AO59: 0 | AP59: - | AQ59: keine | AR59: entfällt | AS59: - | AW59: Substitutionen sind im Galvanikbereich nicht zielführend (vgl. ASA vom 05.05.2025)
A60: 057 | B60: =HYPERLINK(CONCATENATE("..\SDB\SDB_",A60,".pdf"),"2") -> 2 | C60: =HYPERLINK("#"&CONCATENATE(A60,"!B1"),"2") -> 2 | D60: Topal 10-32 | E60: Dr. M. Kampschulte GmbH & Co. KG | F60: 44349 | G60: Flüssigkeit | H60: dunkelrot | I60: Gemisch | J60: Additiv (Restbestand im Gefahrstofflager) | K60: GHS 05, GHS 06, GHS 07, GHS 08, GHS 09, Gefahr | L60: - | M60: H301, H311, H314, H317, H330, H334, H335 H340, H350, H361f, H372 | N60: H411 | O60: - | P60: - | Q60: 0 | R60: P301+P310, P303+P361+P353, P305+P351+P338, P320, P361+P364 | S60: P405 | T60: P501 | U60: Phosphorsäure | V60: 3 | W60: Archiv / derzeit nicht in Verwendung | X60: Beratung | Y60: siehe tätigkeitsspezifische Gefährdungsbeurteilung | Z60: Gefährdungsbeurteilung | AA60: siehe gefahrstoffspezifische Gefährdungsbeurteilung | AB60: Schutzleitfaden-PC270 | AC60: Grundanforderungen bei erhöhter Brandgefährdung | AD60: Chromtrioxid | AE60: 10-25 | AF60: Kat. 1A | AG60: H350 | AH60: Kann Krebs erzeugen. | AI60: Chromtrioxid | AJ60: 10-25 | AK60: Kat. 1B | AL60: H340 | AM60: Kann genetische Defekte verursachen. | AN60: Chromtrioxid | AO60: 10-25 | AP60: Kat. 2 | AQ60: H361f | AR60: Kann vermutlich die Fruchtbarkeit beeinträchtigen. | AS60: - | AW60: Substitutionen sind im Galvanikbereich nicht zielführend (vgl. ASA vom 05.05.2025)
A61: 058 | B61: =HYPERLINK(CONCATENATE("..\SDB\SDB_",A61,".pdf"),"2") -> 2 | C61: =HYPERLINK("#"&CONCATENATE(A61,"!B1"),"2") -> 2 | D61: Schwefelsäure 96 %, VLSI Grade | E61: Carl Roth GmbH + Co KG | F61: 44432 | G61: Flüssigkeit | H61: farblos | I61: Stoff | J61: Chemische Analytik | K61: GHS 05, Gefahr | L61: H290 | M61: H314 | N61: - | O61: - | P61: - | Q61: P280 | R61: P303+P361+P353, P305+P351+P338, P310, P301+P330+P331 | S61: - | T61: - | U61: Schwefelsäure | V61: nwg | W61: Ja, da nur geringe Stoffmengen verwendet werden (für analytische Zwecke, Proben, Kleinarbeiten) | X61: Schutzleitfaden-100 | Y61: Freie Lüftung | Z61: Gefährdungsbeurteilung | AA61: siehe gefahrstoffspezifische Gefährdungsbeurteilung | AB61: Schutzleitfaden-PC170 | AC61: Brandschutzmaßnahmen | AD61: - | AE61: 0 | AF61: - | AG61: keine | AH61: entfällt | AI61: - | AJ61: 0 | AK61: - | AL61: keine | AM61: entfällt | AN61: - | AO61: 0 | AP61: - | AQ61: keine | AR61: entfällt | AS61: - | AW61: Substitutionen sind im Galvanikbereich nicht zielführend (vgl. ASA vom 05.05.2025)
A62: 059 | B62: =HYPERLINK(CONCATENATE("..\SDB\SDB_",A62,".pdf"),"2") -> 2 | C62: =HYPERLINK("#"&CONCATENATE(A62,"!B1"),"2") -> 2 | D62: Schwefelsäure 0,05mol | E62: Bernd Kraft GmbH | F62: 02.11.2023 | G62: Flüssigkeit | H62: farblos | I62: Gemisch | J62: Chemische Analytik | K62: GHS 05, Achtung | L62: H290 | M62: 0 | N62: - | O62: - | P62: - | Q62: P234 | R62: P390 | S62: - | T62: - | U62: - | V62: nwg | W62: Ja, da nur geringe Stoffmengen verwendet werden (für analytische Zwecke, Proben, Kleinarbeiten) | X62: Schutzleitfaden-100 | Y62: Freie Lüftung | Z62: Schutzleitfaden-120 | AA62: Organisations- und Hygienemaßnahmen "Haut" | AB62: Schutzleitfaden-PC170 | AC62: Brandschutzmaßnahmen | AD62: - | AE62: 0 | AF62: - | AG62: keine | AH62: entfällt | AI62: - | AJ62: 0 | AK62: - | AL62: keine | AM62: entfällt | AN62: - | AO62: 0 | AP62: - | AQ62: keine | AR62: entfällt | AS62: - | AW62: Substitutionen sind im Galvanikbereich nicht zielführend (vgl. ASA vom 05.05.2025)
A63: 060 | B63: =HYPERLINK(CONCATENATE("..\SDB\SDB_",A63,".pdf"),"2") -> 2 | C63: =HYPERLINK("#"&CONCATENATE(A63,"!B1"),"2") -> 2 | D63: OTH-Glanzzusatz HLZ2000 | E63: parachem GmbH | F63: 43785 | G63: Flüssigkeit | H63: hellbraun | I63: Gemisch | J63: Metalloberflächenbehandlung | K63: GHS 02, GHS 07, Achtung | L63: H226 | M63: H319, H315, H317 | N63: 0 | O63: 0 | P63: 0 | Q63: P210, P241, P261 | R63: P302, P352, P321, P332, P313, P362, P305, P351, P338, P337, P313 | S63: 0 | T63: 0 | U63: Butyldiglycol,4-Phenyl-3-buten-2-on, Isopropanol, Natriumbenzoat | V63: 2 | W63: Nein, da gefährliche Einstufungen und Eigenschaften vorliegen (siehe EMKG). | X63: Schutzleitfaden-100 | Y63: Freie Lüftung | Z63: Schutzleitfaden-120 | AA63: Organisations- und Hygienemaßnahmen "Haut" | AB63: Schutzleitfaden-PC270 | AC63: Grundanforderungen bei erhöhter Brandgefährdung | AD63: - | AE63: 0 | AF63: - | AG63: keine | AH63: entfällt | AI63: - | AJ63: 0 | AK63: - | AL63: keine | AM63: entfällt | AN63: - | AO63: 0 | AP63: - | AQ63: keine | AR63: entfällt | AS63: 49 | AW63: Substitutionen sind im Galvanikbereich nicht zielführend (vgl. ASA vom 05.05.2025)
A64: 061 | B64: =HYPERLINK(CONCATENATE("..\SDB\SDB_",A64,".pdf"),"2") -> 2 | C64: =HYPERLINK("#"&CONCATENATE(A64,"!B1"),"2") -> 2 | D64: Silbernitratlösung (1 mol/l – 1 N, Maßlösung) | E64: Carl Roth GmbH + Co KG | F64: 44747 | G64: Flüssigkeit | H64: farblos | I64: Gemisch | J64: Chemische Analytik | K64: GHS 05, GHS 09, Gefahr | L64: H290 | M64: H314 | N64: H410 | O64: - | P64: - | Q64: P273, P280 | R64: P303+P361+P353, P305+P351+P338, P310 | S64: - | T64: P501 | U64: Silberverbindungen, anorganische | V64: 3 | W64: Ja, da nur geringe Stoffmengen verwendet werden (für analytische Zwecke, Proben, Kleinarbeiten) | X64: Schutzleitfaden-100 | Y64: Freie Lüftung | Z64: Schutzleitfaden-120 | AA64: Organisations- und Hygienemaßnahmen "Haut" | AB64: Schutzleitfaden-PC170 | AC64: Brandschutzmaßnahmen | AD64: - | AE64: 0 | AF64: - | AG64: keine | AH64: entfällt | AI64: - | AJ64: 0 | AK64: - | AL64: keine | AM64: entfällt | AN64: - | AO64: 0 | AP64: - | AQ64: keine | AR64: entfällt | AS64: - | AW64: Substitutionen sind im Galvanikbereich nicht zielführend (vgl. ASA vom 05.05.2025)
A65: 062 | B65: =HYPERLINK(CONCATENATE("..\SDB\SDB_",A65,".pdf"),"2") -> 2 | C65: =HYPERLINK("#"&CONCATENATE(A65,"!B1"),"2") -> 2 | D65: Karion Sorbitsirup | E65: Merck KGaA | F65: 44747 | G65: Feststoff | H65: farblos | I65: Gemisch | J65: Chemische Analytik | K65: nicht als gefährlich eingestuft | L65: - | M65: - | N65: - | O65: - | P65: - | Q65: - | R65: - | S65: - | T65: - | U65: - | V65: 1 | W65: Ja, da keine gefährlichen Eigenschaften vorliegen. | X65: Schutzleitfaden-100 | Y65: Freie Lüftung | Z65: Schutzleitfaden-120 | AA65: Organisations- und Hygienemaßnahmen "Haut" | AB65: Schutzleitfaden-PC170 | AC65: Brandschutzmaßnahmen | AD65: - | AE65: 0 | AF65: - | AG65: keine | AH65: entfällt | AI65: - | AJ65: 0 | AK65: - | AL65: keine | AM65: entfällt | AN65: - | AO65: 0 | AP65: - | AQ65: keine | AR65: entfällt | AS65: - | AW65: Substitutionen sind im Galvanikbereich nicht zielführend (vgl. ASA vom 05.05.2025)
A66: 063 | B66: =HYPERLINK(CONCATENATE("..\SDB\SDB_",A66,".pdf"),"2") -> 2 | C66: =HYPERLINK("#"&CONCATENATE(A66,"!B1"),"2") -> 2 | D66: CitriSurf® 3050 | E66: MKK GmbH | F66: 42153 | G66: Flüssigkeit | H66: farblos | I66: Gemisch | J66: Beizen | K66: GHS 07, Achtung | L66: - | M66: H319 | N66: H412 | O66: - | P66: - | Q66: P273, P280 | R66: P305+P351+P338, P337+P313 | S66: - | T66: - | U66: - | V66: 1 | W66: Archiv / derzeit nicht in Verwendung | X66: Schutzleitfaden-100 | Y66: Freie Lüftung | Z66: Schutzleitfaden-120 | AA66: Organisations- und Hygienemaßnahmen "Haut" | AB66: Schutzleitfaden-PC170 | AC66: Brandschutzmaßnahmen | AD66: - | AE66: 0 | AF66: - | AG66: keine | AH66: entfällt | AI66: - | AJ66: 0 | AK66: - | AL66: keine | AM66: entfällt | AN66: - | AO66: 0 | AP66: - | AQ66: keine | AR66: entfällt | AS66: 100 | AW66: Substitutionen sind im Galvanikbereich nicht zielführend (vgl. ASA vom 05.05.2025)
A67: 064 | B67: =HYPERLINK(CONCATENATE("..\SDB\SDB_",A67,".pdf"),"2") -> 2 | C67: =HYPERLINK("#"&CONCATENATE(A67,"!B1"),"2") -> 2 | D67: Stärkelösung 1 % | E67: Bernd Kraft GmbH | F67: 44721 | G67: Flüssigkeit | H67: farblos | I67: Gemisch | J67: Chemische Analytik | K67: nicht als gefährlich eingestuft | L67: - | M67: - | N67: - | O67: - | P67: - | Q67: - | R67: - | S67: - | T67: - | U67: - | V67: nwg | W67: Ja, da keine gefährlichen Eigenschaften vorliegen. | X67: Schutzleitfaden-100 | Y67: Freie Lüftung | Z67: Schutzleitfaden-120 | AA67: Organisations- und Hygienemaßnahmen "Haut" | AB67: Schutzleitfaden-PC170 | AC67: Brandschutzmaßnahmen | AD67: - | AE67: 0 | AF67: - | AG67: keine | AH67: entfällt | AI67: - | AJ67: 0 | AK67: - | AL67: keine | AM67: entfällt | AN67: - | AO67: 0 | AP67: - | AQ67: keine | AR67: entfällt | AS67: - | AW67: Substitutionen sind im Galvanikbereich nicht zielführend (vgl. ASA vom 05.05.2025)
A68: 065 | B68: =HYPERLINK(CONCATENATE("..\SDB\SDB_",A68,".pdf"),"2") -> 2 | C68: =HYPERLINK("#"&CONCATENATE(A68,"!B1"),"2") -> 2 | D68: Wasserstoffperoxid 35 % rein, stabilisiert | E68: Carl Roth GmbH + Co KG | F68: 44985 | G68: Flüssigkeit | H68: farblos | I68: Gemisch | J68: Chemische Analytik | K68: GHS 05, GHS 07, Gefahr | L68: - | M68: H315, H318, H335, H302+H332 | N68: H412 | O68: - | P68: - | Q68: P280 | R68: P302+P352, P304+P340, P305+P351+P338, P310, | S68: - | T68: - | U68: - | V68: 1 | W68: Ja, da nur geringe Stoffmengen verwendet werden (für analytische Zwecke, Proben, Kleinarbeiten) | X68: Schutzleitfaden-100 | Y68: Freie Lüftung | Z68: Schutzleitfaden-120 | AA68: Organisations- und Hygienemaßnahmen "Haut" | AB68: Schutzleitfaden-PC170 | AC68: Brandschutzmaßnahmen | AD68: - | AE68: 0 | AF68: - | AG68: keine | AH68: entfällt | AI68: - | AJ68: 0 | AK68: - | AL68: keine | AM68: entfällt | AN68: - | AO68: 0 | AP68: - | AQ68: keine | AR68: entfällt | AS68: - | AW68: Substitutionen sind im Galvanikbereich nicht zielführend (vgl. ASA vom 05.05.2025)
A69: 066 | B69: =HYPERLINK(CONCATENATE("..\SDB\SDB_",A69,".pdf"),"2") -> 2 | C69: =HYPERLINK("#"&CONCATENATE(A69,"!B1"),"2") -> 2 | D69: OTH-Buntmetallbeize 314 | E69: parachem GmbH | F69: 43229 | G69: Flüssigkeit | H69: farblos | I69: Gemisch | J69: Beizen | K69: GHS 05, Gefahr | L69: - | M69: H314, H318 | N69: - | O69: - | P69: - | Q69: P264, P280 | R69: P303+P361+P353, P305+P351+P338, P310, P304+ P340 | S69: - | T69: - | U69: Methoxypropanol | V69: 1 | W69: Nein, da die Einstufung H314 besteht und ein Hautkontakt nicht ausgeschlossen werden kann. | X69: Schutzleitfaden-300 | Y69: Geschlossenes System | Z69: Gefährdungsbeurteilung | AA69: siehe gefahrstoffspezifische Gefährdungsbeurteilung | AB69: Schutzleitfaden-PC170 | AC69: Brandschutzmaßnahmen | AD69: - | AE69: 0 | AF69: - | AG69: keine | AH69: entfällt | AI69: - | AJ69: 0 | AK69: - | AL69: keine | AM69: entfällt | AN69: - | AO69: 0 | AP69: - | AQ69: keine | AR69: entfällt | AS69: - | AW69: Substitutionen sind im Galvanikbereich nicht zielführend (vgl. ASA vom 05.05.2025)
A70: 067 | B70: =HYPERLINK(CONCATENATE("..\SDB\SDB_",A70,".pdf"),"2") -> 2 | C70: =HYPERLINK("#"&CONCATENATE(A70,"!B1"),"2") -> 2 | D70: OTH-Glanzzusatz HLZ1000 | E70: parachem GmbH | F70: 42543 | G70: Flüssigkeit | H70: hellbraun | I70: 0 | J70: Metalloberflächenbehandlung | K70: GHS 02, GHS 07, Achtung | L70: H226 | M70: H315, H317, H319 | N70: - | O70: - | P70: - | Q70: P210, P241, P261, P272, P280 | R70: P302+P352, P332+P313, P305+P351+P338, P310, P362, P337+P313, | S70: - | T70: - | U70: Butyldiglycol, Isopropanol | V70: 2 | W70: Archiv / derzeit nicht in Verwendung | X70: Schutzleitfaden-100 | Y70: Freie Lüftung | Z70: Schutzleitfaden-120 | AA70: Organisations- und Hygienemaßnahmen "Haut" | AB70: Schutzleitfaden-PC270 | AC70: Grundanforderungen bei erhöhter Brandgefährdung | AD70: 0 | AE70: 0 | AF70: 0 | AG70: 0 | AH70: #N/A | AI70: - | AJ70: 0 | AK70: - | AL70: keine | AM70: entfällt | AN70: - | AO70: 0 | AP70: - | AQ70: keine | AR70: entfällt | AS70: 49 | AW70: Substitutionen sind im Galvanikbereich nicht zielführend (vgl. ASA vom 05.05.2025)
A71: 068 | B71: =HYPERLINK(CONCATENATE("..\SDB\SDB_",A71,".pdf"),"2") -> 2 | C71: =HYPERLINK("#"&CONCATENATE(A71,"!B1"),"2") -> 2 | D71: OTH-NANO-KOMBI | E71: parachem GmbH | F71: 41353 | G71: Flüssigkeit | H71: farblos | I71: Gemisch | J71: Metalloberflächenbehandlung | K71: nicht als gefährlich eingestuft | L71: - | M71: - | N71: - | O71: - | P71: - | Q71: - | R71: - | S71: - | T71: - | U71: - | V71: 1 | W71: Ja, da keine gefährlichen Eigenschaften vorliegen. | X71: Schutzleitfaden-100 | Y71: Freie Lüftung | Z71: Schutzleitfaden-120 | AA71: Organisations- und Hygienemaßnahmen "Haut" | AB71: Schutzleitfaden-PC270 | AC71: Grundanforderungen bei erhöhter Brandgefährdung | AD71: - | AE71: 0 | AF71: - | AG71: keine | AH71: entfällt | AI71: - | AJ71: 0 | AK71: - | AL71: keine | AM71: entfällt | AN71: - | AO71: 0 | AP71: - | AQ71: keine | AR71: entfällt | AS71: - | AW71: Substitutionen sind im Galvanikbereich nicht zielführend (vgl. ASA vom 05.05.2025)
A72: 069 | B72: =HYPERLINK(CONCATENATE("..\SDB\SDB_",A72,".pdf"),"2") -> 2 | C72: =HYPERLINK("#"&CONCATENATE(A72,"!B1"),"2") -> 2 | D72: Paracid BM314 | E72: parachem GmbH | F72: 43229 | G72: Flüssigkeit | H72: farblos | I72: 0 | J72: Beizen | K72: GHS 05, Gefahr | L72: - | M72: H314, H318 | N72: - | O72: - | P72: - | Q72: P264, P280 | R72: P303+P361+P353, P305+P351+P338, P310, P304+ P340 | S72: 0 | T72: 0 | U72: Methoxypropanol | V72: 1 | W72: Archiv / derzeit nicht in Verwendung | X72: Schutzleitfaden-300 | Y72: Geschlossenes System | Z72: Gefährdungsbeurteilung | AA72: siehe gefahrstoffspezifische Gefährdungsbeurteilung | AB72: Schutzleitfaden-PC170 | AC72: Brandschutzmaßnahmen | AD72: 0 | AE72: 0 | AF72: 0 | AG72: 0 | AH72: #N/A | AI72: - | AJ72: 0 | AK72: - | AL72: keine | AM72: entfällt | AN72: - | AO72: 0 | AP72: - | AQ72: keine | AR72: entfällt | AS72: 0 | AW72: Substitutionen sind im Galvanikbereich nicht zielführend (vgl. ASA vom 05.05.2025)
A73: 070 | B73: =HYPERLINK(CONCATENATE("..\SDB\SDB_",A73,".pdf"),"2") -> 2 | C73: =HYPERLINK("#"&CONCATENATE(A73,"!B1"),"2") -> 2 | D73: Paracid S100 | E73: parachem GmbH | F73: 42468 | G73: Flüssigkeit | H73: gelblich | I73: Gemisch | J73: Metalloberflächenbehandlung | K73: GHS 07, Achtung | L73: - | M73: H319 | N73: - | O73: - | P73: - | Q73: P264, P280 | R73: P305+P351+P338, P337+P313 | S73: - | T73: - | U73: - | V73: 1 | W73: Nein, da gefährliche Einstufungen und Eigenschaften vorliegen (siehe EMKG). | X73: Schutzleitfaden-100 | Y73: Freie Lüftung | Z73: Schutzleitfaden-120 | AA73: Organisations- und Hygienemaßnahmen "Haut" | AB73: Schutzleitfaden-PC170 | AC73: Brandschutzmaßnahmen | AD73: - | AE73: 0 | AF73: - | AG73: keine | AH73: entfällt | AI73: - | AJ73: 0 | AK73: - | AL73: keine | AM73: entfällt | AN73: - | AO73: 0 | AP73: - | AQ73: keine | AR73: entfällt | AS73: - | AW73: Substitutionen sind im Galvanikbereich nicht zielführend (vgl. ASA vom 05.05.2025)
A74: 071 | B74: =HYPERLINK(CONCATENATE("..\SDB\SDB_",A74,".pdf"),"2") -> 2 | C74: =HYPERLINK("#"&CONCATENATE(A74,"!B1"),"2") -> 2 | D74: Plexon 2210 | E74: C.H. Erbslöh GmbH | F74: 42453 | G74: Flüssigkeit | H74: hellgelb | I74: 0 | J74: Abwasserbehandlung | K74: GHS 09, Achtung | L74: - | M74: - | N74: H410 | O74: - | P74: - | Q74: P273, P291 | R74: 0 | S74: - | T74: - | U74: - | V74: 2 | W74: Archiv / derzeit nicht in Verwendung | X74: Schutzleitfaden-100 | Y74: Freie Lüftung | Z74: Schutzleitfaden-120 | AA74: Organisations- und Hygienemaßnahmen "Haut" | AB74: Schutzleitfaden-PC170 | AC74: Brandschutzmaßnahmen | AD74: 0 | AE74: 0 | AF74: 0 | AG74: 0 | AH74: #N/A | AI74: - | AJ74: 0 | AK74: - | AL74: keine | AM74: entfällt | AN74: - | AO74: 0 | AP74: - | AQ74: keine | AR74: entfällt | AS74: - | AW74: Substitutionen sind im Galvanikbereich nicht zielführend (vgl. ASA vom 05.05.2025)
A75: 072 | B75: =HYPERLINK(CONCATENATE("..\SDB\SDB_",A75,".pdf"),"2") -> 2 | C75: =HYPERLINK("#"&CONCATENATE(A75,"!B1"),"2") -> 2 | D75: GARDOMER L 6332 | E75: Chemetall GmbH | F75: 41934 | G75: Flüssigkeit | H75: trüb / weiß | I75: 0 | J75: Gleitmittelfilm | K75: nicht als gefährlich eingestuft | L75: - | M75: - | N75: - | O75: - | P75: - | Q75: - | R75: 0 | S75: - | T75: - | U75: - | V75: 1 | W75: Archiv / derzeit nicht in Verwendung | X75: Schutzleitfaden-100 | Y75: Freie Lüftung | Z75: Schutzleitfaden-120 | AA75: Organisations- und Hygienemaßnahmen "Haut" | AB75: Schutzleitfaden-PC170 | AC75: Brandschutzmaßnahmen | AD75: 0 | AE75: 0 | AF75: 0 | AG75: 0 | AH75: #N/A | AI75: - | AJ75: 0 | AK75: - | AL75: keine | AM75: entfällt | AN75: - | AO75: 0 | AP75: - | AQ75: keine | AR75: entfällt | AS75: - | AW75: Substitutionen sind im Galvanikbereich nicht zielführend (vgl. ASA vom 05.05.2025)
A76: 073 | B76: =HYPERLINK(CONCATENATE("..\SDB\SDB_",A76,".pdf"),"2") -> 2 | C76: =HYPERLINK("#"&CONCATENATE(A76,"!B1"),"2") -> 2 | D76: Metaclean A | E76: GéUTec | F76: 42544 | G76: Flüssigkeit | H76: rot-orange | I76: Gemisch | J76: Abwasserbehandlung | K76: GHS 05, Gefahr | L76: - | M76: H314 | N76: 0 | O76: - | P76: - | Q76: P260, P280 | R76: P305+P351+P338, P303+P361+P353, P310 | S76: P405 | T76: - | U76: - | V76: 1 | W76: Nein, da die Einstufung H314 besteht und ein Hautkontakt nicht ausgeschlossen werden kann. | X76: Schutzleitfaden-300 | Y76: Geschlossenes System | Z76: Gefährdungsbeurteilung | AA76: siehe gefahrstoffspezifische Gefährdungsbeurteilung | AB76: Schutzleitfaden-PC170 | AC76: Brandschutzmaßnahmen | AD76: - | AE76: 0 | AF76: - | AG76: keine | AH76: entfällt | AI76: - | AJ76: 0 | AK76: - | AL76: keine | AM76: entfällt | AN76: - | AO76: 0 | AP76: - | AQ76: keine | AR76: entfällt | AS76: - | AW76: Substitutionen sind im Galvanikbereich nicht zielführend (vgl. ASA vom 05.05.2025)
A77: 074 | B77: =HYPERLINK(CONCATENATE("..\SDB\SDB_",A77,".pdf"),"2") -> 2 | C77: =HYPERLINK("#"&CONCATENATE(A77,"!B1"),"2") -> 2 | D77: Natriumchlorid | E77: Sigma-Aldrich Chemie GmbH | F77: 41844 | G77: Feststoff | H77: farblos | I77: Stoff | J77: Chemische Analytik | K77: nicht als gefährlich eingestuft | L77: - | M77: - | N77: - | O77: - | P77: - | Q77: - | R77: - | S77: - | T77: - | U77: - | V77: 1 | W77: Ja, da keine gefährlichen Eigenschaften vorliegen. | X77: Schutzleitfaden-100 | Y77: Freie Lüftung | Z77: Schutzleitfaden-120 | AA77: Organisations- und Hygienemaßnahmen "Haut" | AB77: Schutzleitfaden-PC270 | AC77: Grundanforderungen bei erhöhter Brandgefährdung | AD77: - | AE77: 0 | AF77: - | AG77: keine | AH77: entfällt | AI77: - | AJ77: 0 | AK77: - | AL77: keine | AM77: entfällt | AN77: - | AO77: 0 | AP77: - | AQ77: keine | AR77: entfällt | AS77: - | AW77: Substitutionen sind im Galvanikbereich nicht zielführend (vgl. ASA vom 05.05.2025)
A78: 075 | B78: =HYPERLINK(CONCATENATE("..\SDB\SDB_",A78,".pdf"),"2") -> 2 | C78: =HYPERLINK("#"&CONCATENATE(A78,"!B1"),"2") -> 2 | D78: Öladsorptionsmittel:Typ PBK3 | E78: GéUTec | F78: 42138 | G78: Feststoff | H78: gelblich/grau | I78: Gemisch | J78: Abwasserbehandlung | K78: nicht als gefährlich eingestuft | L78: - | M78: - | N78: - | O78: - | P78: - | Q78: - | R78: - | S78: - | T78: - | U78: - | V78: 0 | W78: Ja, da keine gefährlichen Eigenschaften vorliegen. | X78: Schutzleitfaden-100 | Y78: Freie Lüftung | Z78: Schutzleitfaden-120 | AA78: Organisations- und Hygienemaßnahmen "Haut" | AB78: Schutzleitfaden-PC270 | AC78: Grundanforderungen bei erhöhter Brandgefährdung | AD78: - | AE78: 0 | AF78: - | AG78: keine | AH78: entfällt | AI78: - | AJ78: 0 | AK78: - | AL78: keine | AM78: entfällt | AN78: - | AO78: 0 | AP78: - | AQ78: keine | AR78: entfällt | AS78: - | AW78: Substitutionen sind im Galvanikbereich nicht zielführend (vgl. ASA vom 05.05.2025)
A79: 076 | B79: =HYPERLINK(CONCATENATE("..\SDB\SDB_",A79,".pdf"),"2") -> 2 | C79: =HYPERLINK("#"&CONCATENATE(A79,"!B1"),"2") -> 2 | D79: ROSTEX: Rostschutz Grund grau (RAL 5010 blau) | E79: PHARMOL Farben und Lacke GmbH | F79: 44550 | G79: Flüssigkeit | H79: diverse | I79: Gemisch | J79: Farben | K79: GHS 02, GHS 07, Achtung | L79: H226 | M79: H315 | N79: H412 | O79: EUH208 | P79: - | Q79: P210, P243, P280 | R79: P303 + P361 + P353 | S79: P403 + P235 | T79: - | U79: Xylol, Isomerengemisch, Ethanol, 2-Methoxy-1-methylethylacetat | V79: 1 | W79: Nein, da gefährliche Einstufungen und Eigenschaften vorliegen (siehe EMKG). | X79: Schutzleitfaden-100 | Y79: Freie Lüftung | Z79: Schutzleitfaden-120 | AA79: Organisations- und Hygienemaßnahmen "Haut" | AB79: Schutzleitfaden-PC270 | AC79: Grundanforderungen bei erhöhter Brandgefährdung | AD79: 2-Butanonoxim | AE79: 0,5 | AF79: Kat. 2 | AG79: H351 | AH79: Kann vermutlich Krebs erzeugen. | AI79: - | AJ79: 0 | AK79: - | AL79: keine | AM79: entfällt | AN79: - | AO79: 0 | AP79: - | AQ79: keine | AR79: entfällt | AS79: 24 | AW79: Substitutionen sind im Galvanikbereich nicht zielführend (vgl. ASA vom 05.05.2025)
A80: 077 | B80: =HYPERLINK(CONCATENATE("..\SDB\SDB_",A80,".pdf"),"2") -> 2 | C80: =HYPERLINK("#"&CONCATENATE(A80,"!B1"),"2") -> 2 | D80: ROSTOP | E80: PHARMOL Farben und Lacke GmbH | F80: 45100 | G80: Feststoff | H80: diverse | I80: Gemisch | J80: Farben | K80: nicht als gefährlich eingestuft | L80: - | M80: - | N80: - | O80: - | P80: - | Q80: - | R80: - | S80: - | T80: - | U80: - | V80: 1 | W80: Ja, da keine gefährlichen Eigenschaften vorliegen. | X80: Schutzleitfaden-100 | Y80: Freie Lüftung | Z80: Schutzleitfaden-120 | AA80: Organisations- und Hygienemaßnahmen "Haut" | AB80: Schutzleitfaden-PC170 | AC80: Brandschutzmaßnahmen | AD80: - | AE80: 0 | AF80: - | AG80: keine | AH80: entfällt | AI80: - | AJ80: 0 | AK80: - | AL80: keine | AM80: entfällt | AN80: - | AO80: 0 | AP80: - | AQ80: keine | AR80: entfällt | AS80: - | AW80: Substitutionen sind im Galvanikbereich nicht zielführend (vgl. ASA vom 05.05.2025)
A81: 078 | B81: =HYPERLINK(CONCATENATE("..\SDB\SDB_",A81,".pdf"),"2") -> 2 | C81: =HYPERLINK("#"&CONCATENATE(A81,"!B1"),"2") -> 2 | D81: WÜKONIL® RT 50 F | E81: S E C GmbH & Co. KG | F81: 40070 | G81: Flüssigkeit | H81: 0 | I81: 0 | J81: Gleitmittelfilm | K81: nicht als gefährlich eingestuft | L81: - | M81: - | N81: - | O81: - | P81: - | Q81: - | R81: - | S81: - | T81: - | U81: - | V81: 0 | W81: Archiv / derzeit nicht in Verwendung | X81: Schutzleitfaden-100 | Y81: Freie Lüftung | Z81: Schutzleitfaden-120 | AA81: Organisations- und Hygienemaßnahmen "Haut" | AB81: Schutzleitfaden-PC170 | AC81: Brandschutzmaßnahmen | AD81: 0 | AE81: 0 | AF81: 0 | AG81: 0 | AH81: #N/A | AI81: - | AJ81: 0 | AK81: - | AL81: keine | AM81: entfällt | AN81: - | AO81: 0 | AP81: - | AQ81: keine | AR81: entfällt | AS81: - | AW81: Substitutionen sind im Galvanikbereich nicht zielführend (vgl. ASA vom 05.05.2025)
A82: 079 | B82: =HYPERLINK(CONCATENATE("..\SDB\SDB_",A82,".pdf"),"2") -> 2 | C82: =HYPERLINK("#"&CONCATENATE(A82,"!B1"),"2") -> 2 | D82: Nitro-Verdünnung E-COLL | E82: E/D/E - Einkaufsbüro Deutscher Eisenhändler GmbH | F82: 41415 | G82: Flüssigkeit | H82: farblos | I82: Gemisch | J82: Lösungsmittel | K82: GHS 02, GHS 07, GHS 08, Gefahr | L82: H225 | M82: H304, H315, H319, H336, H312+H332 | N82: - | O82: - | P82: - | Q82: P210, P261 | R82: P301+P310, P305+P351+P338 | S82: - | T82: - | U82: Aceton, Ethylacetat, Methylacetat, n-Butylacetat, Xylol, Butanon, Ethanol, Methanol, Propan-2-ol, Butan-1-ol, Toluol, | V82: nwg | W82: Nein, da gefährliche Einstufungen und Eigenschaften vorliegen (siehe EMKG). | X82: Schutzleitfaden-200 | Y82: Örtliche Absaugung (Punktabsaugung) | Z82: Schutzleitfaden-120 | AA82: Organisations- und Hygienemaßnahmen "Haut" | AB82: Schutzleitfaden-PC270 | AC82: Grundanforderungen bei erhöhter Brandgefährdung | AD82: Toluol | AE82: 2,5-10 | AF82: Kat. 2 | AG82: H361d | AH82: Kann vermutlich das Kind im Mutterleib schädigen. | AI82: - | AJ82: 0 | AK82: - | AL82: keine | AM82: entfällt | AN82: - | AO82: 0 | AP82: - | AQ82: keine | AR82: entfällt | AS82: 21 | AW82: Substitutionen sind im Galvanikbereich nicht zielführend (vgl. ASA vom 05.05.2025)
A83: 080 | B83: =HYPERLINK(CONCATENATE("..\SDB\SDB_",A83,".pdf"),"2") -> 2 | C83: =HYPERLINK("#"&CONCATENATE(A83,"!B1"),"2") -> 2 | D83: UNI FLOC 75 BOM-Fe-pH-N | E83: De.mem-GeUTec GmbH | F83: 45838 | G83: Feststoff | H83: hellgelb | I83: Gemisch | J83: Abwasserbehandlung | K83: GHS 05, GHS 07, Gefahr | L83: - | M83: H315, H318, H335 | N83: - | O83: - | P83: - | Q83: P260, P280 | R83: P305+P351+P338, P304+P340, P310 | S83: - | T83: P501 | U83: Calciumhydroxid | V83: 1 | W83: Nein, da gefährliche Einstufungen und Eigenschaften vorliegen (siehe EMKG). | X83: Schutzleitfaden-200 | Y83: Örtliche Absaugung (Punktabsaugung) | Z83: Schutzleitfaden-120 | AA83: Organisations- und Hygienemaßnahmen "Haut" | AB83: Schutzleitfaden-PC270 | AC83: Grundanforderungen bei erhöhter Brandgefährdung | AD83: - | AE83: 0 | AF83: - | AG83: keine | AH83: entfällt | AI83: - | AJ83: 0 | AK83: - | AL83: keine | AM83: entfällt | AN83: - | AO83: 0 | AP83: - | AQ83: keine | AR83: entfällt | AS83: - | AW83: Substitutionen sind im Galvanikbereich nicht zielführend (vgl. ASA vom 05.05.2025)
A84: 081 | B84: =HYPERLINK(CONCATENATE("..\SDB\SDB_",A84,".pdf"),"2") -> 2 | C84: =HYPERLINK("#"&CONCATENATE(A84,"!B1"),"2") -> 2 | D84: Amidosulfonsäure | E84: Richard Steinebach GmbH & Co.KG | F84: 43129 | G84: Feststoff | H84: weiß | I84: Gemisch | J84: Abwasserbehandlung | K84: GHS 07, Achtung | L84: - | M84: - | N84: H412 | O84: - | P84: - | Q84: - | R84: - | S84: - | T84: - | U84: - | V84: 1 | W84: Nein, da gefährliche Einstufungen und Eigenschaften vorliegen (siehe EMKG). | X84: Schutzleitfaden-100 | Y84: Freie Lüftung | Z84: Schutzleitfaden-120 | AA84: Organisations- und Hygienemaßnahmen "Haut" | AB84: Schutzleitfaden-PC270 | AC84: Grundanforderungen bei erhöhter Brandgefährdung | AD84: - | AE84: 0 | AF84: - | AG84: keine | AH84: entfällt | AI84: - | AJ84: 0 | AK84: - | AL84: keine | AM84: entfällt | AN84: - | AO84: 0 | AP84: - | AQ84: keine | AR84: entfällt | AS84: - | AW84: Substitutionen sind im Galvanikbereich nicht zielführend (vgl. ASA vom 05.05.2025)
A85: 082 | B85: =HYPERLINK(CONCATENATE("..\SDB\SDB_",A85,".pdf"),"2") -> 2 | C85: =HYPERLINK("#"&CONCATENATE(A85,"!B1"),"2") -> 2 | D85: Borsäure | E85: Richard Steinebach GmbH & Co.KG | F85: 42585 | G85: Feststoff | H85: weiß | I85: Stoff | J85: Metalloberflächenbehandlung | K85: GHS 08, Gefahr | L85: - | M85: H360f, H360d | N85: - | O85: - | P85: - | Q85: P201, P202, P280 | R85: P308+P313 | S85: P405 | T85: - | U85: Borsäure | V85: 1 | W85: Nein, da gefährliche Einstufungen und Eigenschaften vorliegen (siehe EMKG). | X85: Beratung | Y85: siehe tätigkeitsspezifische Gefährdungsbeurteilung | Z85: Gefährdungsbeurteilung | AA85: siehe gefahrstoffspezifische Gefährdungsbeurteilung | AB85: Schutzleitfaden-PC270 | AC85: Grundanforderungen bei erhöhter Brandgefährdung | AD85: Borsäure | AE85: 100 | AF85: Kat. 1B | AG85: H360FD | AH85: Kann die Fruchtbarkeit beeinträchtigen. Kann das Kind im Mutterleib schädigen. | AI85: - | AJ85: 0 | AK85: - | AL85: keine | AM85: entfällt | AN85: - | AO85: 0 | AP85: - | AQ85: keine | AR85: entfällt | AS85: - | AW85: Substitutionen sind im Galvanikbereich nicht zielführend (vgl. ASA vom 05.05.2025)
A86: 083 | B86: =HYPERLINK(CONCATENATE("..\SDB\SDB_",A86,".pdf"),"2") -> 2 | C86: =HYPERLINK("#"&CONCATENATE(A86,"!B1"),"2") -> 2 | D86: Demineralisiertes Wasser | E86: Richard Steinebach GmbH & Co.KG | F86: 45490 | G86: Flüssigkeit | H86: farblos | I86: Stoff | J86: Chemische Analytik | K86: nicht als gefährlich eingestuft | L86: - | M86: - | N86: - | O86: - | P86: - | Q86: - | R86: - | S86: - | T86: - | U86: - | V86: nwg | W86: Ja, da keine gefährlichen Eigenschaften vorliegen. | X86: Schutzleitfaden-100 | Y86: Freie Lüftung | Z86: Schutzleitfaden-120 | AA86: Organisations- und Hygienemaßnahmen "Haut" | AB86: Schutzleitfaden-PC170 | AC86: Brandschutzmaßnahmen | AD86: - | AE86: 0 | AF86: - | AG86: keine | AH86: entfällt | AI86: - | AJ86: 0 | AK86: - | AL86: keine | AM86: entfällt | AN86: - | AO86: 0 | AP86: - | AQ86: keine | AR86: entfällt | AS86: - | AW86: Substitutionen sind im Galvanikbereich nicht zielführend (vgl. ASA vom 05.05.2025)
A87: 084 | B87: =HYPERLINK(CONCATENATE("..\SDB\SDB_",A87,".pdf"),"2") -> 2 | C87: =HYPERLINK("#"&CONCATENATE(A87,"!B1"),"2") -> 2 | D87: Eisen-II-chloridlösung 20 - 30% | E87: Richard Steinebach GmbH & Co.KG | F87: 45135 | G87: Flüssigkeit | H87: braun grünlich | I87: Gemisch | J87: Abwasserbehandlung | K87: GHS 05, GHS 07, Gefahr | L87: H290 | M87: H315, H317, H318, H335 | N87: - | O87: - | P87: - | Q87: P261 | R87: P305+P351+P338, P321, P310 | S87: P405 | T87: - | U87: Salzsäure 30 % | V87: 1 | W87: Nein, da gefährliche Einstufungen und Eigenschaften vorliegen (siehe EMKG). | X87: Schutzleitfaden-200 | Y87: Örtliche Absaugung (Punktabsaugung) | Z87: Schutzleitfaden-120 | AA87: Organisations- und Hygienemaßnahmen "Haut" | AB87: Schutzleitfaden-PC270 | AC87: Grundanforderungen bei erhöhter Brandgefährdung | AD87: - | AE87: 0 | AF87: - | AG87: keine | AH87: entfällt | AI87: - | AJ87: 0 | AK87: - | AL87: keine | AM87: entfällt | AN87: - | AO87: 0 | AP87: - | AQ87: keine | AR87: entfällt | AS87: - | AW87: Substitutionen sind im Galvanikbereich nicht zielführend (vgl. ASA vom 05.05.2025)
A88: 085 | B88: =HYPERLINK(CONCATENATE("..\SDB\SDB_",A88,".pdf"),"2") -> 2 | C88: =HYPERLINK("#"&CONCATENATE(A88,"!B1"),"2") -> 2 | D88: Flußsäure (Flusssäure) 59 % | E88: Richard Steinebach GmbH & Co.KG | F88: 45204 | G88: Flüssigkeit | H88: farblos | I88: Gemisch | J88: Beizen | K88: GHS 05, GHS 06, Gefahr | L88: - | M88: H314, H300+H310+H330 | N88: - | O88: - | P88: - | Q88: - | R88: P301+P310, P303+P361+P353, P305+P351+P338, P320 | S88: P405 | T88: - | U88: Fluorwasserstoffsäure, Flußsäure 71% -75 % | V88: 2 | W88: Nein, da die Einstufung H314 besteht und ein Hautkontakt nicht ausgeschlossen werden kann. | X88: Beratung | Y88: siehe tätigkeitsspezifische Gefährdungsbeurteilung | Z88: Gefährdungsbeurteilung | AA88: siehe gefahrstoffspezifische Gefährdungsbeurteilung | AB88: Schutzleitfaden-PC170 | AC88: Brandschutzmaßnahmen | AD88: - | AE88: 0 | AF88: - | AG88: keine | AH88: entfällt | AI88: - | AJ88: 0 | AK88: - | AL88: keine | AM88: entfällt | AN88: - | AO88: 0 | AP88: - | AQ88: keine | AR88: entfällt | AS88: - | AW88: Substitutionen sind im Galvanikbereich nicht zielführend (vgl. ASA vom 05.05.2025)
A89: 086 | B89: =HYPERLINK(CONCATENATE("..\SDB\SDB_",A89,".pdf"),"2") -> 2 | C89: =HYPERLINK("#"&CONCATENATE(A89,"!B1"),"2") -> 2 | D89: Harnstoff Urea Carbamid | E89: Richard Steinebach GmbH & Co.KG | F89: 45110 | G89: Feststoff | H89: weiß | I89: Stoff | J89: Metalloberflächenbehandlung | K89: nicht als gefährlich eingestuft | L89: - | M89: - | N89: - | O89: - | P89: - | Q89: - | R89: - | S89: - | T89: - | U89: - | V89: 1 | W89: Ja, da keine gefährlichen Eigenschaften vorliegen. | X89: Schutzleitfaden-100 | Y89: Freie Lüftung | Z89: Schutzleitfaden-120 | AA89: Organisations- und Hygienemaßnahmen "Haut" | AB89: Schutzleitfaden-PC270 | AC89: Grundanforderungen bei erhöhter Brandgefährdung | AD89: - | AE89: 0 | AF89: - | AG89: keine | AH89: entfällt | AI89: - | AJ89: 0 | AK89: - | AL89: keine | AM89: entfällt | AN89: - | AO89: 0 | AP89: - | AQ89: keine | AR89: entfällt | AS89: - | AW89: Substitutionen sind im Galvanikbereich nicht zielführend (vgl. ASA vom 05.05.2025)
A90: 087 | B90: =HYPERLINK(CONCATENATE("..\SDB\SDB_",A90,".pdf"),"2") -> 2 | C90: =HYPERLINK("#"&CONCATENATE(A90,"!B1"),"2") -> 2 | D90: Kaliumchlorid / Chlorkalium | E90: Richard Steinebach GmbH & Co.KG | F90: 43364 | G90: Pulver | H90: weiß | I90: Stoff | J90: Metalloberflächenbehandlung | K90: nicht als gefährlich eingestuft | L90: - | M90: - | N90: - | O90: - | P90: - | Q90: - | R90: - | S90: - | T90: - | U90: - | V90: 1 | W90: Ja, da keine gefährlichen Eigenschaften vorliegen. | X90: Schutzleitfaden-100 | Y90: Freie Lüftung | Z90: Schutzleitfaden-120 | AA90: Organisations- und Hygienemaßnahmen "Haut" | AB90: Schutzleitfaden-PC270 | AC90: Grundanforderungen bei erhöhter Brandgefährdung | AD90: - | AE90: 0 | AF90: - | AG90: keine | AH90: entfällt | AI90: - | AJ90: 0 | AK90: - | AL90: keine | AM90: entfällt | AN90: - | AO90: 0 | AP90: - | AQ90: keine | AR90: entfällt | AS90: - | AW90: Substitutionen sind im Galvanikbereich nicht zielführend (vgl. ASA vom 05.05.2025)
A91: 088 | B91: =HYPERLINK(CONCATENATE("..\SDB\SDB_",A91,".pdf"),"2") -> 2 | C91: =HYPERLINK("#"&CONCATENATE(A91,"!B1"),"2") -> 2 | D91: Kalkhydrat / Calciumdihydroxid | E91: Richard Steinebach GmbH & Co.KG | F91: 45224 | G91: Feststoff | H91: weiß | I91: Stoff | J91: Abwasserbehandlung | K91: GHS 05, GHS 07, Gefahr | L91: - | M91: H335 | N91: - | O91: - | P91: - | Q91: P261, P280 | R91: P302+P352, P304+P340, P305+P351+P338, P310 | S91: 0 | T91: - | U91: Calciumdihydroxid | V91: 1 | W91: Nein, da gefährliche Einstufungen und Eigenschaften vorliegen (siehe EMKG). | X91: Schutzleitfaden-200 | Y91: Örtliche Absaugung (Punktabsaugung) | Z91: Schutzleitfaden-120 | AA91: Organisations- und Hygienemaßnahmen "Haut" | AB91: Schutzleitfaden-PC270 | AC91: Grundanforderungen bei erhöhter Brandgefährdung | AD91: 0 | AE91: 0 | AF91: 0 | AG91: 0 | AH91: #N/A | AI91: - | AJ91: 0 | AK91: - | AL91: keine | AM91: entfällt | AN91: - | AO91: 0 | AP91: - | AQ91: keine | AR91: entfällt | AS91: - | AW91: Substitutionen sind im Galvanikbereich nicht zielführend (vgl. ASA vom 05.05.2025)
A92: 089 | B92: =HYPERLINK(CONCATENATE("..\SDB\SDB_",A92,".pdf"),"2") -> 2 | C92: =HYPERLINK("#"&CONCATENATE(A92,"!B1"),"2") -> 2 | D92: Ätznatron, Microprills CAUSTIC SODA, microprills | E92: Richard Steinebach GmbH & Co.KG | F92: 42285 | G92: Feststoff | H92: weiß | I92: Stoff | J92: Abwasserbehandlung | K92: GHS 05, Gefahr | L92: H290 | M92: H314 | N92: - | O92: - | P92: - | Q92: P260, P280 | R92: P301+P330+P331, P303 + P361 + P353, P305+P351+P338, P310 | S92: 0 | T92: - | U92: - | V92: 1 | W92: Nein, da die Einstufung H314 besteht und ein Hautkontakt nicht ausgeschlossen werden kann. | X92: Schutzleitfaden-300 | Y92: Geschlossenes System | Z92: Gefährdungsbeurteilung | AA92: siehe gefahrstoffspezifische Gefährdungsbeurteilung | AB92: Schutzleitfaden-PC270 | AC92: Grundanforderungen bei erhöhter Brandgefährdung | AD92: 0 | AE92: 0 | AF92: 0 | AG92: 0 | AH92: #N/A | AI92: - | AJ92: 0 | AK92: - | AL92: keine | AM92: entfällt | AN92: - | AO92: 0 | AP92: - | AQ92: keine | AR92: entfällt | AS92: - | AW92: Substitutionen sind im Galvanikbereich nicht zielführend (vgl. ASA vom 05.05.2025)
A93: 090 | B93: =HYPERLINK(CONCATENATE("..\SDB\SDB_",A93,".pdf"),"2") -> 2 | C93: =HYPERLINK("#"&CONCATENATE(A93,"!B1"),"2") -> 2 | D93: Salpetersäure 51/53% | E93: Richard Steinebach GmbH & Co.KG | F93: 45222 | G93: Flüssigkeit | H93: farblos | I93: Gemisch | J93: Beizen | K93: GHS 05, GHS 06, Gefahr | L93: H290 | M93: H314, H331 | N93: - | O93: - | P93: - | Q93: P260 | R93: P303+P361+P353, P305+P351+P338, P310 | S93: P405 | T93: - | U93: Salpetersäure 100 % | V93: 1 | W93: Nein, da die Einstufung H314 besteht und ein Hautkontakt nicht ausgeschlossen werden kann. | X93: Schutzleitfaden-300 | Y93: Geschlossenes System | Z93: Gefährdungsbeurteilung | AA93: siehe gefahrstoffspezifische Gefährdungsbeurteilung | AB93: Schutzleitfaden-PC270 | AC93: Grundanforderungen bei erhöhter Brandgefährdung | AD93: - | AE93: 0 | AF93: - | AG93: keine | AH93: entfällt | AI93: - | AJ93: 0 | AK93: - | AL93: keine | AM93: entfällt | AN93: - | AO93: 0 | AP93: - | AQ93: keine | AR93: entfällt | AS93: - | AW93: Substitutionen sind im Galvanikbereich nicht zielführend (vgl. ASA vom 05.05.2025)
A94: 091 | B94: =HYPERLINK(CONCATENATE("..\SDB\SDB_",A94,".pdf"),"2") -> 2 | C94: =HYPERLINK("#"&CONCATENATE(A94,"!B1"),"2") -> 2 | D94: Salzsäure 30% | E94: Covestro Deutschland AG | F94: 43008 | G94: Flüssigkeit | H94: gelblich | I94: Stoff | J94: Beizen | K94: GHS 05, GHS 07, Gefahr | L94: H290 | M94: H314, H335 | N94: - | O94: - | P94: - | Q94: P261, P280 | R94: P301 + P330 + P331, P303 + P361 + P353, P304 + P340 + P310, P305 + P351 + P338 + P310 | S94: - | T94: - | U94: Chlorwasserstoff, | V94: 1 | W94: Nein, da die Einstufung H314 besteht und ein Hautkontakt nicht ausgeschlossen werden kann. | X94: Schutzleitfaden-300 | Y94: Geschlossenes System | Z94: Gefährdungsbeurteilung | AA94: siehe gefahrstoffspezifische Gefährdungsbeurteilung | AB94: Schutzleitfaden-PC270 | AC94: Grundanforderungen bei erhöhter Brandgefährdung | AD94: - | AE94: 0 | AF94: - | AG94: keine | AH94: entfällt | AI94: - | AJ94: 0 | AK94: - | AL94: keine | AM94: entfällt | AN94: - | AO94: 0 | AP94: - | AQ94: keine | AR94: entfällt | AS94: - | AW94: Substitutionen sind im Galvanikbereich nicht zielführend (vgl. ASA vom 05.05.2025)
A95: 092 | B95: =HYPERLINK(CONCATENATE("..\SDB\SDB_",A95,".pdf"),"2") -> 2 | C95: =HYPERLINK("#"&CONCATENATE(A95,"!B1"),"2") -> 2 | D95: JUBOphos SF 1910 | E95: JUBO Technologies GmbH | F95: 45722 | G95: Flüssigkeit | H95: k.A. | I95: Gemisch | J95: Oberflächentechnik / Korrosionsschutz | K95: GHS 07, GHS 08, Achtung | L95: - | M95: H315, H319, H373 | N95: - | O95: - | P95: - | Q95: P260, P264, P280 | R95: P305 + P351 + P338, P314, P332 + P313, P337 + P313, P362 + P364 | S95: - | T95: P501 | U95: Phosphorsäure | V95: 1 | W95: Nein, da gefährliche Einstufungen und Eigenschaften vorliegen (siehe EMKG). | X95: Schutzleitfaden-300 | Y95: Geschlossenes System | Z95: Schutzleitfaden-120 | AA95: Organisations- und Hygienemaßnahmen "Haut" | AB95: Schutzleitfaden-PC170 | AC95: Brandschutzmaßnahmen | AD95: - | AE95: 0 | AF95: - | AG95: keine | AH95: entfällt | AI95: - | AJ95: 0 | AK95: - | AL95: keine | AM95: entfällt | AN95: - | AO95: 0 | AP95: - | AQ95: keine | AR95: entfällt | AS95: - | AW95: Substitutionen sind im Galvanikbereich nicht zielführend (vgl. ASA vom 05.05.2025)
A96: 093 | B96: =HYPERLINK(CONCATENATE("..\SDB\SDB_",A96,".pdf"),"2") -> 2 | C96: =HYPERLINK("#"&CONCATENATE(A96,"!B1"),"2") -> 2 | D96: Schwefelsäure 96 % | E96: Richard Steinebach GmbH & Co.KG | F96: 45224 | G96: Flüssigkeit | H96: gelblich | I96: Gemisch | J96: Beizen | K96: GHS 05, Gefahr | L96: - | M96: H314 | N96: - | O96: - | P96: - | Q96: P260 | R96: P303+P361+P353, P305+P351+P338, P310 | S96: P405 | T96: - | U96: Schwefelsäure | V96: 1 | W96: Nein, da die Einstufung H314 besteht und ein Hautkontakt nicht ausgeschlossen werden kann. | X96: Schutzleitfaden-200 | Y96: Örtliche Absaugung (Punktabsaugung) | Z96: Gefährdungsbeurteilung | AA96: siehe gefahrstoffspezifische Gefährdungsbeurteilung | AB96: Schutzleitfaden-PC170 | AC96: Brandschutzmaßnahmen | AD96: - | AE96: 0 | AF96: - | AG96: keine | AH96: entfällt | AI96: - | AJ96: 0 | AK96: - | AL96: keine | AM96: entfällt | AN96: - | AO96: 0 | AP96: - | AQ96: keine | AR96: entfällt | AS96: - | AW96: Substitutionen sind im Galvanikbereich nicht zielführend (vgl. ASA vom 05.05.2025)
A97: 094 | B97: =HYPERLINK(CONCATENATE("..\SDB\SDB_",A97,".pdf"),"2") -> 2 | C97: =HYPERLINK("#"&CONCATENATE(A97,"!B1"),"2") -> 2 | D97: Wasserstoffperoxid 35 % | E97: Richard Steinebach GmbH & Co.KG | F97: 43313 | G97: Flüssigkeit | H97: farblos | I97: Gemisch | J97: Beizen | K97: GHS 05, GHS 07, Gefahr | L97: - | M97: H315, H318, H335, H302+H332 | N97: - | O97: - | P97: - | Q97: P261, P280 | R97: P305+P351+P338, P310, P321 | S97: P405 | T97: - | U97: - | V97: 1 | W97: Nein, da gefährliche Einstufungen und Eigenschaften vorliegen (siehe EMKG). | X97: Schutzleitfaden-200 | Y97: Örtliche Absaugung (Punktabsaugung) | Z97: Schutzleitfaden-120 | AA97: Organisations- und Hygienemaßnahmen "Haut" | AB97: Schutzleitfaden-PC170 | AC97: Brandschutzmaßnahmen | AD97: - | AE97: 0 | AF97: - | AG97: keine | AH97: entfällt | AI97: - | AJ97: 0 | AK97: - | AL97: keine | AM97: entfällt | AN97: - | AO97: 0 | AP97: - | AQ97: keine | AR97: entfällt | AS97: - | AW97: Substitutionen sind im Galvanikbereich nicht zielführend (vgl. ASA vom 05.05.2025)
A98: 095 | B98: =HYPERLINK(CONCATENATE("..\SDB\SDB_",A98,".pdf"),"2") -> 2 | C98: =HYPERLINK("#"&CONCATENATE(A98,"!B1"),"2") -> 2 | D98: Ätznatron Prills | E98: Stockmeier Chemie GmbH & Co. KG | F98: 42080 | G98: Feststoff | H98: weiß | I98: 0 | J98: Abwasserbehandlung | K98: GHS 05, Gefahr | L98: H290 | M98: H314 | N98: - | O98: - | P98: - | Q98: P260, P280 | R98: P301+P330+P331, P303+P361+P353, P305+P351+P338, P310 | S98: - | T98: - | U98: - | V98: 1 | W98: Nein, da die Einstufung H314 besteht und ein Hautkontakt nicht ausgeschlossen werden kann. | X98: Schutzleitfaden-300 | Y98: Geschlossenes System | Z98: Schutzleitfaden-250 | AA98: Erweiterter Maßnahmenbedarf „Haut“ | AB98: Schutzleitfaden-PC270 | AC98: Grundanforderungen bei erhöhter Brandgefährdung | AD98: 0 | AE98: 0 | AF98: 0 | AG98: 0 | AH98: #N/A | AI98: - | AJ98: 0 | AK98: - | AL98: keine | AM98: entfällt | AN98: - | AO98: 0 | AP98: - | AQ98: keine | AR98: entfällt | AS98: - | AW98: Substitutionen sind im Galvanikbereich nicht zielführend (vgl. ASA vom 05.05.2025)
A99: 096 | B99: =HYPERLINK(CONCATENATE("..\SDB\SDB_",A99,".pdf"),"2") -> 2 | C99: =HYPERLINK("#"&CONCATENATE(A99,"!B1"),"2") -> 2 | D99: Amidosulfonsäure Ohne Antiback | E99: Stockmeier Chemie GmbH & Co. KG | F99: 42121 | G99: Feststoff | H99: weiß | I99: 0 | J99: Abwasserbehandlung | K99: GHS 07, Achtung | L99: - | M99: H315, H319 | N99: H412 | O99: - | P99: - | Q99: P273, P280 | R99: P305+P351+P338, P302+P352, P337+P313 | S99: - | T99: - | U99: - | V99: 1 | W99: Archiv / derzeit nicht in Verwendung | X99: Schutzleitfaden-200 | Y99: Örtliche Absaugung (Punktabsaugung) | Z99: Schutzleitfaden-120 | AA99: Organisations- und Hygienemaßnahmen "Haut" | AB99: Schutzleitfaden-PC270 | AC99: Grundanforderungen bei erhöhter Brandgefährdung | AD99: 0 | AE99: 0 | AF99: 0 | AG99: 0 | AH99: #N/A | AI99: - | AJ99: 0 | AK99: - | AL99: keine | AM99: entfällt | AN99: - | AO99: 0 | AP99: - | AQ99: keine | AR99: entfällt | AS99: - | AW99: Substitutionen sind im Galvanikbereich nicht zielführend (vgl. ASA vom 05.05.2025)
A100: 097 | B100: =HYPERLINK(CONCATENATE("..\SDB\SDB_",A100,".pdf"),"2") -> 2 | C100: =HYPERLINK("#"&CONCATENATE(A100,"!B1"),"2") -> 2 | D100: Kaliumchlorid 99% techn. o. Antiback | E100: Stockmeier Chemie GmbH & Co. KG | F100: 41507 | G100: Feststoff | H100: 0 | I100: 0 | J100: Metalloberflächenbehandlung | K100: nicht als gefährlich eingestuft | L100: - | M100: - | N100: - | O100: - | P100: - | Q100: - | R100: - | S100: - | T100: - | U100: - | V100: 1 | W100: Archiv / derzeit nicht in Verwendung | X100: Schutzleitfaden-100 | Y100: Freie Lüftung | Z100: Schutzleitfaden-120 | AA100: Organisations- und Hygienemaßnahmen "Haut" | AB100: Schutzleitfaden-PC270 | AC100: Grundanforderungen bei erhöhter Brandgefährdung | AD100: 0 | AE100: 0 | AF100: 0 | AG100: 0 | AH100: #N/A | AI100: - | AJ100: 0 | AK100: - | AL100: keine | AM100: entfällt | AN100: - | AO100: 0 | AP100: - | AQ100: keine | AR100: entfällt | AS100: - | AW100: Substitutionen sind im Galvanikbereich nicht zielführend (vgl. ASA vom 05.05.2025)
...

Sheet Daten
A1: Gefährdungsfaktoren | G1: Name des Unternehmens | H1: Anschrift | I1: Status | J1: WGK | K1: WGK_Bezechnung | L1: PSA_Handschutz | M1: PSA_Augenschutz | N1: PSA_Atemschutz | O1: PSA_Körperschutz
A2: 1 | B2: Maßnahmenstufe 1 | C2: Mindeststandards | G2: OTH Oberflächentechnik Hagen GmbH & Co. KG | H2: Selbecker Str. 145-149, 58091 Hagen | I2: o | J2: nwg | K2: nwg: nicht wassergefährdend | L2: Chemikalien-Schutzhandschuhe | M2: Dichtschließende Schutzbrille mit Seitenschutz | N2: Vollmaske | O2: Einwegoverall
A3: 1.1 | B3: Schutzleitfaden-100 | C3: Freie Lüftung | F3: =HYPERLINK(CONCATENATE("Schutzleitfäden\",B3,".pdf"),2) -> 2 | I3: þ | J3: awg | K3: awg: allgemein wassergefährdend | L3: (nicht definiert) | M3: (nicht definiert) | N3: Halbmaske | O3: Arbeitskleidung
A4: 1.2 | B4: Schutzleitfaden-LA101 | C4: Bereitstellen und Lagern | F4: =HYPERLINK(CONCATENATE("Schutzleitfäden\",B4,".pdf"),2) -> 2 | G4: Verantwortliche Führungskraft | H4: Funktion | I4: ý | J4: 1 | K4: WGK 1: schwach wassergefährdend | L4: (nicht erforderlich) | M4: (nicht erforderlich) | N4: FFP2-Staubschutzmaske | O4: (nicht definiert)
A5: 1.3 | B5: Schutzleitfaden-102 | C5: Lagerung von Schüttgütern | F5: =HYPERLINK(CONCATENATE("Schutzleitfäden\",B5,".pdf"),2) -> 2 | G5: Herr Udo Gensowski | H5: Geschäftsführer | J5: 2 | K5: WGK 2: wassergefährdend | N5: Kombinationsfiltergerät | O5: (nicht erforderlich)
A6: 1.4 | B6: Schutzleitfaden-110 | C6: Organisations-und Hygienemaßnahmen "Einatmen" | F6: =HYPERLINK(CONCATENATE("Schutzleitfäden\",B6,".pdf"),2) -> 2 | J6: 3 | K6: WGK 3: stark wassergefährdend | N6: (nicht definiert)
A7: 1.5 | B7: Schutzleitfaden-120 | C7: Organisations-und Hygienemaßnahmen "Haut" | F7: =HYPERLINK(CONCATENATE("Schutzleitfäden\",B7,".pdf"),2) -> 2 | N7: (nicht erforderlich)
A8: 1.6 | B8: Schutzleitfaden-130 | C8: Drucken, Kopieren | F8: =HYPERLINK(CONCATENATE("Schutzleitfäden\",B8,".pdf"),2) -> 2
A9: 2 | B9: Maßnahmenstufe 2 | C9: Emissionsmindernde Maßnahmen
A10: 2.1 | B10: Schutzleitfaden-200 | C10: Örtliche Absaugung (Punktabsaugung) | F10: =HYPERLINK(CONCATENATE("Schutzleitfäden\",B10,".pdf"),2) -> 2
A11: 2.2 | B11: Schutzleitfaden-201 | C11: Abzugsschränke | F11: =HYPERLINK(CONCATENATE("Schutzleitfäden\",B11,".pdf"),2) -> 2
A12: 2.3 | B12: Schutzleitfaden-203 | C12: Absaugschrank | F12: =HYPERLINK(CONCATENATE("Schutzleitfäden\",B12,".pdf"),2) -> 2
A13: 2.4 | B13: Schutzleitfaden-204 | C13: Staubentnahme aus Abscheidesystem | F13: =HYPERLINK(CONCATENATE("Schutzleitfäden\",B13,".pdf"),2) -> 2
A14: 2.5 | B14: Schutzleitfaden-205 | C14: Transport über Förderband | F14: =HYPERLINK(CONCATENATE("Schutzleitfäden\",B14,".pdf"),2) -> 2
A15: 2.6 | B15: Schutzleitfaden-206 | C15: Befüllen von Säcken | F15: =HYPERLINK(CONCATENATE("Schutzleitfäden\",B15,".pdf"),2) -> 2
A16: 2.7 | B16: Schutzleitfaden-208 | C16: Entleeren von Säcken | F16: =HYPERLINK(CONCATENATE("Schutzleitfäden\",B16,".pdf"),2) -> 2
A17: 2.8 | B17: Schutzleitfaden-210 | C17: Beschicken von Kesseln aus Säcken oder Kleingebinden | F17: =HYPERLINK(CONCATENATE("Schutzleitfäden\",B17,".pdf"),2) -> 2
A18: 2.9 | B18: Schutzleitfaden-211 | C18: Befüllung und Entleerung von Containern (IBC) | F18: =HYPERLINK(CONCATENATE("Schutzleitfäden\",B18,".pdf"),2) -> 2
A19: 2.10 | B19: Schutzleitfaden-212 | C19: Befüllen von Fässern | F19: =HYPERLINK(CONCATENATE("Schutzleitfäden\",B19,".pdf"),2) -> 2
A20: 2.11 | B20: Schutzleitfaden-213 | C20: Entleeren von Fässern mittels Fasspumpe | F20: =HYPERLINK(CONCATENATE("Schutzleitfäden\",B20,".pdf"),2) -> 2
A21: 2.12 | B21: Schutzleitfaden-214 | C21: Wiegen von Feststoffen | F21: =HYPERLINK(CONCATENATE("Schutzleitfäden\",B21,".pdf"),2) -> 2
... A29: 2.20 | B29: Schutzleitfaden-260 | C29: Wartungs- und Servicearbeiten an Drucker- und Kopiergeräten | F29: =HYPERLINK(CONCATENATE("Schutzleitfäden\",B29,".pdf"),2) -> 2
A30: 3 | B30: Maßnahmenstufe 2a | C30: Schutzleitfaden für Hautkontakt
A31: 3.1 | B31: Schutzleitfaden-250 | C31: Erweiterter Maßnahmenbedarf „Haut“ | F31: =HYPERLINK(CONCATENATE("Schutzleitfäden\",B31,".pdf"),2) -> 2
A32: 4 | B32: Maßnahmenstufe 2b | C32: Schutzleitfäden für Brand und Explosion
A33: 4.1 | B33: Schutzleitfaden-PC170 | C33: Brandschutzmaßnahmen | F33: =HYPERLINK(CONCATENATE("Schutzleitfäden\",B33,".pdf"),2) -> 2
A34: 4.2 | B34: Schutzleitfaden-PC270 | C34: Grundanforderungen bei erhöhter Brandgefährdung | F34: =HYPERLINK(CONCATENATE("Schutzleitfäden\",B34,".pdf"),2) -> 2
A35: 4.3 | B35: Schutzleitfaden-PC271 | C35: Lackierarbeiten, Spritz- und Beschichtungsverfahren | F35: =HYPERLINK(CONCATENATE("Schutzleitfäden\",B35,".pdf"),2) -> 2
A36: 4.4 | B36: Schutzleitfaden-PC280 | C36: Grundlegende Explosionsschutzmaßnahmen | F36: =HYPERLINK(CONCATENATE("Schutzleitfäden\",B36,".pdf"),2) -> 2
A37: 4.5 | B37: Schutzleitfaden-PC281 | C37: Brennbare Flüssigkeiten umfüllen und abfüllen | F37: =HYPERLINK(CONCATENATE("Schutzleitfäden\",B37,".pdf"),2) -> 2
A38: 4.6 | B38: Schutzleitfaden-PC282 | C38: Lackierarbeiten, Spritz- und Beschichtungsverfahren | F38: =HYPERLINK(CONCATENATE("Schutzleitfäden\",B38,".pdf"),2) -> 2
A39: 4.7 | B39: Schutzleitfaden-PC370 | C39: Hohe Brandschutzmaßnahmen - Grundanforderungen | F39: =HYPERLINK(CONCATENATE("Schutzleitfäden\",B39,".pdf"),2) -> 2
A40: 5 | B40: Maßnahmenstufe 3a
A41: 5.1 | B41: Schutzleitfaden-300 | C41: Geschlossenes System | F41: =HYPERLINK(CONCATENATE("Schutzleitfäden\",B41,".pdf"),2) -> 2
A42: 5.2 | B42: Schutzleitfaden-301 | C42: Handschuhkasten (glove box) | F42: =HYPERLINK(CONCATENATE("Schutzleitfäden\",B42,".pdf"),2) -> 2
A43: 5.3 | B43: Schutzleitfaden-305 | C43: Fassbefüllung | F43: =HYPERLINK(CONCATENATE("Schutzleitfäden\",B43,".pdf"),2) -> 2
A44: 5.4 | B44: Schutzleitfaden-306 | C44: Fassentleerung | F44: =HYPERLINK(CONCATENATE("Schutzleitfäden\",B44,".pdf"),2) -> 2
A45: 5.5 | B45: Schutzleitfaden-307 | C45: Befüllung und Entleerung von IBC-Containern (Feststoffe) | F45: =HYPERLINK(CONCATENATE("Schutzleitfäden\",B45,".pdf"),2) -> 2
A46: 5.6 | B46: Schutzleitfaden-308 | C46: Befüllung und Entleerung von IBC-Containern (Flüssigkeiten) | F46: =HYPERLINK(CONCATENATE("Schutzleitfäden\",B46,".pdf"),2) -> 2
A47: 5.7 | B47: Schutzleitfaden-310 | C47: Befüllen und Entleeren von Tankfahrzeugen | F47: =HYPERLINK(CONCATENATE("Schutzleitfäden\",B47,".pdf"),2) -> 2
A48: 5.8 | B48: Schutzleitfaden-312 | C48: Umpumpen von Flüssigkeiten | F48: =HYPERLINK(CONCATENATE("Schutzleitfäden\",B48,".pdf"),2) -> 2
A49: 6 | B49: Maßnahmenstufe 3b | C49: Schutzleitfäden für Brand und Explosion
A50: 7 | B50: Spezifische Schutzleitfäden
A51: 7.1 | B51: n. n. | F51: =HYPERLINK(CONCATENATE("Schutzleitfäden\",B51,".pdf"),2) -> 2
A52: 7.2 | B52: n. n. | F52: =HYPERLINK(CONCATENATE("Schutzleitfäden\",B52,".pdf"),2) -> 2
A53: 7.3 | B53: n. n. | F53: =HYPERLINK(CONCATENATE("Schutzleitfäden\",B53,".pdf"),2) -> 2
A54: 7.4 | B54: n. n. | F54: =HYPERLINK(CONCATENATE("Schutzleitfäden\",B54,".pdf"),2) -> 2
A55: 7.5 | B55: n. n. | F55: =HYPERLINK(CONCATENATE("Schutzleitfäden\",B55,".pdf"),2) -> 2
A56: 7.6 | B56: n. n. | F56: =HYPERLINK(CONCATENATE("Schutzleitfäden\",B56,".pdf"),2) -> 2

Sheet Maßnahmen
B1: Kap | C1: Sub | D1: lfd. Nr | E1: Gefährdungsfaktoren | F1: Schutzmaßnahmen und Verhaltensregeln | G1: Status | H1: wirksam am
B2: 1 | E2: =IF(B2=0,"",VLOOKUP(B2,Daten!$A$1:$B$56,2,FALSE)) -> Maßnahmenstufe 1 | F2: =VLOOKUP(E2,Daten!$B$2:$C$56,2,) -> Mindeststandards
B3: 1.1 | E3: =IF(B3=0,"",VLOOKUP(B3,Daten!$A$2:$B$56,2,FALSE)) -> Schutzleitfaden-100 | F3: =VLOOKUP(E3,Daten!$B$2:$C$56,2,) -> Freie Lüftung
B4: 1 | C4: 1 | D4: =ROW(A4)-(ROW(A$3)) -> 1 | E4: Mangel an gesundheitlich zuträglicher Atemluft | F4: Ein muss ausreichendes Maß an gesundheitlich zuträglicher Atemluft sichergestellt sein (z. B. durch Fenster, Türen, Schacht-, Dachaufsätze, Kaminlüftung, Kuppeln und sonstige Lüftungsöffnungen, ggf. unterstützt durch Ventilatoren). | G4: prüfen
B5: 1 | C5: 1 | D5: =ROW(A5)-(ROW(A$3)) -> 2 | E5: Atemluft aus verunreinigten Quellen | F5: Die zugeführte Frischluft darf nicht aus verunreinigter Quelle stammen. | G5: prüfen
B6: 1 | C6: 1 | D6: =ROW(A6)-(ROW(A$3)) -> 3 | E6: Schlechte Zugänglichkeit und schwergängige Bedienung von Zu- und Abluftöffnungen | F6: Zu- und Abluftöffnungen müssen leicht zugänglich und sicher zu bedienen sein . | G6: prüfen
B7: 1 | C7: 1 | D7: =ROW(A7)-(ROW(A$3)) -> 4 | E7: Eingeschränkte Wirksamkeit von Zu- und Abluftöffnungen durch falsche Platzierung | F7: Zu- und Abluftöffnungen sollten so gewählt sein , dass die Wirksamkeit der Lüftung nicht eingeschränkt wird. | G7: prüfen
B8: 1 | C8: 1 | D8: =ROW(A8)-(ROW(A$3)) -> 5 | E8: Zugestellte Lüftungsgitter und -öffnungen | F8: Lüftungsgitter und -öffnungen dürfen nicht zugestellt werden. | G8: prüfen
B9: 1 | C9: 1 | D9: =ROW(A9)-(ROW(A$3)) -> 6 | E9: Schadhafte, nicht funktionierende Lüftungsgitter und -öffnungen | F9: Lüftungsgitter und -öffnungen müssen regelmäßig auf Schäden und Funktionsfähigkeit geprüft werden. | G9: prüfen
B10: 1 | C10: 1 | D10: =ROW(A10)-(ROW(A$3)) -> 7 | E10: Schmutz und Verunreinigungen an Lüftungsgitter und -öffnungen | F10: Ablagerungen und Verunreinigungen an Lüftungsgittern und -öffnungen müssen sofort beseitigt werden. | G10: prüfen
B11: 1 | C11: 1 | D11: =ROW(A11)-(ROW(A$3)) -> 8 | E11: Geruchsbelästigende Gefahrstoffe | F11: Bei Beschwerden der Beschäftigten über geruchsbelästigende Gefahrstoffe sollen ggf. weitergehende Maßnahmen festgelegt werden. | G11: prüfen
B12: 1 | C12: 1 | D12: =ROW(A12)-(ROW(A$3)) -> 9 | E12: Eingeschränkte Lüftungsverhältnissen | F12: Bei eingeschränkten Lüftungsverhältnissen muss die Notwendigkeit einer RLT-Anlage geprüft werden. Eingeschränkte Lüftungsverhältnisse haben z.B. tiefe Gruben, enge Räume oder Räume mit hohen Stellwänden, Schränke oder Regale sowie Räume ohne ausreichende Lüftungsmöglichkeit. | G12: prüfen
B13: 1 | C13: 1 | D13: =ROW(A13)-(ROW(A$3)) -> 10 | E13: Zugluft | F13: Dauer und Intensität des Luftaustausches sollte so gestaltet werden, dass Zugluft vermieden wird. | G13: prüfen
B14: 1 | C14: 1 | D14: =ROW(A14)-(ROW(A$3)) -> 11 | E14: Mangel an gesundheitlich zuträglicher Atemluft | F14: Durch eine kontinuierliche Lüftung oder regelmäßige Stoßlüftung muss sichergestellt werden, dass genügend gesundheitlich zuträgliche Atemluft zur Verfügung steht. | G14: prüfen
B15: 1 | C15: 1 | D15: =ROW(A15)-(ROW(A$3)) -> 12 | E15: Gebrauch von lösungsmittelhaltigen Stoffen | F15: Bei flächigem Auftrag von Lösemitteln (z.B. beim Verstreichen von Lacken, Klebstoffen etc.) müssen Fenster/Türen geöffnet sein. | G15: prüfen
B16: 1 | C16: 1 | D16: =ROW(A16)-(ROW(A$3)) -> 13 | E16: Nichteinhalten der ASR A1.6 Anforderungen | F16: Die Anforderungen der ASR A1.6 -Fenster, Oberlichter, lichtdurchlässige Wände - müssen beim Einrichten und Betreiben der Arbeitsstätte beachtet werden. | G16: prüfen
B17: 1.2 | E17: =IF(B17=0,"",VLOOKUP(B17,Daten!$A$2:$B$56,2,FALSE)) -> Schutzleitfaden-LA101 | F17: =VLOOKUP(E17,Daten!$B$2:$C$56,2,) -> Bereitstellen und Lagern
B18: 1 | C18: 2 | D18: =ROW(A18)-(ROW(A$17)) -> 1 | E18: Unzureichende Belastbarkeit und Standsicherheit | F18: Lagereinrichtungen müssen statisch belastbar und standsicher sein. | G18: prüfen
B19: 1 | C19: 2 | D19: =ROW(A19)-(ROW(A$17)) -> 2 | E19: Unübersichtliche Lagerung | F19: Einrichtung und Ausstattung des Lagers soll so gestaltet sein, dass eine übersichtliche Lagerung der Gefahrstoffe möglich ist. | G19: prüfen
B20: 1 | C20: 2 | D20: =ROW(A20)-(ROW(A$17)) -> 3 | E20: Fehlerhafte Montage der Regale | F20: Regale müssen entsprechend der Montageanleitung aufgebaut werden. | G20: prüfen
B21: 1 | C21: 2 | D21: =ROW(A21)-(ROW(A$17)) -> 4 | E21: Fehlender Anfahrschutz bei freistehenden Lagereinrichtungen und Behältern. | F21: Freistehende Lagereinrichtungen und Behälter (z.B. Regale, IBC-Container) müssen durch einen Anfahrschutz vor Leckagen geschützt. | G21: prüfen
B22: 1 | C22: 2 | D22: =ROW(A22)-(ROW(A$17)) -> 5 | E22: Fehlende Standsicherheit von Regalen aufgrund des Untergrundes | F22: Regale müssen auf einen ebenen Untergrund mit ausreichender Festigkeit gestellt werden. | G22: prüfen
B23: 1 | C23: 2 | D23: =ROW(A23)-(ROW(A$17)) -> 6 | E23: Fehlende/mangelhafte Auffangbehälter im Fall von Leckagen | F23: Im Leckagefall müssen Flüssigkeiten und Flüssiggase in chemikalienbeständige Auffangwannen oder Auffangräume aufgefangen werden. Keinesfalls in Abflüsse, Gruben, Kanäle und Kellerräume. | G23: prüfen
B24: 1 | C24: 2 | D24: =ROW(A24)-(ROW(A$17)) -> 7 | E24: Nicht ausreichende Kapazitäten von Auffangeinrichtungen | F24: Die Kapazität von Auffangeinrichtungen muss mindestens 10% der Gesamtmenge bzw. des Fassungsvermögens des größten Behälters betragen. | G24: prüfen
B25: 1 | C25: 2 | D25: =ROW(A25)-(ROW(A$17)) -> 8 | E25: Ungeeignete Fußböden und Auffangwannen | F25: Fußböden und Auffangwannen müssen für das Lagergut geeignet sein , z.B. elektrostatisch ableitfähig bei entzündbaren Flüssigkeiten. | G25: prüfen
B26: 1 | C26: 2 | D26: =ROW(A26)-(ROW(A$17)) -> 9 | E26: Unzulässige Lagerung von Gefahrstoffen | F26: Gefahrstoffe müssen abhängig von der Stoffeigenschaft und Mengen in einem Lager gelagert werden. Gefahrstofflager sind z.B. Lagerraum, Sicherheitsschrank oder Container. | G26: prüfen
B27: 1 | C27: 2 | D27: =ROW(A27)-(ROW(A$17)) -> 10 | E27: Unzulässige Menge an Gefahrstoffen am Arbeitsplatz | F27: Am Arbeitsplatz darf nur die für den Tages- oder Schichtbedarf erforderliche Menge an Gefahrstoff bereitgestellt werden. Bei regelmäßigen Tätigkeiten mit kleinen Mengen muss die jeweils handelsüblich kleinste Gebindegröße bereitgestellt werden. | G27: prüfen
B28: 1 | C28: 2 | D28: =ROW(A28)-(ROW(A$17)) -> 11 | E28: Gefahr durch Lagerung entzündlicher Flüssigkeiten in zerbrechlichen Behältern. | F28: Entzündbare Flüssigkeiten sollen, wenn möglich, in nicht zerbrechlichen Behältern gelagert werden. Außerhalb des Lagers dürfen entzündbare Flüssigkeiten in nicht zerbrechlichen Behältern bis maximal 10 l Fassungsvermögen je Behälter gelagert werden. In zerbrechlichen Behältern bis 2,5 l Fassungsvermögen je Behälter. | G28: prüfen
B29: 1 | C29: 2 | D29: =ROW(A29)-(ROW(A$17)) -> 12 | E29: Belastung der Atemluft durch nicht regelmäßig entleerte Auffangeinrichtungen. | F29: Auffangeinrichtungen müssen regelmäßig entleert werden und dürfen nicht zu einer zusätzlichen Belastung der Atemluft führen. | G29: prüfen
... B52: 1 | C52: 2 | D52: =ROW(A52)-(ROW(A$17)) -> 35 | E52: Nichtbeachtung der Brand- und Explosionsschutzmaßnahmen | F52: Brand- und Explosionsschutzmaßnahmen müssen zusätzlich beachtet werden. | G52: prüfen
B53: 1.3 | E53: =IF(B53=0,"",VLOOKUP(B53,Daten!$A$2:$B$56,2,FALSE)) -> Schutzleitfaden-102 | F53: =VLOOKUP(E53,Daten!$B$2:$C$56,2,) -> Lagerung von Schüttgütern
B54: 1 | C54: 3 | D54: =ROW(A54)-(ROW(A$53)) -> 1 | E54: Unbefugte Personen im Arbeitsbereich | F54: Zugang des Arbeitsbereiches nur für Befugte. | G54: prüfen
B55: 1 | C55: 3 | D55: =ROW(A55)-(ROW(A$53)) -> 2 | E55: Lagerhallenöffnung zur Hauptwindrichtung | F55: Lagerhallenöffnungen möglichst nicht zur Hauptwindrichtung. | G55: prüfen
B56: 1 | C56: 3 | D56: =ROW(A56)-(ROW(A$53)) -> 3 | E56: Fehlende oder unzureichende Lagerflächenkennzeichnung | F56: Klare Lagerflächenkennzeichnung. | G56: prüfen
B57: 1 | C57: 3 | D57: =ROW(A57)-(ROW(A$53)) -> 4 | E57: Staubentwicklung aufgrund fehlerhafter Platzierung der Abzugseinrichtung | F57: Abzugseinrichtung so nah wie möglich an die Staubquelle platzieren. | G57: prüfen
B58: 1 | C58: 3 | D58: =ROW(A58)-(ROW(A$53)) -> 5 | E58: Staubentwicklung im gesamten Bereich aufgrund fehlender Raumabtrennungen | F58: Bereitstellung von Abtrennungen zur Verringerung von Staubausbreitung in der gesamten Halle. | G58: prüfen
B59: 1 | C59: 3 | D59: =ROW(A59)-(ROW(A$53)) -> 6 | E59: Keine Trennung von unterschiedlichen Halden | F59: Klare Trennung von unterschiedlichen Halden. | G59: prüfen
B60: 1 | C60: 3 | D60: =ROW(A60)-(ROW(A$53)) -> 7 | E60: Lagerung von brennbaren Materialien in der Halle | F60: Leicht brennbare Materialien, wie leere Verpackungen, in einem separaten Raum lagern. | G60: prüfen
B61: 1 | C61: 3 | D61: =ROW(A61)-(ROW(A$53)) -> 8 | E61: Mangelhafte Wartung und Instandhaltung der Einrichtungen und Ausrüstungen | F61: Einrichtungen und Ausrüstungen entsprechend den Herstellerangaben instand halten und warten. | G61: prüfen
B62: 1 | C62: 3 | D62: =ROW(A62)-(ROW(A$53)) -> 9 | E62: Fehlende monatliche Sichtkontrolle der Lüftungsanlage | F62: Durchführung einer Sichtkontrolle der Lüftungsanlage auf Anzeichen von Beschädigungen einmal im Monat. | G62: prüfen
B63: 1 | C63: 3 | D63: =ROW(A63)-(ROW(A$53)) -> 10 | E63: Fehlende jährliche Überprüfung der Lüftungsanlage | F63: Überprüfung der Lüftungsanlage und Vergleich mit ihren Leistungsstandards mindestens jährlich. | G63: prüfen
B64: 1 | C64: 3 | D64: =ROW(A64)-(ROW(A$53)) -> 11 | E64: Fehlendes System zur Aufstellung und Einrichtung von Schutzmaßnahmen | F64: System zur Prüfung der Aufstellung und Einhaltung von Schutzmaßnahmen einrichten. | G64: prüfen
B65: 1 | C65: 3 | D65: =ROW(A65)-(ROW(A$53)) -> 12 | E65: Nichtbeachten der Anwendungshinweise | F65: Die allgemeinen Maßnahmen der Anwendungshinweise beachten. | G65: prüfen
... B68: 1 | C68: 3 | D68: =ROW(A68)-(ROW(A$53)) -> 15 | E68: Staubentwicklung beim Reinigen | F68: Nicht mit Besen oder Druckluft reinigen. Industriestaubsauger verwenden oder feucht aufwischen. | G68: prüfen
B69: 1.4 | E69: =IF(B69=0,"",VLOOKUP(B69,Daten!$A$2:$B$56,2,FALSE)) -> Schutzleitfaden-110 | F69: =VLOOKUP(E69,Daten!$B$2:$C$56,2,) -> Organisations-und Hygienemaßnahmen "Einatmen"
B70: 1 | C70: 4 | D70: =ROW(A70)-(ROW(A$69)) -> 1 | E70: Belastungen durch benachbarte Verfahren oder Arbeitsmethoden | F70: Belastungen durch benachbarte Verfahren oder Arbeitsmethoden sollen, wenn möglich, verhindert werden. | G70: prüfen
B71: 1 | C71: 4 | D71: =ROW(A71)-(ROW(A$69)) -> 2 | E71: Fehlende Waschgelegenheit für die Reinigung der Augen und der Haut. | F71: Es muss eine Waschgelegenheit für die Reinigung der Augen und der Haut vorhanden sein. | G71: prüfen
B72: 1 | C72: 4 | D72: =ROW(A72)-(ROW(A$69)) -> 3 | E72: Fehlende Hautreinigungsmittel und Einmalhandtücher | F72: Schonende Hautreinigungsmittel und Einmalhandtücher müssen verfügbar sein. | G72: prüfen
B73: 1 | C73: 4 | D73: =ROW(A73)-(ROW(A$69)) -> 4 | E73: Fehlende Pausenbereiche oder Pausenräume | F73: Pausenbereiche oder Pausenräume müssen vorhanden sein. | G73: prüfen
B74: 1 | C74: 4 | D74: =ROW(A74)-(ROW(A$69)) -> 5 | E74: Erschwerte Reinigungsbedingungen von Fußböden, Wänden, Decken, Maschinen und technische Einrichtungen | F74: Fußböden, Wände, Decken, Maschinen und technische Einrichtungen müssen leicht zu reinigen sein. | G74: prüfen
B75: 1 | C75: 4 | D75: =ROW(A75)-(ROW(A$69)) -> 6 | E75: Unkenntnis über Stoffe, Produkte und Gefahrstoffe. | F75: Stoffe und Produkte, die im Betrieb verwendet werden, müssen bekannt sein. Außerdem muss bekannt sein, welche davon Gefahrstoffe sind. | G75: prüfen
B76: 1 | C76: 4 | D76: =ROW(A76)-(ROW(A$69)) -> 7 | E76: Fehlende Kennzeichnung von Gebinden, Verpackungen, Abfallbehältern und Rohrleitungen. | F76: Alle Gebinde und Verpackungen, die keine Herstellerkennzeichnung tragen, müssen nach TRGS 201 gekennzeichnet sein. Das Gleiche gilt für Abfallbehälter und Rohrleitungen. | G76: prüfen
B77: 1 | C77: 4 | D77: =ROW(A77)-(ROW(A$69)) -> 8 | E77: Fehlende Sicherheitsdatenblätter | F77: Sicherheitsdatenblätter müssen vorliegen und für die Beschäftigten zugänglich sein. | G77: prüfen
B78: 1 | C78: 4 | D78: =ROW(A78)-(ROW(A$69)) -> 9 | E78: Fehlendes, veraltetes oder unvollständiges Gefahrenstoffverzeichnis. | F78: Es muss ein Gefahrstoffverzeichnis geführt werden , welches bei der Einführung neuer Gefahrstoffe ergänzt und spätestens beim Eingang neuer Sicherheitsdatenblätter aktualisiert werden muss. | G78: prüfen
B79: 1 | C79: 4 | D79: =ROW(A79)-(ROW(A$69)) -> 10 | E79: Unkenntnis über Änderungen von Gesetzen, Verordnungen, Technischen Regeln, Arbeitsplatzgrenzwerten und Einstufungen. | F79: Es muss sichergestellt sein, dass Änderungen von Gesetzen, Verordnungen, Technischen Regeln, Arbeitsplatzgrenzwerten und Einstufungen zeitnah bemerkt werden (z.B. durch TRGS-Newsletter, Informationen der Berufsgenossenschaften, Länder, Industrieverbände, Innungen und Handwerkskammern sowie durch Fachzeitschriften). | G79: prüfen
B80: 1 | C80: 4 | D80: =ROW(A80)-(ROW(A$69)) -> 11 | E80: Verwendung von Gefahrstoffen, die nicht vom Arbeitgeber vorgesehen sind. | F80: Es dürfen nur vom Arbeitgeber vorgesehenen Gefahrstoffe verwendet werden. | G80: prüfen
B81: 1 | C81: 4 | D81: =ROW(A81)-(ROW(A$69)) -> 12 | E81: Fehlende oder unzureichende zeitliche oder räumliche Trennung der belasteten Beschäftigten. | F81: Die Zahl der belasteten Beschäftigten muss durch zeitliche und räumliche Trennung begrenzt werden. | G81: prüfen
... B103: 1 | C103: 4 | D103: =ROW(A103)-(ROW(A$69)) -> 34 | E103: Mangelhafte innerbetriebliche Kennzeichnung | F103: Die innerbetriebliche Kennzeichnung sollte möglichst jährlich geprüft und das Ergebnis dokumentiert werden. | G103: prüfen
B104: 1.5 | E104: =IF(B104=0,"",VLOOKUP(B104,Daten!$A$2:$B$56,2,FALSE)) -> Schutzleitfaden-120 | F104: =VLOOKUP(E104,Daten!$B$2:$C$56,2,) -> Organisations-und Hygienemaßnahmen "Haut"
B105: 1 | C105: 5 | D105: =ROW(A105)-(ROW(A$104)) -> 1 | E105: Kontaminierte Haut | F105: Kontaminierte Haut muss sofort gereinigt werden. | G105: prüfen
B106: 1 | C106: 5 | D106: =ROW(A106)-(ROW(A$104)) -> 2 | E106: Unzureichend ausgestatteter Waschplatz | F106: Der Waschplatz muss mit ausreichend Hautmittel (Hautschutz, Hautreinigung, Hautpflege) und Einmalhandtüchern ausgestattet sein. | G106: prüfen
B107: 1 | C107: 5 | D107: =ROW(A107)-(ROW(A$104)) -> 3 | E107: Verwendung von Duft-und Konservierungsstoffen in Hautmitteln. (Allergiegefahr) | F107: Duft-und Konservierungsstoffe sollen, unter Berücksichtigung der Akzeptanz der Beschäftigten, weitgehend vermieden werden. | G107: prüfen
B108: 1 | C108: 5 | D108: =ROW(A108)-(ROW(A$104)) -> 4 | E108: Lagerung der Hautmittel bei zu hoher/zu niedriger Temperatur. | F108: Hautmittel dürfen nicht dauerhaft über 30°C oder unter 0°C gelagert werden. | G108: prüfen
B109: 1 | C109: 5 | D109: =ROW(A109)-(ROW(A$104)) -> 5 | E109: Unhygienische Lagerung von Hautmitteln. | F109: Hautmittel müssen hygienisch einwandfrei aufbewahrt werden, z.B. in Dosierspendern. | G109: prüfen
B110: 1 | C110: 5 | D110: =ROW(A110)-(ROW(A$104)) -> 6 | E110: Fehlender Hautschutzplan | F110: Ein an der Waschgelegenheit ausgehängter Hautschutzplan muss über die korrekte Anwendung der Hautmittel informieren. | G110: prüfen
B111: 1 | C111: 5 | D111: =ROW(A111)-(ROW(A$104)) -> 7 | E111: Ungeeignete Hautschutzmittel bei fettlöslichen Schadstoffen. | F111: Zum Schutz vor fettlöslichen Schadstoffen wie Benzin, Bohr-und Schneidölen, Lacken, Ölfarben, Lösemitteln, Schmierfetten, nicht wassermischbaren Metallbearbeitungsölen und Kunstharzen müssen wasserlösliche Hautschutzmittel eingesetzt werden . | G111: prüfen
B112: 1 | C112: 5 | D112: =ROW(A112)-(ROW(A$104)) -> 8 | E112: Ungeeignete Hautschutzmittel bei Tätigkeiten mit wässrigen Lösungen. | F112: Bei Tätigkeiten mit wässrigen Lösungen müssen wasserunlösliche Hautschutzmittel eingesetzt werden. Im wesentlichen bei wassergemischten Kühlschmierstoffen, wässrigen Reinigungsmitteln, Säuren, Laugen, Salzlösungen und Zement. | G112: prüfen
B113: 1 | C113: 5 | D113: =ROW(A113)-(ROW(A$104)) -> 9 | E113: Ungeeignete Hautschutzmittel bei Tätigkeiten mit sowohl wasserlöslichen als auch wasserunlöslichen Arbeitsstoffen. | F113: Bei Tätigkeiten mit sowohl wasserlöslichen als auch wasserunlöslichen Arbeitsstoffen sollten breiter wirkende Hautschutzmittel eingesetzt werden. | G113: prüfen
B114: 1 | C114: 5 | D114: =ROW(A114)-(ROW(A$104)) -> 10 | E114: Unverhältnismäßige Reinigungsmittel | F114: Das Reinigungsmittel muss dem Grad der Verschmutzung angepasst sein. Optimum: Ausreichende Reinigungskraft bei maximaler Hautschonung. | G114: prüfen
B115: 1 | C115: 5 | D115: =ROW(A115)-(ROW(A$104)) -> 11 | E115: Unverhältnismäßige Verwendung von Lösemittelhaltige Reinigungsmittel und reibkörperhaltige Handwaschpasten. | F115: Lösemittelhaltige Reinigungsmittel und reibkörperhaltige Handwaschpasten bzw. Grobhandreiniger sollten erst ab einer mittleren bis starken Verschmutzung verwendet werden. | G115: prüfen
B116: 1 | C116: 5 | D116: =ROW(A116)-(ROW(A$104)) -> 12 | E116: Benutzung von scharfkantigen Reibemittel wie Sand, Bürsten und Bimsstein | F116: Auf scharfkantige Reibemittel wie Sand, Bürsten und Bimsstein sollte verzichtet werden. | G116: prüfen
... B125: 1 | C125: 5 | D125: =ROW(A125)-(ROW(A$104)) -> 21 | E125: Nichtbeachtung von zusätzlichen Einflussfaktoren. | F125: Zusätzliche Einflussfaktoren wie z.B. Hitze, körperliche Arbeit, Vorschädigung der Haut, verstärkte Hautgängigkeit durch andere Stoffe (Hautmittel, Chemikalien) müssen beachtet werden . | G125: prüfen
B126: 1.6 | E126: =IF(B126=0,"",VLOOKUP(B126,Daten!$A$2:$B$56,2,FALSE)) -> Schutzleitfaden-130 | F126: =VLOOKUP(E126,Daten!$B$2:$C$56,2,) -> Drucken, Kopieren
B127: 1 | C127: 6 | D127: =ROW(A127)-(ROW(A$126)) -> 1 | E127: Fehlende Unterweisung | F127: Beschäftigte müssen in der praktischen Handhabung von Druckern und Kopierern unterwiesen und mit der Betriebsanleitung vertraut sein. | G127: prüfen
B128: 1 | C128: 6 | D128: =ROW(A128)-(ROW(A$126)) -> 2 | E128: Fehlendes CE-Zeichen und Konformitätserklärung | F128: Drucker und Kopiergeräte müssen ein CE-Zeichen und eine Konformitätserklärung haben. | G128: prüfen
B129: 1 | C129: 6 | D129: =ROW(A129)-(ROW(A$126)) -> 3 | E129: Fehlende Sicherheitsprüfung bei Geräten mit „GS“-Zeichen | F129: Geräte mit einem „GS“-Zeichen (geprüfte Sicherheit) unterliegen zusätzlichen Prüfungen, welche die Sicherheit garantieren. | G129: prüfen
B130: 1 | C130: 6 | D130: =ROW(A130)-(ROW(A$126)) -> 4 | E130: Fehlende Kennzeichnung des Gerätes mit dem „DGUV Test“ Prüfzeichen oder dem Umweltzeichen „Der Blaue Engel“ | F130: Durch Kennzeichnung mit dem „DGUV Test“ Prüfzeichen oder dem Umweltzeichen „Der Blaue Engel“ soll gewährleistet sein , dass Drucker und Kopiergeräte den grundlegenden Sicherheits- und Gesundheits- Anforderungen entsprechen. | G130: prüfen
B131: 1 | C131: 6 | D131: =ROW(A131)-(ROW(A$126)) -> 5 | E131: Mangelhafte Ausstattung ohne Aktivkohlefilter oder einem emissionsarmen Hochspannungsteil | F131: Das Gerät muss mit einem Aktivkohlefilter oder einem emissionsarmen Hochspannungsteil ausgestattet sein. | G131: prüfen
B132: 1 | C132: 6 | D132: =ROW(A132)-(ROW(A$126)) -> 6 | E132: Gesundheitsgefahr bei der Tonernachfüllung | F132: Die Tonernachfüllung muss ohne Hautkontakt oder Einatmen des Pulvers möglich sein. | G132: prüfen
B133: 1 | C133: 6 | D133: =ROW(A133)-(ROW(A$126)) -> 7 | E133: Ungeeignete Nachfüllsysteme | F133: Trocken- oder Flüssigtonerkartuschen sollen Nachfüllsystemen vorgezogen werden. | G133: prüfen
B134: 1 | C134: 6 | D134: =ROW(A134)-(ROW(A$126)) -> 8 | E134: Fehlendes Umweltzeichen bei Mehrwegkartuschen | F134: Wenn Mehrweg-Tonerkartuschen, dann sollten diese mit dem Umweltzeichen „Der Blaue Engel“ gekennzeichnet sein . | G134: prüfen
B135: 1 | C135: 6 | D135: =ROW(A135)-(ROW(A$126)) -> 9 | E135: Fehlende Kennzeichnung von Kopier- und Druckerpapier | F135: Kopier- und Druckerpapier müssen durch die Angabe der Norm DIN EN 12281 „Drucker- und Büropapier – Anforderungen an Kopierpapier für Vervielfältigungen mit Trockentonern“ gekennzeichnet sein . | G135: prüfen
B136: 1 | C136: 6 | D136: =ROW(A136)-(ROW(A$126)) -> 10 | E136: Nichtbestimmung einer gerätekundigen Person. | F136: Für jedes Gerät musst eine gerätekundige Person (ggf. mit Stellvertreter) ausgewählt werden. Sie ist mit der sachgerechten Benutzung, dem Nachfüllen von Toner, der Durchführung von Wartungsarbeiten sowie der Behebung von kleineren Reparaturen vertraut. | G136: prüfen
B137: 1 | C137: 6 | D137: =ROW(A137)-(ROW(A$126)) -> 11 | E137: Fehlen von Dokumenten, wie Bedienungsanleitungen, mitgelieferte Sicherheitsdatenblättern, etc.. | F137: Eine Bedienungsanleitung, mitgelieferte Sicherheitsdatenblätter (Toner, Reinigungsmittel etc.) und ggf. ein Umweltdatenblatt müssen ihr ausgehändigt werden. | G137: prüfen
B138: 1 | C138: 6 | D138: =ROW(A138)-(ROW(A$126)) -> 12 | E138: Fehlende Erreichbarkeitsdaten der gerätekundigen Person. | F138: Die Daten zur Erreichbarkeit der gerätekundigen Person müssen bekannt, oder vorzugsweise auf dem Gerät angegeben sein. | G138: prüfen
... B147: 1 | C147: 6 | D147: =ROW(A147)-(ROW(A$126)) -> 21 | E147: Erschwerte Zugänglichkeit | F147: Um Servicearbeiten an Druckern und Kopiergeräten zu erleichtern, muss eine gute Zugänglichkeit der Geräte gewährleistet sein. | G147: prüfen
B148: 2 | E148: =IF(B148=0,"",VLOOKUP(B148,Daten!$A$2:$B$56,2,FALSE)) -> Maßnahmenstufe 2 | F148: =VLOOKUP(E148,Daten!$B$2:$C$56,2,) -> Emissionsmindernde Maßnahmen
B149: 2.1 | E149: =IF(B149=0,"",VLOOKUP(B149,Daten!$A$2:$B$56,2,FALSE)) -> Schutzleitfaden-200 | F149: =VLOOKUP(E149,Daten!$B$2:$C$56,2,) -> Örtliche Absaugung (Punktabsaugung)
B150: 2 | C150: 1 | D150: =ROW(A150)-(ROW(A$149)) -> 1 | E150: Zu großer Abstand zur Quelle der Emission | F150: Die Absaugung muss so dicht wie möglich an die Quelle der Emission geführt werden, damit Staub oder Dämpfe direkt eingefangen werden können. | G150: prüfen
B151: 2 | C151: 1 | D151: =ROW(A151)-(ROW(A$149)) -> 2 | E151: Unzureichende Umschließung von Emissionsquellen | F151: Die Quelle von Staub oder Dämpfen muss soweit wie möglich umschlossen werden, um deren Ausbreitung zu verhindern. | G151: prüfen
B152: 2 | C152: 1 | D152: =ROW(A152)-(ROW(A$149)) -> 3 | E152: Aufenthalt im verunreinigten Luftstrom | F152: Beschäftigte dürfen sich nicht zwischen Expositionsquelle und Absaugung aufhalten, da sie sich sonst direkt im verunreinigten Luftstrom befinden. | G152: prüfen
B153: 2 | C153: 1 | D153: =ROW(A153)-(ROW(A$149)) -> 4 | E153: Beeinträchtigung der Absaugwirksamkeit durch Zugluft | F153: Der Arbeitsbereich sollte möglichst nicht in der Nähe von Türen, Fenstern und Durchgängen eingerichtet sein, um zu verhindern, dass Zugluft die Wirksamkeit der Absaugung beeinträchtigt. | G153: prüfen
B154: 2 | C154: 1 | D154: =ROW(A154)-(ROW(A$149)) -> 5 | E154: Unzureichende Lüftung im Arbeitsraum | F154: Unbedingt für ausreichende Zuluft im Arbeitsraum sorgen, damit die abgesaugte Luft erneuert wird. | G154: prüfen
B155: 2 | C155: 1 | D155: =ROW(A155)-(ROW(A$149)) -> 6 | E155: Beeinträchtigung der Wirksamkeit durch zu lange oder mit flexiblen Leitungen ausgestatteter Abschnitte der Absaugleitungen | F155: Die Absaugleitungen sollen möglichst kurz und gerade sein. Lange Abschnitte mit flexiblen Leitungen sind zu vermeiden. | G155: prüfen
B156: 2 | C156: 1 | D156: =ROW(A156)-(ROW(A$149)) -> 7 | E156: erschwerte Möglichkeit von Kontrollen der Funktionalität der Absauganlage. | F156: Die Funktion der Absauganlage muss leicht überwacht werden können, z. B. durch Manometer oder Volumenstrommessung. | G156: prüfen
B157: 2 | C157: 1 | D157: =ROW(A157)-(ROW(A$149)) -> 8 | E157: Nichtbeachtung der Emissionsgrenzen laut Bundesimmissionsschutzgesetz (BImSchG) | F157: Für eine Reihe chemischer Stoffe sind durch das Bundesimmissionsschutzgesetz (BImSchG) Emissionsgrenzen festgelegt, so dass eine Reinigung der Abluft notwendig sein kann. | G157: prüfen
B158: 2 | C158: 1 | D158: =ROW(A158)-(ROW(A$149)) -> 9 | E158: Gebrauch von Absaughauben mit geringerem Erfassungsgrad | F158: Offene Erfassungseinrichtungen der Bauart Rohrstutzen mit Flansch bzw. Düsenplatte sind einer Absaughaube vorzuziehen (der Erfassungsgrad ist hierbei bis zu 30 % höher). | G158: prüfen
B159: 2 | C159: 1 | D159: =ROW(A159)-(ROW(A$149)) -> 10 | E159: Fehlerhafte Abführung der abgesaugten Luft. | F159: Die abgesaugte Luft muss an einen sicheren Ort abgeführt werden, keinesfalls in die Nähe von Türen, Fenstern und Lufteinlässen. | G159: prüfen
B160: 2 | C160: 1 | D160: =ROW(A160)-(ROW(A$149)) -> 11 | E160: Ungeeignete Rückzirkulation | F160: Bei Dämpfen ist eine Rückzirkulation der Luft in der Regel nicht zu empfehlen. Bei Staub kann saubere gefilterte Luft wieder in den Arbeitsbereich zurückgeführt werden. | G160: prüfen
B161: 2 | C161: 1 | D161: =ROW(A161)-(ROW(A$149)) -> 12 | E161: Behinderung durch Störströmungen. | F161: Störströmungen sind durch Leitelemente oder Wände von der Erfassungsströmung fernzuhalten. | G161: prüfen
...

Sheet 000
B1: Gefährdungsbeurteilung für Gefahrstoffe nach § 6 GefStoffV, TRGS 400 | F1: Nummer: | G1: 000
B2: =CONCATENATE(Daten!G2," · ",Daten!H2) -> OTH Oberflächentechnik Hagen GmbH & Co. KG · Selbecker Str. 145-149, 58091 Hagen | F2: Stand: | G2: =TODAY() -> 45905
D5: Bearbeiter: | E5: Herr Kim Marius Gräfe (Fachkraft für Arbeitssicherheit)
D6: Verantwortliche Führungskraft: | E6: =CONCATENATE(Daten!G5," (",Daten!H5,")") -> Herr Udo Gensowski (Geschäftsführer)
B8: Allgemeine Angaben
D10: Produktbezeichnung / Handelsname: | E10: =VLOOKUP($G$1,'Übersicht GBU'!A:AB,4,FALSE) -> #N/A
D11: Hersteller / Lieferant: | E11: =VLOOKUP($G$1,'Übersicht GBU'!A:AB,5,FALSE) -> #N/A
D12: Sicherheitsdatenblatt vom: | E12: =VLOOKUP($G$1,'Übersicht GBU'!A:AB,6,FALSE) -> #N/A
D13: Zustandsform: | E13: =CONCATENATE(VLOOKUP($G$1,'Übersicht GBU'!A:AB,7,FALSE),", ",VLOOKUP($G$1,'Übersicht GBU'!A:AB,8,FALSE)," (",VLOOKUP($G$1,'Übersicht GBU'!A:AB,9,FALSE),")") -> #N/A
D14: Einsatzweck / interne Verwendung: | E14: =VLOOKUP($G$1,'Übersicht GBU'!A:AB,10,FALSE) -> #N/A
D16: Beschreibung der Tätigkeit, Häufigkeit der Anwendung, Lager- und Verwendungsmengen am Arbeitsplatz: | E16: Der Gefahrstoff wird zum xxxxx eingesetzt. | G16: Achtung Gefahr
B18: Einstufung und Gefahren / Toxikologie
D20: Kennzeichnung gemäß CLP-VO (EG) 1272/2008: | E20: =VLOOKUP($G$1,'Übersicht GBU'!A:AB,11,FALSE) -> #N/A
D21: H-Sätze [H2XX / H3XX / H4XX / EUHXXX]: | E21: =CONCATENATE(VLOOKUP($G$1,'Übersicht GBU'!A:AB,12,FALSE)," / ",(VLOOKUP($G$1,'Übersicht GBU'!A:AB,13,FALSE))," / ",(VLOOKUP($G$1,'Übersicht GBU'!A:AB,14,FALSE))," / ",(VLOOKUP($G$1,'Übersicht GBU'!A:AB,15,FALSE))) -> #N/A
D22: P-Sätze [P1XX / P2XX / P3XX / P4XX / P5XX]: | E22: =CONCATENATE(VLOOKUP($G$1,'Übersicht GBU'!A:AB,16,FALSE)," / ",(VLOOKUP($G$1,'Übersicht GBU'!A:AB,17,FALSE))," / ",(VLOOKUP($G$1,'Übersicht GBU'!A:AB,18,FALSE))," / ",(VLOOKUP($G$1,'Übersicht GBU'!A:AB,19,FALSE))," / ",(VLOOKUP($G$1,'Übersicht GBU'!A:AB,20,FALSE))) -> #N/A
D23: Tätigkeiten mit geringer Gefährdung (TRGS 400): | E23: =VLOOKUP($G$1,'Übersicht GBU'!A:AB,23,FALSE) -> #N/A
D24: Wassergefährdungsklasse (WGK): | E24: =VLOOKUP(G24,Daten!J2:K6,2,FALSE) -> #N/A | G24: =VLOOKUP($G$1,'Übersicht GBU'!A:AB,22,FALSE) -> #N/A
J25: H400, H410, H411, H412
D26: Arbeitsplatzgrenzwerte (TRGS 900): | E26: =VLOOKUP($G$1,'Übersicht GBU'!A:AB,21,FALSE) -> #N/A
D27: Angaben zu den CMR-Bestandteilen: | E27: =CONCATENATE(VLOOKUP($G$1,'Übersicht GBU'!A:AR,30,FALSE)," (",(VLOOKUP($G$1,'Übersicht GBU'!A:AR,31,FALSE)),"%), ",(VLOOKUP($G$1,'Übersicht GBU'!A:AR,32,FALSE))," / ",(VLOOKUP($G$1,'Übersicht GBU'!A:AR,33,FALSE))," - ",(VLOOKUP($G$1,'Übersicht GBU'!A:AR,34,FALSE))) -> #N/A
E28: =CONCATENATE(VLOOKUP($G$1,'Übersicht GBU'!A:AR,35,FALSE)," (",(VLOOKUP($G$1,'Übersicht GBU'!A:AR,36,FALSE)),"%), ",(VLOOKUP($G$1,'Übersicht GBU'!A:AR,37,FALSE))," / ",(VLOOKUP($G$1,'Übersicht GBU'!A:AR,38,FALSE))," - ",(VLOOKUP($G$1,'Übersicht GBU'!A:AR,39,FALSE))) -> #N/A
B30: Expositionsbeschreibung
D32: Beschreibung von Ausmaß, Art und Dauer der Exposition / Expositionswege: | E32: Die gefahrbringende Komponente ist
B34: Anwendung der Technischen Regeln für Gefahrstoffe (TRGS) | G34: trifft zu
D36: Gefährdungen durch Hautkontakt (TRGS 401): | G36: o
D37: Hautgefährdende Eigenschaften: | G37: o | J37: H314, H315, H317, EUH066, EUH204, EUH205, EUH208
D38: Hautresorptive Eigenschaften: | G38: o | J38: H310, H311, H312, H370, H371, H372, H373
D39: Sonstige hautgefährdende Eigenschaften: | G39: o | J39: wirkt entfettend // Gefahr der Hautresorption
D40: Tätigkeitsbedingte Feuchtarbeit: | G40: o | J40: Kontakt mit wässrigen Flüssigkeiten >2 Std./Tag; Händewaschen >15x/Tag
D41: Verletzung der Haut bei der Tätigkeit: | G41: o | J41: z. B. Schnitte, Stiche, scharfkantige Partikel oder künstliche Mineralfasern
D42: Besondere physikalische Bedingungen: | G42: o | J42: z. B. Hitze, Kälte, UV-Strahlung
D43: Sichtbare Verschmutzung der Haut: | G43: o
D44: Maßnahmenreihe nach EMGK "Hautkontakt": | E44: =CONCATENATE(VLOOKUP($G$1,'Übersicht GBU'!A:AB,26,FALSE)," (",VLOOKUP($G$1,'Übersicht GBU'!A:AB,27,FALSE),")") -> #N/A | G44: o
E45: Die allgemeinen Hautschutz- und Hygienemaßnahmen werden eingehalten. | G45: o | J45: Die allgemeinen Hautschutz- und Hygienemaßnahmen werden eingehalten.
D46: Persönliche Schutzausrüstung: Hand-/ Hautschutz: | E46: Chemikalienbeständige Schutzhandschuhe (EN 374) | G46: o | J46: Chemikalienbeständige Schutzhandschuhe (EN 374)
G47: o | J47: Definition / Typ / Klasse
D49: Gefährdungen durch Einatmen (TRGS 402): | G49: o
D50: Arbeitsplatzmessungen: | G50: o
D51: Nichtmesstechnische Ermittlungsmethoden: | G51: o
D52: Maßnahmenreihe nach EMGK "Einatmen": | E52: =CONCATENATE(VLOOKUP($G$1,'Übersicht GBU'!A:AB,24,FALSE)," (",VLOOKUP($G$1,'Übersicht GBU'!A:AB,25,FALSE),")") -> #N/A | G52: o
G53: o
D54: Persönliche Schutzausrüstung: Atemschutz: | G54: o
D55: Technische Schutzmaßnahmen: | G55: o
G56: o
D58: Brand- und Explosionsgefährdung (TRGS 721): | G58: o | J58: Das Produkt ist nicht brennbar und nicht explosionsgefährlich.
D59: Flammpunkt: | E59: =IF(VLOOKUP($G$1,'Übersicht GBU'!A:DJ,45,FALSE)="k. A.","keine Angabe",CONCATENATE(VLOOKUP($G$1,'Übersicht GBU'!A:DJ,45,FALSE),"°C")) -> #N/A | G59: o
D60: Explosionsgrenzen (UEG / OEG): | E60: =IF(VLOOKUP($G$1,'Übersicht GBU'!A:DJ,46,FALSE)="k. A.","keine Angabe",CONCATENATE(VLOOKUP($G$1,'Übersicht GBU'!A:DJ,46,FALSE)," - ",VLOOKUP($G$1,'Übersicht GBU'!A:DJ,47,FALSE)," Vol.-%")) -> #N/A | G60: o
D61: Wahrscheinlichkeit und Dauer Explosionsgefahr: | G61: o | J61: -
D62: Wirksame Zündquellen: | G62: o | J62: keine Zündquellen vorhanden
D63: Ausmaß der Auswirkungen von Explosionen: | G63: o | J63: -
D64: Explosionsschutzdokument: | G64: o | J64: nicht relevant
D65: Maßnahmenreihe EMGK "Brand und Explosion": | E65: =CONCATENATE(VLOOKUP($G$1,'Übersicht GBU'!A:AC,28,FALSE)," (",VLOOKUP($G$1,'Übersicht GBU'!A:AC,29,FALSE),")") -> #N/A | G65: o
G66: o | J66: Die allgemeinen Brandschutzmaßnahmen werden eingehalten.
D68: Stoffspezifisch "Blei" (TRGS 505): | G68: o | J68: entfällt
D69: Ortsfeste Behälter (TRGS 509): | G69: o | J69: entfällt
D70: Ortsbewegliche Behälter (TRGS 510): | G70: o
D71: Substitution (TRGS 600): | E71: =VLOOKUP($G$1,'Übersicht GBU'!A:AW,49,FALSE) -> #N/A | G71: o
D73: Rettungs- und Erste-Hilfe-Maßnahmen: | J73: Notfallkit für Gefahrstoffkontaminationen, Mitgabe von Informationsmaterial an Rettungsdienst
D75: Sonstige Informationen und Hinweise:
B77: Kap | C77: lfd. Nr | D77: Schutzmaßnahmen und Verhaltensregeln | G77: wirksam
B78: S | D78: Substitution
B79: S | C79: =ROW(A79)-(ROW(A$78)) -> 1 | D79: Aufgrund des technischen Knowhows dieses Produktes ist eine Substitution zurzeit nicht möglich. | G79: o
B80: T | D80: Technische Schutzmaßnahmen
B81: T | C81: =ROW(A81)-(ROW(A$80)) -> 1 | D81: Für ausreichende Raumbelüftung sorgen. | G81: o
B82: T | C82: =ROW(A82)-(ROW(A$80)) -> 2 | D82: Absaugung: Nur bei Rauch, Gas, Dämpfen oder Nebel | G82: o
B83: T | C83: =ROW(A83)-(ROW(A$80)) -> 3 | D83: Staubbildung und Staubablagerung vermeiden. | G83: o
B84: T | C84: =ROW(A84)-(ROW(A$80)) -> 4 | D84: Bei Staubbildung Absaugung vorsehen. | G84: o
B85: T | C85: =ROW(A85)-(ROW(A$80)) -> 5 | D85: Waschgelegenheiten bereithalten. | G85: o
B86: O | D86: Organisatorische Schutzmaßnahmen
B87: O | C87: =ROW(A87)-(ROW(A$86)) -> 1 | D87: Jährliche Unterweisung der Beschäftigten im Umgang mit dem Gefahrstoff durchführen. | G87: o
B88: O | C88: =ROW(A88)-(ROW(A$86)) -> 2 | D88: Betriebsanweisung nach § 14 GefStoffV und TRGS 555 erstellen und kommunizieren. | G88: o
B89: O | C89: =ROW(A89)-(ROW(A$86)) -> 3 | D89: Für Verfügbarkeit von Erste-Hilfe-Material / Augenspülflaschen in der Nähe zum Arbeitsplatz sorgen | G89: o
B90: O | C90: =ROW(A90)-(ROW(A$86)) -> 4 | D90: Zutrittsbeschränkungen zum Arbeitsbereich definieren. | G90: o
B91: P | D91: Personenbezogene Schutzmaßnahmen
B92: P | C92: =ROW(A92)-(ROW(A$91)) -> 1 | D92: Handschutz: Schutzhandschuhe tragen. | G92: o
B93: P | C93: =ROW(A93)-(ROW(A$91)) -> 2 | D93: Hautschutzprodukte bereitstellen und Hautschutzplan visualisieren. | G93: o
B94: P | C94: =ROW(A94)-(ROW(A$91)) -> 3 | D94: Augenschutz: Dichtschließende Schutzbrillen tragen, wenn eine Kontamination der Augen zu erwarten ist. | G94: o
B95: P | C95: =ROW(A95)-(ROW(A$91)) -> 4 | D95: Atemschutz: Partikelfilter Typ P2 tragen, wenn eine Inhalation aufgewirbelter Stäube zu erwarten ist. | G95: o
B96: P | C96: =ROW(A96)-(ROW(A$91)) -> 5 | D96: Bei unzureichender Belüftung geeigneten Atemschutz verwenden. | G96: o
B97: P | C97: =ROW(A97)-(ROW(A$91)) -> 6 | D97: Bei der Verwendung dieses Produkts nicht essen, trinken oder rauchen. | G97: o
B98: P | C98: =ROW(A98)-(ROW(A$91)) -> 7 | D98: Allgemeine Hygienemaßnahmen am Arbeitsplatz einhalten. | G98: o
B99: P | C99: =ROW(A99)-(ROW(A$91)) -> 8 | D99: Vor dem Verlassen des Arbeitsplatzes Hände und andere kontaminierte Körperteile mit Wasser und Seife waschen. | G99: o
B100: P | C100: =ROW(A100)-(ROW(A$91)) -> 9 | D100: Kontaminierte Kleidung und Schutzausrüstung vor Pausen / Arbeitsende ausziehen und waschen. | G100: o
B101: P | C101: =ROW(A101)-(ROW(A$91)) -> 10 | D101: Arbeitsmedizinische Vorsorgeuntersuchungen durchführen. | G101: o
B102: 1 | D102: Brandschutzmaßnahmen
B103: 1 | C103: =ROW(A103)-(ROW(A$102)) -> 1 | D103: Von Zündquellen und heißen Oberflächen fernhalten. | G103: o
B104: 1 | C104: =ROW(A104)-(ROW(A$102)) -> 2 | D104: Kein Feuer und offenes Licht im Arbeitsbereich. | G104: o
B105: 1 | C105: =ROW(A105)-(ROW(A$102)) -> 3 | D105: Ex-Schutz-Dokument erstellen. | G105: o
B106: 2 | D106: Lagerhaltung und Reaktivität
B107: 2 | C107: =ROW(A107)-(ROW(A$106)) -> 1 | D107: Trocken lagern. | G107: o
B108: 2 | C108: =ROW(A108)-(ROW(A$106)) -> 2 | D108: Behälter dicht verschlossen an einem kühlen, trockenen, gut belüfteten Ort aufbewahren. | G108: o
B109: 2 | C109: =ROW(A109)-(ROW(A$106)) -> 3 | D109: Getrennt von anderen Gefahrstoffen lagern. | G109: o
B110: 2 | C110: =ROW(A110)-(ROW(A$106)) -> 4 | D110: Zu vermeidende Bedingungen: Hitze, starke Erwärmung, Feuchtigkeit | G110: o
B111: 3 | D111: Methoden und Material für Rückhaltung und Reinigung
B112: 3 | C112: =ROW(A112)-(ROW(A$111)) -> 1 | D112: Verschüttetes Material mit Staubsauger aufnehmen oder mit Schaufel und Besen o.ä. aufnehmen. | G112: o
B113: 3 | C113: =ROW(A113)-(ROW(A$111)) -> 2 | D113: Staubentwicklung vermeiden. | G113: o
B114: 4 | D114: Umweltschutzmaßnahmen
B115: 4 | C115: =ROW(A115)-(ROW(A$114)) -> 1 | D115: Vermeiden Sie die Freisetzung in die Umwelt vermeiden. | G115: o
B116: 4 | C116: =ROW(A116)-(ROW(A$114)) -> 2 | D116: Nicht in Oberflächengewässer oder Kanalisation gelangen lassen. | G116: o
B117: 5
...

Sheet 085
B1: Gefährdungsbeurteilung für Gefahrstoffe nach § 6 GefStoffV, TRGS 400 | F1: Nummer: | G1: 085
B2: =CONCATENATE(Daten!G2," · ",Daten!H2) -> OTH Oberflächentechnik Hagen GmbH & Co. KG · Selbecker Str. 145-149, 58091 Hagen | F2: Stand: | G2: 45892
D5: Bearbeiter: | E5: Herr Kim Marius Gräfe (Fachkraft für Arbeitssicherheit)
D6: Verantwortliche Führungskraft: | E6: =CONCATENATE(Daten!G5," (",Daten!H5,")") -> Herr Udo Gensowski (Geschäftsführer)
B8: Allgemeine Angaben
D10: Produktbezeichnung / Handelsname: | E10: =VLOOKUP($G$1,'Übersicht GBU'!A:AB,4,FALSE) -> Flußsäure (Flusssäure) 59 %
D11: Hersteller / Lieferant: | E11: =VLOOKUP($G$1,'Übersicht GBU'!A:AB,5,FALSE) -> Richard Steinebach GmbH & Co.KG
D12: Sicherheitsdatenblatt vom: | E12: =VLOOKUP($G$1,'Übersicht GBU'!A:AB,6,FALSE) -> 45204
D13: Zustandsform: | E13: =CONCATENATE(VLOOKUP($G$1,'Übersicht GBU'!A:AB,7,FALSE),", ",VLOOKUP($G$1,'Übersicht GBU'!A:AB,8,FALSE)," (",VLOOKUP($G$1,'Übersicht GBU'!A:AB,9,FALSE),")") -> Flüssigkeit, farblos (Gemisch)
D14: Einsatzweck / interne Verwendung: | E14: =VLOOKUP($G$1,'Übersicht GBU'!A:AB,10,FALSE) -> Beizen
D16: Beschreibung der Tätigkeit, Häufigkeit der Anwendung, Lager- und Verwendungsmengen am Arbeitsplatz: | E16: Der Gefahrstoff wird zum Beizen an der Edelstahlbeizanlage (Automatikanlage) eingesetzt. Hierbei fahren die Trommeln durch einer Eingabe einer Artikelnummer am Anlagenterminal automatisch in die verschiedenen Becken der Anlage. Der Anlagenführer geht regelmäßig in die Anlage während des Betriebs, um mögliche Auffälligkeiten in der Anlage zu beobachten und ggf. zu beheben. Einen direkten Kontakt zur Beize hat der Anlagenführer im Normalbetrieb der Anlage nicht. Die entsprechenden Becken sind abgesaugt. Es werden regelmäßig Zugaben in die Edelstahlbeize gemacht, u.a. Flusssäure. Im Regelfall werden ein bis zwei Liter Flusssäure, max. einmal je Schicht zugeben (Kundenmaterialabhängig). Wird das Kundenmaterial Titan bearbeitet, wird die Titanbeize bei Bedarf mit Flusssäure verstärkt. An der Anlage ist ein Kanister (30 kg) Flussäure als Tagesgebrauch vorhanden. | G16: Gefahr
B18: Einstufung und Gefahren / Toxikologie
D20: Kennzeichnung gemäß CLP-VO (EG) 1272/2008: | E20: =VLOOKUP($G$1,'Übersicht GBU'!A:AB,11,FALSE) -> GHS 05, GHS 06, Gefahr
D21: H-Sätze [H2XX / H3XX / H4XX / EUHXXX]: | E21: =CONCATENATE(VLOOKUP($G$1,'Übersicht GBU'!A:AB,12,FALSE)," / ",(VLOOKUP($G$1,'Übersicht GBU'!A:AB,13,FALSE))," / ",(VLOOKUP($G$1,'Übersicht GBU'!A:AB,14,FALSE))," / ",(VLOOKUP($G$1,'Übersicht GBU'!A:AB,15,FALSE))) -> - / H314, H300+H310+H330 / - / -
D22: P-Sätze [P1XX / P2XX / P3XX / P4XX / P5XX]: | E22: =CONCATENATE(VLOOKUP($G$1,'Übersicht GBU'!A:AB,16,FALSE)," / ",(VLOOKUP($G$1,'Übersicht GBU'!A:AB,17,FALSE))," / ",(VLOOKUP($G$1,'Übersicht GBU'!A:AB,18,FALSE))," / ",(VLOOKUP($G$1,'Übersicht GBU'!A:AB,19,FALSE))," / ",(VLOOKUP($G$1,'Übersicht GBU'!A:AB,20,FALSE))) -> - / - / P301+P310, P303+P361+P353, P305+P351+P338, P320 / P405 / -
D23: Tätigkeiten mit geringer Gefährdung (TRGS 400): | E23: =VLOOKUP($G$1,'Übersicht GBU'!A:AB,23,FALSE) -> Nein, da die Einstufung H314 besteht und ein Hautkontakt nicht ausgeschlossen werden kann.
D24: Wassergefährdungsklasse (WGK): | E24: =VLOOKUP(G24,Daten!J2:K6,2,FALSE) -> WGK 2: wassergefährdend | G24: =VLOOKUP($G$1,'Übersicht GBU'!A:AB,22,FALSE) -> 2
E25: - | J25: H400, H410, H411, H412
D26: Arbeitsplatzgrenzwerte (TRGS 900): | E26: =VLOOKUP($G$1,'Übersicht GBU'!A:AB,21,FALSE) -> Fluorwasserstoffsäure, Flußsäure 71% -75 %
D27: Angaben zu den CMR-Bestandteilen: | E27: =CONCATENATE(VLOOKUP($G$1,'Übersicht GBU'!A:AR,30,FALSE)," (",(VLOOKUP($G$1,'Übersicht GBU'!A:AR,31,FALSE)),"%), ",(VLOOKUP($G$1,'Übersicht GBU'!A:AR,32,FALSE))," / ",(VLOOKUP($G$1,'Übersicht GBU'!A:AR,33,FALSE))," - ",(VLOOKUP($G$1,'Übersicht GBU'!A:AR,34,FALSE))) -> - (0%), - / keine - entfällt
E28: =CONCATENATE(VLOOKUP($G$1,'Übersicht GBU'!A:AR,35,FALSE)," (",(VLOOKUP($G$1,'Übersicht GBU'!A:AR,36,FALSE)),"%), ",(VLOOKUP($G$1,'Übersicht GBU'!A:AR,37,FALSE))," / ",(VLOOKUP($G$1,'Übersicht GBU'!A:AR,38,FALSE))," - ",(VLOOKUP($G$1,'Übersicht GBU'!A:AR,39,FALSE))) -> - (0%), - / keine - entfällt
B30: Expositionsbeschreibung
D32: Beschreibung von Ausmaß, Art und Dauer der Exposition / Expositionswege: | E32: Die gefahrbringende Komponente ist Fluorwasserstoffsäure. - Die Exposition ist über die Aufnahme über die Haut/Schleimhäute oder über die Atemwege möglich. Bei einer 8-Stunden-Schicht ist der Anlagenführer im Regelfall einer Exposition von circa 10 min ausgesetzt.
B34: Anwendung der Technischen Regeln für Gefahrstoffe (TRGS) | G34: trifft zu
D36: Gefährdungen durch Hautkontakt (TRGS 401): | E36: vorhanden (Lebensgefahr bei Hautkontakt) | G36: ý
D37: Hautgefährdende Eigenschaften: | E37: Verursacht schwere Verätzungen der Haut und schwere Augenschäden. | G37: ý | J37: H314, H315, H317, EUH066, EUH204, EUH205, EUH208
D38: Hautresorptive Eigenschaften: | E38: Lebensgefahr bei Hautkontakt. | G38: ý | J38: H310, H311, H312, H370, H371, H372, H373
D39: Sonstige hautgefährdende Eigenschaften: | E39: Gefahr der Hautresorption. | G39: ý | J39: wirkt entfettend // Gefahr der Hautresorption
D40: Tätigkeitsbedingte Feuchtarbeit: | E40: - | G40: þ | J40: Kontakt mit wässrigen Flüssigkeiten >2 Std./Tag; Händewaschen >15x/Tag
D41: Verletzung der Haut bei der Tätigkeit: | E41: - | G41: þ | J41: z. B. Schnitte, Stiche, scharfkantige Partikel oder künstliche Mineralfasern
D42: Besondere physikalische Bedingungen: | E42: - | G42: þ | J42: z. B. Hitze, Kälte, UV-Strahlung
D43: Sichtbare Verschmutzung der Haut: | G43: þ
D44: Maßnahmenreihe nach EMGK "Hautkontakt": | E44: =CONCATENATE(VLOOKUP($G$1,'Übersicht GBU'!A:AB,26,FALSE)," (",VLOOKUP($G$1,'Übersicht GBU'!A:AB,27,FALSE),")") -> Gefährdungsbeurteilung (siehe gefahrstoffspezifische Gefährdungsbeurteilung) | G44: þ
E45: Die allgemeinen Hautschutz- und Hygienemaßnahmen werden eingehalten. | G45: þ | J45: Die allgemeinen Hautschutz- und Hygienemaßnahmen werden eingehalten.
D46: Persönliche Schutzausrüstung: Hand-/ Hautschutz: | E46: Chemikalienbeständige Schutzhandschuhe (EN 374) | G46: þ | J46: Chemikalienbeständige Schutzhandschuhe (EN 374)
G47: o | J47: Definition / Typ / Klasse
D49: Gefährdungen durch Einatmen (TRGS 402): | E49: vorhanden (Lebensgefahr bei Einatmen) | G49: ý
D50: Arbeitsplatzmessungen: | G50: o
D51: Nichtmesstechnische Ermittlungsmethoden: | G51: o
D52: Maßnahmenreihe nach EMGK "Einatmen": | E52: =CONCATENATE(VLOOKUP($G$1,'Übersicht GBU'!A:AB,24,FALSE)," (",VLOOKUP($G$1,'Übersicht GBU'!A:AB,25,FALSE),")") -> Beratung (siehe tätigkeitsspezifische Gefährdungsbeurteilung) | G52: þ
G53: o
D54: Persönliche Schutzausrüstung: Atemschutz: | G54: o
D55: Technische Schutzmaßnahmen: | G55: o
G56: o
D58: Brand- und Explosionsgefährdung (TRGS 721): | E58: Das Produkt ist nicht brennbar und nicht explosionsgefährlich. | G58: þ | J58: Das Produkt ist nicht brennbar und nicht explosionsgefährlich.
D59: Flammpunkt: | E59: =IF(VLOOKUP($G$1,'Übersicht GBU'!A:DJ,45,FALSE)="k. A.","keine Angabe",CONCATENATE(VLOOKUP($G$1,'Übersicht GBU'!A:DJ,45,FALSE),"°C")) -> -°C | G59: þ
D60: Explosionsgrenzen (UEG / OEG): | E60: =IF(VLOOKUP($G$1,'Übersicht GBU'!A:DJ,46,FALSE)="k. A.","keine Angabe",CONCATENATE(VLOOKUP($G$1,'Übersicht GBU'!A:DJ,46,FALSE)," - ",VLOOKUP($G$1,'Übersicht GBU'!A:DJ,47,FALSE)," Vol.-%")) -> - Vol.-% | G60: þ
D61: Wahrscheinlichkeit und Dauer Explosionsgefahr: | E61: - | G61: þ | J61: -
D62: Wirksame Zündquellen: | E62: keine Zündquellen vorhanden | G62: þ | J62: keine Zündquellen vorhanden
D63: Ausmaß der Auswirkungen von Explosionen: | E63: - | G63: þ | J63: -
D64: Explosionsschutzdokument: | E64: nicht relevant | G64: þ | J64: nicht relevant
D65: Maßnahmenreihe EMGK "Brand und Explosion": | E65: =CONCATENATE(VLOOKUP($G$1,'Übersicht GBU'!A:AC,28,FALSE)," (",VLOOKUP($G$1,'Übersicht GBU'!A:AC,29,FALSE),")") -> Schutzleitfaden-PC170 (Brandschutzmaßnahmen) | G65: þ
E66: Die allgemeinen Brandschutzmaßnahmen werden eingehalten. | G66: þ | J66: Die allgemeinen Brandschutzmaßnahmen werden eingehalten.
D68: Stoffspezifisch "Blei" (TRGS 505): | E68: entfällt | G68: þ
D69: Ortsfeste Behälter (TRGS 509): | E69: entfällt | G69: þ
D70: Ortsbewegliche Behälter (TRGS 510): | G70: o
D71: Substitution (TRGS 600): | E71: =VLOOKUP($G$1,'Übersicht GBU'!A:AW,49,FALSE) -> Substitutionen sind im Galvanikbereich nicht zielführend (vgl. ASA vom 05.05.2025) | G71: þ
D74: Rettungs- und Erste-Hilfe-Maßnahmen: | E74: Notfallkit Flußsäure vorhanden. Mitgabe von Informationsmaterial an Rettungsdienst möglich. | J74: Notfallkit für Gefahrstoffkontaminationen, Mitgabe von Informationsmaterial an Rettungsdienst
D76: Sonstige Informationen und Hinweise:
B78: Kap | C78: lfd. Nr | D78: Schutzmaßnahmen und Verhaltensregeln | G78: wirksam
B79: S | D79: Substitution
B80: S | C80: =ROW(A80)-(ROW(A$79)) -> 1 | D80: Aufgrund des technischen Knowhows dieses Produktes ist eine Substitution zurzeit nicht möglich. | G80: þ
B81: T | D81: Technische Schutzmaßnahmen
B82: T | C82: =ROW(A82)-(ROW(A$81)) -> 1 | D82: Für ausreichende Raumbelüftung sorgen. | G82: þ
B83: T | C83: =ROW(A83)-(ROW(A$81)) -> 2 | D83: Absaugung: Nur bei Rauch, Gas, Dämpfen oder Nebel | G83: þ
B84: T | C84: =ROW(A84)-(ROW(A$81)) -> 3 | D84: Staubbildung und Staubablagerung vermeiden. | G84: o
B85: T | C85: =ROW(A85)-(ROW(A$81)) -> 4 | D85: Bei Staubbildung Absaugung vorsehen. | G85: o
B86: T | C86: =ROW(A86)-(ROW(A$81)) -> 5 | D86: Waschgelegenheiten bereithalten. | G86: o
B87: O | D87: Organisatorische Schutzmaßnahmen
B88: O | C88: =ROW(A88)-(ROW(A$87)) -> 1 | D88: Jährliche Unterweisung der Beschäftigten im Umgang mit dem Gefahrstoff durchführen. | G88: þ
B89: O | C89: =ROW(A89)-(ROW(A$87)) -> 2 | D89: Betriebsanweisung nach § 14 GefStoffV und TRGS 555 erstellen und kommunizieren. | G89: þ
B90: O | C90: =ROW(A90)-(ROW(A$87)) -> 3 | D90: Für Verfügbarkeit von Erste-Hilfe-Material / Augenspülflaschen in der Nähe zum Arbeitsplatz sorgen | G90: þ
B91: O | C91: =ROW(A91)-(ROW(A$87)) -> 4 | D91: Zutrittsbeschränkungen zum Arbeitsbereich definieren. | G91: þ
B92: P | D92: Personenbezogene Schutzmaßnahmen
B93: P | C93: =ROW(A93)-(ROW(A$92)) -> 1 | D93: Handschutz: Schutzhandschuhe tragen. | G93: þ
B94: P | C94: =ROW(A94)-(ROW(A$92)) -> 2 | D94: Hautschutzprodukte bereitstellen und Hautschutzplan visualisieren. | G94: þ
B95: P | C95: =ROW(A95)-(ROW(A$92)) -> 3 | D95: Augenschutz: Dichtschließende Schutzbrillen tragen, wenn eine Kontamination der Augen zu erwarten ist. | G95: þ
B96: P | C96: =ROW(A96)-(ROW(A$92)) -> 4 | D96: Atemschutz: Partikelfilter Typ P2 tragen, wenn eine Inhalation aufgewirbelter Stäube zu erwarten ist. | G96: o
B97: P | C97: =ROW(A97)-(ROW(A$92)) -> 5 | D97: Bei unzureichender Belüftung geeigneten Atemschutz verwenden. | G97: o
B98: P | C98: =ROW(A98)-(ROW(A$92)) -> 6 | D98: Bei der Verwendung dieses Produkts nicht essen, trinken oder rauchen. | G98: þ
B99: P | C99: =ROW(A99)-(ROW(A$92)) -> 7 | D99: Allgemeine Hygienemaßnahmen am Arbeitsplatz einhalten. | G99: þ
B100: P | C100: =ROW(A100)-(ROW(A$92)) -> 8 | D100: Vor dem Verlassen des Arbeitsplatzes Hände und andere kontaminierte Körperteile mit Wasser und Seife waschen. | G100: þ
B101: P | C101: =ROW(A101)-(ROW(A$92)) -> 9 | D101: Kontaminierte Kleidung und Schutzausrüstung vor Pausen / Arbeitsende ausziehen und waschen. | G101: o
B102: P | C102: =ROW(A102)-(ROW(A$92)) -> 10 | D102: Arbeitsmedizinische Vorsorgeuntersuchungen durchführen. | G102: þ
B103: 1 | D103: Brandschutzmaßnahmen
B104: 1 | C104: =ROW(A104)-(ROW(A$103)) -> 1 | D104: Von Zündquellen und heißen Oberflächen fernhalten. | G104: o
B105: 1 | C105: =ROW(A105)-(ROW(A$103)) -> 2 | D105: Kein Feuer und offenes Licht im Arbeitsbereich. | G105: o
B106: 1 | C106: =ROW(A106)-(ROW(A$103)) -> 3 | D106: Ex-Schutz-Dokument erstellen. | G106: o
B107: 2 | D107: Lagerhaltung und Reaktivität
B108: 2 | C108: =ROW(A108)-(ROW(A$107)) -> 1 | D108: Trocken lagern. | G108: o
B109: 2 | C109: =ROW(A109)-(ROW(A$107)) -> 2 | D109: Behälter dicht verschlossen an einem kühlen, trockenen, gut belüfteten Ort aufbewahren. | G109: o
B110: 2 | C110: =ROW(A110)-(ROW(A$107)) -> 3 | D110: Getrennt von anderen Gefahrstoffen lagern. | G110: o
B111: 2 | C111: =ROW(A111)-(ROW(A$107)) -> 4 | D111: Zu vermeidende Bedingungen: Hitze, starke Erwärmung, Feuchtigkeit | G111: o
B112: 3 | D112: Methoden und Material für Rückhaltung und Reinigung
B113: 3 | C113: =ROW(A113)-(ROW(A$112)) -> 1 | D113: Verschüttetes Material mit Staubsauger aufnehmen oder mit Schaufel und Besen o.ä. aufnehmen. | G113: o
B114: 3 | C114: =ROW(A114)-(ROW(A$112)) -> 2 | D114: Staubentwicklung vermeiden. | G114: o
B115: 4 | D115: Umweltschutzmaßnahmen
B116: 4 | C116: =ROW(A116)-(ROW(A$115)) -> 1 | D116: Vermeiden Sie die Freisetzung in die Umwelt vermeiden. | G116: þ
B117: 4 | C117: =ROW(A117)-(ROW(A$115)) -> 2 | D117: Nicht in Oberflächengewässer oder Kanalisation gelangen lassen. | G117: þ
B118: 5
...

Sheet 090
B1: Gefährdungsbeurteilung für Gefahrstoffe nach § 6 GefStoffV, TRGS 400 | F1: Nummer: | G1: 090
B2: =CONCATENATE(Daten!G2," · ",Daten!H2) -> OTH Oberflächentechnik Hagen GmbH & Co. KG · Selbecker Str. 145-149, 58091 Hagen | F2: Stand: | G2: =TODAY() -> 45905
D5: Bearbeiter: | E5: Herr Kim Marius Gräfe (Fachkraft für Arbeitssicherheit)
D6: Verantwortliche Führungskraft: | E6: =CONCATENATE(Daten!G5," (",Daten!H5,")") -> Herr Udo Gensowski (Geschäftsführer)
B8: Allgemeine Angaben
D10: Produktbezeichnung / Handelsname: | E10: =VLOOKUP($G$1,'Übersicht GBU'!A:AB,4,FALSE) -> Salpetersäure 51/53%
D11: Hersteller / Lieferant: | E11: =VLOOKUP($G$1,'Übersicht GBU'!A:AB,5,FALSE) -> Richard Steinebach GmbH & Co.KG
D12: Sicherheitsdatenblatt vom: | E12: =VLOOKUP($G$1,'Übersicht GBU'!A:AB,6,FALSE) -> 45222
D13: Zustandsform: | E13: =CONCATENATE(VLOOKUP($G$1,'Übersicht GBU'!A:AB,7,FALSE),", ",VLOOKUP($G$1,'Übersicht GBU'!A:AB,8,FALSE)," (",VLOOKUP($G$1,'Übersicht GBU'!A:AB,9,FALSE),")") -> Flüssigkeit, farblos (Gemisch)
D14: Einsatzweck / interne Verwendung: | E14: =VLOOKUP($G$1,'Übersicht GBU'!A:AB,10,FALSE) -> Beizen
D16: Beschreibung der Tätigkeit, Häufigkeit der Anwendung, Lager- und Verwendungsmengen am Arbeitsplatz: | E16: Der Gefahrstoff wird zum xxxxx eingesetzt. | G16: Gefahr
B18: Einstufung und Gefahren / Toxikologie
D20: Kennzeichnung gemäß CLP-VO (EG) 1272/2008: | E20: =VLOOKUP($G$1,'Übersicht GBU'!A:AB,11,FALSE) -> GHS 05, GHS 06, Gefahr
D21: H-Sätze [H2XX / H3XX / H4XX / EUHXXX]: | E21: =CONCATENATE(VLOOKUP($G$1,'Übersicht GBU'!A:AB,12,FALSE)," / ",(VLOOKUP($G$1,'Übersicht GBU'!A:AB,13,FALSE))," / ",(VLOOKUP($G$1,'Übersicht GBU'!A:AB,14,FALSE))," / ",(VLOOKUP($G$1,'Übersicht GBU'!A:AB,15,FALSE))) -> H290 / H314, H331 / - / -
D22: P-Sätze [P1XX / P2XX / P3XX / P4XX / P5XX]: | E22: =CONCATENATE(VLOOKUP($G$1,'Übersicht GBU'!A:AB,16,FALSE)," / ",(VLOOKUP($G$1,'Übersicht GBU'!A:AB,17,FALSE))," / ",(VLOOKUP($G$1,'Übersicht GBU'!A:AB,18,FALSE))," / ",(VLOOKUP($G$1,'Übersicht GBU'!A:AB,19,FALSE))," / ",(VLOOKUP($G$1,'Übersicht GBU'!A:AB,20,FALSE))) -> - / P260 / P303+P361+P353, P305+P351+P338, P310 / P405 / -
D23: Tätigkeiten mit geringer Gefährdung (TRGS 400): | E23: =VLOOKUP($G$1,'Übersicht GBU'!A:AB,23,FALSE) -> Nein, da die Einstufung H314 besteht und ein Hautkontakt nicht ausgeschlossen werden kann.
D24: Wassergefährdungsklasse (WGK): | E24: =VLOOKUP(G24,Daten!J2:K6,2,FALSE) -> WGK 1: schwach wassergefährdend | G24: =VLOOKUP($G$1,'Übersicht GBU'!A:AB,22,FALSE) -> 1
J25: H400, H410, H411, H412
D26: Arbeitsplatzgrenzwerte (TRGS 900): | E26: =VLOOKUP($G$1,'Übersicht GBU'!A:AB,21,FALSE) -> Salpetersäure 100 %
D27: Angaben zu den CMR-Bestandteilen: | E27: =CONCATENATE(VLOOKUP($G$1,'Übersicht GBU'!A:AR,30,FALSE)," (",(VLOOKUP($G$1,'Übersicht GBU'!A:AR,31,FALSE)),"%), ",(VLOOKUP($G$1,'Übersicht GBU'!A:AR,32,FALSE))," / ",(VLOOKUP($G$1,'Übersicht GBU'!A:AR,33,FALSE))," - ",(VLOOKUP($G$1,'Übersicht GBU'!A:AR,34,FALSE))) -> - (0%), - / keine - entfällt
E28: =CONCATENATE(VLOOKUP($G$1,'Übersicht GBU'!A:AR,35,FALSE)," (",(VLOOKUP($G$1,'Übersicht GBU'!A:AR,36,FALSE)),"%), ",(VLOOKUP($G$1,'Übersicht GBU'!A:AR,37,FALSE))," / ",(VLOOKUP($G$1,'Übersicht GBU'!A:AR,38,FALSE))," - ",(VLOOKUP($G$1,'Übersicht GBU'!A:AR,39,FALSE))) -> - (0%), - / keine - entfällt
B30: Expositionsbeschreibung
D32: Beschreibung von Ausmaß, Art und Dauer der Exposition / Expositionswege: | E32: Die gefahrbringende Komponente ist
B34: Anwendung der Technischen Regeln für Gefahrstoffe (TRGS) | G34: trifft zu
D36: Gefährdungen durch Hautkontakt (TRGS 401): | G36: o
D37: Hautgefährdende Eigenschaften: | G37: o | J37: H314, H315, H317, EUH066, EUH204, EUH205, EUH208
D38: Hautresorptive Eigenschaften: | G38: o | J38: H310, H311, H312, H370, H371, H372, H373
D39: Sonstige hautgefährdende Eigenschaften: | G39: o | J39: wirkt entfettend // Gefahr der Hautresorption
D40: Tätigkeitsbedingte Feuchtarbeit: | G40: o | J40: Kontakt mit wässrigen Flüssigkeiten >2 Std./Tag; Händewaschen >15x/Tag
D41: Verletzung der Haut bei der Tätigkeit: | G41: o | J41: z. B. Schnitte, Stiche, scharfkantige Partikel oder künstliche Mineralfasern
D42: Besondere physikalische Bedingungen: | G42: o | J42: z. B. Hitze, Kälte, UV-Strahlung
D43: Sichtbare Verschmutzung der Haut: | G43: o
D44: Maßnahmenreihe nach EMGK "Hautkontakt": | E44: =CONCATENATE(VLOOKUP($G$1,'Übersicht GBU'!A:AB,26,FALSE)," (",VLOOKUP($G$1,'Übersicht GBU'!A:AB,27,FALSE),")") -> Gefährdungsbeurteilung (siehe gefahrstoffspezifische Gefährdungsbeurteilung) | G44: o
E45: Die allgemeinen Hautschutz- und Hygienemaßnahmen werden eingehalten. | G45: o | J45: Die allgemeinen Hautschutz- und Hygienemaßnahmen werden eingehalten.
D46: Persönliche Schutzausrüstung: Hand-/ Hautschutz: | E46: Chemikalienbeständige Schutzhandschuhe (EN 374) | G46: o | J46: Chemikalienbeständige Schutzhandschuhe (EN 374)
G47: o | J47: Definition / Typ / Klasse
D49: Gefährdungen durch Einatmen (TRGS 402): | G49: o
D50: Arbeitsplatzmessungen: | G50: o
D51: Nichtmesstechnische Ermittlungsmethoden: | G51: o
D52: Maßnahmenreihe nach EMGK "Einatmen": | E52: =CONCATENATE(VLOOKUP($G$1,'Übersicht GBU'!A:AB,24,FALSE)," (",VLOOKUP($G$1,'Übersicht GBU'!A:AB,25,FALSE),")") -> Schutzleitfaden-300 (Geschlossenes System) | G52: o
G53: o
D54: Persönliche Schutzausrüstung: Atemschutz: | G54: o
D55: Technische Schutzmaßnahmen: | G55: o
G56: o
D58: Brand- und Explosionsgefährdung (TRGS 721): | G58: o | J58: Das Produkt ist nicht brennbar und nicht explosionsgefährlich.
D59: Flammpunkt: | E59: =IF(VLOOKUP($G$1,'Übersicht GBU'!A:DJ,45,FALSE)="k. A.","keine Angabe",CONCATENATE(VLOOKUP($G$1,'Übersicht GBU'!A:DJ,45,FALSE),"°C")) -> -°C | G59: o
D60: Explosionsgrenzen (UEG / OEG): | E60: =IF(VLOOKUP($G$1,'Übersicht GBU'!A:DJ,46,FALSE)="k. A.","keine Angabe",CONCATENATE(VLOOKUP($G$1,'Übersicht GBU'!A:DJ,46,FALSE)," - ",VLOOKUP($G$1,'Übersicht GBU'!A:DJ,47,FALSE)," Vol.-%")) -> - Vol.-% | G60: o
D61: Wahrscheinlichkeit und Dauer Explosionsgefahr: | G61: o | J61: -
D62: Wirksame Zündquellen: | G62: o | J62: keine Zündquellen vorhanden
D63: Ausmaß der Auswirkungen von Explosionen: | G63: o | J63: -
D64: Explosionsschutzdokument: | G64: o | J64: nicht relevant
D65: Maßnahmenreihe EMGK "Brand und Explosion": | E65: =CONCATENATE(VLOOKUP($G$1,'Übersicht GBU'!A:AC,28,FALSE)," (",VLOOKUP($G$1,'Übersicht GBU'!A:AC,29,FALSE),")") -> Schutzleitfaden-PC270 (Grundanforderungen bei erhöhter Brandgefährdung) | G65: o
G66: o | J66: Die allgemeinen Brandschutzmaßnahmen werden eingehalten.
D68: Stoffspezifisch "Blei" (TRGS 505): | G68: o | J68: entfällt
D69: Ortsfeste Behälter (TRGS 509): | G69: o | J69: entfällt
D70: Ortsbewegliche Behälter (TRGS 510): | G70: o
D71: Substitution (TRGS 600): | E71: =VLOOKUP($G$1,'Übersicht GBU'!A:AW,49,FALSE) -> Substitutionen sind im Galvanikbereich nicht zielführend (vgl. ASA vom 05.05.2025) | G71: o
D73: Rettungs- und Erste-Hilfe-Maßnahmen: | J73: Notfallkit für Gefahrstoffkontaminationen, Mitgabe von Informationsmaterial an Rettungsdienst
D75: Sonstige Informationen und Hinweise:
B77: Kap | C77: lfd. Nr | D77: Schutzmaßnahmen und Verhaltensregeln | G77: wirksam
B78: S | D78: Substitution
B79: S | C79: =ROW(A79)-(ROW(A$78)) -> 1 | D79: Aufgrund des technischen Knowhows dieses Produktes ist eine Substitution zurzeit nicht möglich. | G79: o
B80: T | D80: Technische Schutzmaßnahmen
B81: T | C81: =ROW(A81)-(ROW(A$80)) -> 1 | D81: Für ausreichende Raumbelüftung sorgen. | G81: o
B82: T | C82: =ROW(A82)-(ROW(A$80)) -> 2 | D82: Absaugung: Nur bei Rauch, Gas, Dämpfen oder Nebel | G82: o
B83: T | C83: =ROW(A83)-(ROW(A$80)) -> 3 | D83: Staubbildung und Staubablagerung vermeiden. | G83: o
B84: T | C84: =ROW(A84)-(ROW(A$80)) -> 4 | D84: Bei Staubbildung Absaugung vorsehen. | G84: o
B85: T | C85: =ROW(A85)-(ROW(A$80)) -> 5 | D85: Waschgelegenheiten bereithalten. | G85: o
B86: O | D86: Organisatorische Schutzmaßnahmen
B87: O | C87: =ROW(A87)-(ROW(A$86)) -> 1 | D87: Jährliche Unterweisung der Beschäftigten im Umgang mit dem Gefahrstoff durchführen. | G87: o
B88: O | C88: =ROW(A88)-(ROW(A$86)) -> 2 | D88: Betriebsanweisung nach § 14 GefStoffV und TRGS 555 erstellen und kommunizieren. | G88: o
B89: O | C89: =ROW(A89)-(ROW(A$86)) -> 3 | D89: Für Verfügbarkeit von Erste-Hilfe-Material / Augenspülflaschen in der Nähe zum Arbeitsplatz sorgen | G89: o
B90: O | C90: =ROW(A90)-(ROW(A$86)) -> 4 | D90: Zutrittsbeschränkungen zum Arbeitsbereich definieren. | G90: o
B91: P | D91: Personenbezogene Schutzmaßnahmen
B92: P | C92: =ROW(A92)-(ROW(A$91)) -> 1 | D92: Handschutz: Schutzhandschuhe tragen. | G92: o
B93: P | C93: =ROW(A93)-(ROW(A$91)) -> 2 | D93: Hautschutzprodukte bereitstellen und Hautschutzplan visualisieren. | G93: o
B94: P | C94: =ROW(A94)-(ROW(A$91)) -> 3 | D94: Augenschutz: Dichtschließende Schutzbrillen tragen, wenn eine Kontamination der Augen zu erwarten ist. | G94: o
B95: P | C95: =ROW(A95)-(ROW(A$91)) -> 4 | D95: Atemschutz: Partikelfilter Typ P2 tragen, wenn eine Inhalation aufgewirbelter Stäube zu erwarten ist. | G95: o
B96: P | C96: =ROW(A96)-(ROW(A$91)) -> 5 | D96: Bei unzureichender Belüftung geeigneten Atemschutz verwenden. | G96: o
B97: P | C97: =ROW(A97)-(ROW(A$91)) -> 6 | D97: Bei der Verwendung dieses Produkts nicht essen, trinken oder rauchen. | G97: o
B98: P | C98: =ROW(A98)-(ROW(A$91)) -> 7 | D98: Allgemeine Hygienemaßnahmen am Arbeitsplatz einhalten. | G98: o
B99: P | C99: =ROW(A99)-(ROW(A$91)) -> 8 | D99: Vor dem Verlassen des Arbeitsplatzes Hände und andere kontaminierte Körperteile mit Wasser und Seife waschen. | G99: o
B100: P | C100: =ROW(A100)-(ROW(A$91)) -> 9 | D100: Kontaminierte Kleidung und Schutzausrüstung vor Pausen / Arbeitsende ausziehen und waschen. | G100: o
B101: P | C101: =ROW(A101)-(ROW(A$91)) -> 10 | D101: Arbeitsmedizinische Vorsorgeuntersuchungen durchführen. | G101: o
B102: 1 | D102: Brandschutzmaßnahmen
B103: 1 | C103: =ROW(A103)-(ROW(A$102)) -> 1 | D103: Von Zündquellen und heißen Oberflächen fernhalten. | G103: o
B104: 1 | C104: =ROW(A104)-(ROW(A$102)) -> 2 | D104: Kein Feuer und offenes Licht im Arbeitsbereich. | G104: o
B105: 1 | C105: =ROW(A105)-(ROW(A$102)) -> 3 | D105: Ex-Schutz-Dokument erstellen. | G105: o
B106: 2 | D106: Lagerhaltung und Reaktivität
B107: 2 | C107: =ROW(A107)-(ROW(A$106)) -> 1 | D107: Trocken lagern. | G107: o
B108: 2 | C108: =ROW(A108)-(ROW(A$106)) -> 2 | D108: Behälter dicht verschlossen an einem kühlen, trockenen, gut belüfteten Ort aufbewahren. | G108: o
B109: 2 | C109: =ROW(A109)-(ROW(A$106)) -> 3 | D109: Getrennt von anderen Gefahrstoffen lagern. | G109: o
B110: 2 | C110: =ROW(A110)-(ROW(A$106)) -> 4 | D110: Zu vermeidende Bedingungen: Hitze, starke Erwärmung, Feuchtigkeit | G110: o
B111: 3 | D111: Methoden und Material für Rückhaltung und Reinigung
B112: 3 | C112: =ROW(A112)-(ROW(A$111)) -> 1 | D112: Verschüttetes Material mit Staubsauger aufnehmen oder mit Schaufel und Besen o.ä. aufnehmen. | G112: o
B113: 3 | C113: =ROW(A113)-(ROW(A$111)) -> 2 | D113: Staubentwicklung vermeiden. | G113: o
B114: 4 | D114: Umweltschutzmaßnahmen
B115: 4 | C115: =ROW(A115)-(ROW(A$114)) -> 1 | D115: Vermeiden Sie die Freisetzung in die Umwelt vermeiden. | G115: o
B116: 4 | C116: =ROW(A116)-(ROW(A$114)) -> 2 | D116: Nicht in Oberflächengewässer oder Kanalisation gelangen lassen. | G116: o
B117: 5
...

Sheet 091
B1: Gefährdungsbeurteilung für Gefahrstoffe nach § 6 GefStoffV, TRGS 400 | F1: Nummer: | G1: 091
B2: =CONCATENATE(Daten!G2," · ",Daten!H2) -> OTH Oberflächentechnik Hagen GmbH & Co. KG · Selbecker Str. 145-149, 58091 Hagen | F2: Stand: | G2: =TODAY() -> 45905
D5: Bearbeiter: | E5: Herr Kim Marius Gräfe (Fachkraft für Arbeitssicherheit)
D6: Verantwortliche Führungskraft: | E6: =CONCATENATE(Daten!G5," (",Daten!H5,")") -> Herr Udo Gensowski (Geschäftsführer)
B8: Allgemeine Angaben
D10: Produktbezeichnung / Handelsname: | E10: =VLOOKUP($G$1,'Übersicht GBU'!A:AB,4,FALSE) -> Salzsäure 30%
D11: Hersteller / Lieferant: | E11: =VLOOKUP($G$1,'Übersicht GBU'!A:AB,5,FALSE) -> Covestro Deutschland AG
D12: Sicherheitsdatenblatt vom: | E12: =VLOOKUP($G$1,'Übersicht GBU'!A:AB,6,FALSE) -> 43008
D13: Zustandsform: | E13: =CONCATENATE(VLOOKUP($G$1,'Übersicht GBU'!A:AB,7,FALSE),", ",VLOOKUP($G$1,'Übersicht GBU'!A:AB,8,FALSE)," (",VLOOKUP($G$1,'Übersicht GBU'!A:AB,9,FALSE),")") -> Flüssigkeit, gelblich (Stoff)
D14: Einsatzweck / interne Verwendung: | E14: =VLOOKUP($G$1,'Übersicht GBU'!A:AB,10,FALSE) -> Beizen
D16: Beschreibung der Tätigkeit, Häufigkeit der Anwendung, Lager- und Verwendungsmengen am Arbeitsplatz: | E16: Der Gefahrstoff wird zum xxxxx eingesetzt. | G16: Gefahr
B18: Einstufung und Gefahren / Toxikologie
D20: Kennzeichnung gemäß CLP-VO (EG) 1272/2008: | E20: =VLOOKUP($G$1,'Übersicht GBU'!A:AB,11,FALSE) -> GHS 05, GHS 07, Gefahr
D21: H-Sätze [H2XX / H3XX / H4XX / EUHXXX]: | E21: =CONCATENATE(VLOOKUP($G$1,'Übersicht GBU'!A:AB,12,FALSE)," / ",(VLOOKUP($G$1,'Übersicht GBU'!A:AB,13,FALSE))," / ",(VLOOKUP($G$1,'Übersicht GBU'!A:AB,14,FALSE))," / ",(VLOOKUP($G$1,'Übersicht GBU'!A:AB,15,FALSE))) -> H290 / H314, H335 / - / -
D22: P-Sätze [P1XX / P2XX / P3XX / P4XX / P5XX]: | E22: =CONCATENATE(VLOOKUP($G$1,'Übersicht GBU'!A:AB,16,FALSE)," / ",(VLOOKUP($G$1,'Übersicht GBU'!A:AB,17,FALSE))," / ",(VLOOKUP($G$1,'Übersicht GBU'!A:AB,18,FALSE))," / ",(VLOOKUP($G$1,'Übersicht GBU'!A:AB,19,FALSE))," / ",(VLOOKUP($G$1,'Übersicht GBU'!A:AB,20,FALSE))) -> - / P261, P280 / P301 + P330 + P331, P303 + P361 + P353, P304 + P340 + P310, P305 + P351 + P338 + P310 / - / -
D23: Tätigkeiten mit geringer Gefährdung (TRGS 400): | E23: =VLOOKUP($G$1,'Übersicht GBU'!A:AB,23,FALSE) -> Nein, da die Einstufung H314 besteht und ein Hautkontakt nicht ausgeschlossen werden kann.
D24: Wassergefährdungsklasse (WGK): | E24: =VLOOKUP(G24,Daten!J2:K6,2,FALSE) -> WGK 1: schwach wassergefährdend | G24: =VLOOKUP($G$1,'Übersicht GBU'!A:AB,22,FALSE) -> 1
J25: H400, H410, H411, H412
D26: Arbeitsplatzgrenzwerte (TRGS 900): | E26: =VLOOKUP($G$1,'Übersicht GBU'!A:AB,21,FALSE) -> Chlorwasserstoff,
D27: Angaben zu den CMR-Bestandteilen: | E27: =CONCATENATE(VLOOKUP($G$1,'Übersicht GBU'!A:AR,30,FALSE)," (",(VLOOKUP($G$1,'Übersicht GBU'!A:AR,31,FALSE)),"%), ",(VLOOKUP($G$1,'Übersicht GBU'!A:AR,32,FALSE))," / ",(VLOOKUP($G$1,'Übersicht GBU'!A:AR,33,FALSE))," - ",(VLOOKUP($G$1,'Übersicht GBU'!A:AR,34,FALSE))) -> - (0%), - / keine - entfällt
E28: =CONCATENATE(VLOOKUP($G$1,'Übersicht GBU'!A:AR,35,FALSE)," (",(VLOOKUP($G$1,'Übersicht GBU'!A:AR,36,FALSE)),"%), ",(VLOOKUP($G$1,'Übersicht GBU'!A:AR,37,FALSE))," / ",(VLOOKUP($G$1,'Übersicht GBU'!A:AR,38,FALSE))," - ",(VLOOKUP($G$1,'Übersicht GBU'!A:AR,39,FALSE))) -> - (0%), - / keine - entfällt
B30: Expositionsbeschreibung
D32: Beschreibung von Ausmaß, Art und Dauer der Exposition / Expositionswege: | E32: Die gefahrbringende Komponente ist
B34: Anwendung der Technischen Regeln für Gefahrstoffe (TRGS) | G34: trifft zu
D36: Gefährdungen durch Hautkontakt (TRGS 401): | G36: o
D37: Hautgefährdende Eigenschaften: | G37: o | J37: H314, H315, H317, EUH066, EUH204, EUH205, EUH208
D38: Hautresorptive Eigenschaften: | G38: o | J38: H310, H311, H312, H370, H371, H372, H373
D39: Sonstige hautgefährdende Eigenschaften: | G39: o | J39: wirkt entfettend // Gefahr der Hautresorption
D40: Tätigkeitsbedingte Feuchtarbeit: | G40: o | J40: Kontakt mit wässrigen Flüssigkeiten >2 Std./Tag; Händewaschen >15x/Tag
D41: Verletzung der Haut bei der Tätigkeit: | G41: o | J41: z. B. Schnitte, Stiche, scharfkantige Partikel oder künstliche Mineralfasern
D42: Besondere physikalische Bedingungen: | G42: o | J42: z. B. Hitze, Kälte, UV-Strahlung
D43: Sichtbare Verschmutzung der Haut: | G43: o
D44: Maßnahmenreihe nach EMGK "Hautkontakt": | E44: =CONCATENATE(VLOOKUP($G$1,'Übersicht GBU'!A:AB,26,FALSE)," (",VLOOKUP($G$1,'Übersicht GBU'!A:AB,27,FALSE),")") -> Gefährdungsbeurteilung (siehe gefahrstoffspezifische Gefährdungsbeurteilung) | G44: o
E45: Die allgemeinen Hautschutz- und Hygienemaßnahmen werden eingehalten. | G45: o | J45: Die allgemeinen Hautschutz- und Hygienemaßnahmen werden eingehalten.
D46: Persönliche Schutzausrüstung: Hand-/ Hautschutz: | E46: Chemikalienbeständige Schutzhandschuhe (EN 374) | G46: o | J46: Chemikalienbeständige Schutzhandschuhe (EN 374)
G47: o | J47: Definition / Typ / Klasse
D49: Gefährdungen durch Einatmen (TRGS 402): | G49: o
D50: Arbeitsplatzmessungen: | G50: o
D51: Nichtmesstechnische Ermittlungsmethoden: | G51: o
D52: Maßnahmenreihe nach EMGK "Einatmen": | E52: =CONCATENATE(VLOOKUP($G$1,'Übersicht GBU'!A:AB,24,FALSE)," (",VLOOKUP($G$1,'Übersicht GBU'!A:AB,25,FALSE),")") -> Schutzleitfaden-300 (Geschlossenes System) | G52: o
G53: o
D54: Persönliche Schutzausrüstung: Atemschutz: | G54: o
D55: Technische Schutzmaßnahmen: | G55: o
G56: o
D58: Brand- und Explosionsgefährdung (TRGS 721): | G58: o | J58: Das Produkt ist nicht brennbar und nicht explosionsgefährlich.
D59: Flammpunkt: | E59: =IF(VLOOKUP($G$1,'Übersicht GBU'!A:DJ,45,FALSE)="k. A.","keine Angabe",CONCATENATE(VLOOKUP($G$1,'Übersicht GBU'!A:DJ,45,FALSE),"°C")) -> -°C | G59: o
D60: Explosionsgrenzen (UEG / OEG): | E60: =IF(VLOOKUP($G$1,'Übersicht GBU'!A:DJ,46,FALSE)="k. A.","keine Angabe",CONCATENATE(VLOOKUP($G$1,'Übersicht GBU'!A:DJ,46,FALSE)," - ",VLOOKUP($G$1,'Übersicht GBU'!A:DJ,47,FALSE)," Vol.-%")) -> - Vol.-% | G60: o
D61: Wahrscheinlichkeit und Dauer Explosionsgefahr: | G61: o | J61: -
D62: Wirksame Zündquellen: | G62: o | J62: keine Zündquellen vorhanden
D63: Ausmaß der Auswirkungen von Explosionen: | G63: o | J63: -
D64: Explosionsschutzdokument: | G64: o | J64: nicht relevant
D65: Maßnahmenreihe EMGK "Brand und Explosion": | E65: =CONCATENATE(VLOOKUP($G$1,'Übersicht GBU'!A:AC,28,FALSE)," (",VLOOKUP($G$1,'Übersicht GBU'!A:AC,29,FALSE),")") -> Schutzleitfaden-PC270 (Grundanforderungen bei erhöhter Brandgefährdung) | G65: o
G66: o | J66: Die allgemeinen Brandschutzmaßnahmen werden eingehalten.
D68: Stoffspezifisch "Blei" (TRGS 505): | G68: o | J68: entfällt
D69: Ortsfeste Behälter (TRGS 509): | G69: o | J69: entfällt
D70: Ortsbewegliche Behälter (TRGS 510): | G70: o
D71: Substitution (TRGS 600): | E71: =VLOOKUP($G$1,'Übersicht GBU'!A:AW,49,FALSE) -> Substitutionen sind im Galvanikbereich nicht zielführend (vgl. ASA vom 05.05.2025) | G71: o
D73: Rettungs- und Erste-Hilfe-Maßnahmen: | J73: Notfallkit für Gefahrstoffkontaminationen, Mitgabe von Informationsmaterial an Rettungsdienst
D75: Sonstige Informationen und Hinweise:
B77: Kap | C77: lfd. Nr | D77: Schutzmaßnahmen und Verhaltensregeln | G77: wirksam
B78: S | D78: Substitution
B79: S | C79: =ROW(A79)-(ROW(A$78)) -> 1 | D79: Aufgrund des technischen Knowhows dieses Produktes ist eine Substitution zurzeit nicht möglich. | G79: o
B80: T | D80: Technische Schutzmaßnahmen
B81: T | C81: =ROW(A81)-(ROW(A$80)) -> 1 | D81: Für ausreichende Raumbelüftung sorgen. | G81: o
B82: T | C82: =ROW(A82)-(ROW(A$80)) -> 2 | D82: Absaugung: Nur bei Rauch, Gas, Dämpfen oder Nebel | G82: o
B83: T | C83: =ROW(A83)-(ROW(A$80)) -> 3 | D83: Staubbildung und Staubablagerung vermeiden. | G83: o
B84: T | C84: =ROW(A84)-(ROW(A$80)) -> 4 | D84: Bei Staubbildung Absaugung vorsehen. | G84: o
B85: T | C85: =ROW(A85)-(ROW(A$80)) -> 5 | D85: Waschgelegenheiten bereithalten. | G85: o
B86: O | D86: Organisatorische Schutzmaßnahmen
B87: O | C87: =ROW(A87)-(ROW(A$86)) -> 1 | D87: Jährliche Unterweisung der Beschäftigten im Umgang mit dem Gefahrstoff durchführen. | G87: o
B88: O | C88: =ROW(A88)-(ROW(A$86)) -> 2 | D88: Betriebsanweisung nach § 14 GefStoffV und TRGS 555 erstellen und kommunizieren. | G88: o
B89: O | C89: =ROW(A89)-(ROW(A$86)) -> 3 | D89: Für Verfügbarkeit von Erste-Hilfe-Material / Augenspülflaschen in der Nähe zum Arbeitsplatz sorgen | G89: o
B90: O | C90: =ROW(A90)-(ROW(A$86)) -> 4 | D90: Zutrittsbeschränkungen zum Arbeitsbereich definieren. | G90: o
B91: P | D91: Personenbezogene Schutzmaßnahmen
B92: P | C92: =ROW(A92)-(ROW(A$91)) -> 1 | D92: Handschutz: Schutzhandschuhe tragen. | G92: o
B93: P | C93: =ROW(A93)-(ROW(A$91)) -> 2 | D93: Hautschutzprodukte bereitstellen und Hautschutzplan visualisieren. | G93: o
B94: P | C94: =ROW(A94)-(ROW(A$91)) -> 3 | D94: Augenschutz: Dichtschließende Schutzbrillen tragen, wenn eine Kontamination der Augen zu erwarten ist. | G94: o
B95: P | C95: =ROW(A95)-(ROW(A$91)) -> 4 | D95: Atemschutz: Partikelfilter Typ P2 tragen, wenn eine Inhalation aufgewirbelter Stäube zu erwarten ist. | G95: o
B96: P | C96: =ROW(A96)-(ROW(A$91)) -> 5 | D96: Bei unzureichender Belüftung geeigneten Atemschutz verwenden. | G96: o
B97: P | C97: =ROW(A97)-(ROW(A$91)) -> 6 | D97: Bei der Verwendung dieses Produkts nicht essen, trinken oder rauchen. | G97: o
B98: P | C98: =ROW(A98)-(ROW(A$91)) -> 7 | D98: Allgemeine Hygienemaßnahmen am Arbeitsplatz einhalten. | G98: o
B99: P | C99: =ROW(A99)-(ROW(A$91)) -> 8 | D99: Vor dem Verlassen des Arbeitsplatzes Hände und andere kontaminierte Körperteile mit Wasser und Seife waschen. | G99: o
B100: P | C100: =ROW(A100)-(ROW(A$91)) -> 9 | D100: Kontaminierte Kleidung und Schutzausrüstung vor Pausen / Arbeitsende ausziehen und waschen. | G100: o
B101: P | C101: =ROW(A101)-(ROW(A$91)) -> 10 | D101: Arbeitsmedizinische Vorsorgeuntersuchungen durchführen. | G101: o
B102: 1 | D102: Brandschutzmaßnahmen
B103: 1 | C103: =ROW(A103)-(ROW(A$102)) -> 1 | D103: Von Zündquellen und heißen Oberflächen fernhalten. | G103: o
B104: 1 | C104: =ROW(A104)-(ROW(A$102)) -> 2 | D104: Kein Feuer und offenes Licht im Arbeitsbereich. | G104: o
B105: 1 | C105: =ROW(A105)-(ROW(A$102)) -> 3 | D105: Ex-Schutz-Dokument erstellen. | G105: o
B106: 2 | D106: Lagerhaltung und Reaktivität
B107: 2 | C107: =ROW(A107)-(ROW(A$106)) -> 1 | D107: Trocken lagern. | G107: o
B108: 2 | C108: =ROW(A108)-(ROW(A$106)) -> 2 | D108: Behälter dicht verschlossen an einem kühlen, trockenen, gut belüfteten Ort aufbewahren. | G108: o
B109: 2 | C109: =ROW(A109)-(ROW(A$106)) -> 3 | D109: Getrennt von anderen Gefahrstoffen lagern. | G109: o
B110: 2 | C110: =ROW(A110)-(ROW(A$106)) -> 4 | D110: Zu vermeidende Bedingungen: Hitze, starke Erwärmung, Feuchtigkeit | G110: o
B111: 3 | D111: Methoden und Material für Rückhaltung und Reinigung
B112: 3 | C112: =ROW(A112)-(ROW(A$111)) -> 1 | D112: Verschüttetes Material mit Staubsauger aufnehmen oder mit Schaufel und Besen o.ä. aufnehmen. | G112: o
B113: 3 | C113: =ROW(A113)-(ROW(A$111)) -> 2 | D113: Staubentwicklung vermeiden. | G113: o
B114: 4 | D114: Umweltschutzmaßnahmen
B115: 4 | C115: =ROW(A115)-(ROW(A$114)) -> 1 | D115: Vermeiden Sie die Freisetzung in die Umwelt vermeiden. | G115: o
B116: 4 | C116: =ROW(A116)-(ROW(A$114)) -> 2 | D116: Nicht in Oberflächengewässer oder Kanalisation gelangen lassen. | G116: o
B117: 5
...

Sheet 095
B1: Gefährdungsbeurteilung für Gefahrstoffe nach § 6 GefStoffV, TRGS 400 | F1: Nummer: | G1: 095
B2: =CONCATENATE(Daten!G2," · ",Daten!H2) -> OTH Oberflächentechnik Hagen GmbH & Co. KG · Selbecker Str. 145-149, 58091 Hagen | F2: Stand: | G2: =TODAY() -> 45905
D5: Bearbeiter: | E5: Herr Kim Marius Gräfe (Fachkraft für Arbeitssicherheit)
D6: Verantwortliche Führungskraft: | E6: =CONCATENATE(Daten!G5," (",Daten!H5,")") -> Herr Udo Gensowski (Geschäftsführer)
B8: Allgemeine Angaben
D10: Produktbezeichnung / Handelsname: | E10: =VLOOKUP($G$1,'Übersicht GBU'!A:AB,4,FALSE) -> Ätznatron Prills
D11: Hersteller / Lieferant: | E11: =VLOOKUP($G$1,'Übersicht GBU'!A:AB,5,FALSE) -> Stockmeier Chemie GmbH & Co. KG
D12: Sicherheitsdatenblatt vom: | E12: =VLOOKUP($G$1,'Übersicht GBU'!A:AB,6,FALSE) -> 42080 | G12: Gefahr
D13: Zustandsform: | E13: =CONCATENATE(VLOOKUP($G$1,'Übersicht GBU'!A:AB,7,FALSE),", ",VLOOKUP($G$1,'Übersicht GBU'!A:AB,8,FALSE)," (",VLOOKUP($G$1,'Übersicht GBU'!A:AB,9,FALSE),")") -> Feststoff, weiß (0)
D14: Einsatzweck / interne Verwendung: | E14: =VLOOKUP($G$1,'Übersicht GBU'!A:AB,10,FALSE) -> Abwasserbehandlung
D16: Beschreibung der Tätigkeit, Häufigkeit der Anwendung, Lager- und Verwendungsmengen am Arbeitsplatz: | E16: Der Gefahrstoff wird zum xxxxx eingesetzt.
B18: Einstufung und Gefahren / Toxikologie
D20: Kennzeichnung gemäß CLP-VO (EG) 1272/2008: | E20: =VLOOKUP($G$1,'Übersicht GBU'!A:AB,11,FALSE) -> GHS 05, Gefahr
D21: H-Sätze [H2XX / H3XX / H4XX / EUHXXX]: | E21: =CONCATENATE(VLOOKUP($G$1,'Übersicht GBU'!A:AB,12,FALSE)," / ",(VLOOKUP($G$1,'Übersicht GBU'!A:AB,13,FALSE))," / ",(VLOOKUP($G$1,'Übersicht GBU'!A:AB,14,FALSE))," / ",(VLOOKUP($G$1,'Übersicht GBU'!A:AB,15,FALSE))) -> H290 / H314 / - / -
D22: P-Sätze [P1XX / P2XX / P3XX / P4XX / P5XX]: | E22: =CONCATENATE(VLOOKUP($G$1,'Übersicht GBU'!A:AB,16,FALSE)," / ",(VLOOKUP($G$1,'Übersicht GBU'!A:AB,17,FALSE))," / ",(VLOOKUP($G$1,'Übersicht GBU'!A:AB,18,FALSE))," / ",(VLOOKUP($G$1,'Übersicht GBU'!A:AB,19,FALSE))," / ",(VLOOKUP($G$1,'Übersicht GBU'!A:AB,20,FALSE))) -> - / P260, P280 / P301+P330+P331, P303+P361+P353, P305+P351+P338, P310 / - / -
D23: Tätigkeiten mit geringer Gefährdung (TRGS 400): | E23: =VLOOKUP($G$1,'Übersicht GBU'!A:AB,23,FALSE) -> Nein, da die Einstufung H314 besteht und ein Hautkontakt nicht ausgeschlossen werden kann.
D24: Wassergefährdungsklasse (WGK): | E24: =VLOOKUP(G24,Daten!J2:K6,2,FALSE) -> WGK 1: schwach wassergefährdend | G24: =VLOOKUP($G$1,'Übersicht GBU'!A:AB,22,FALSE) -> 1
J25: H400, H410, H411, H412
D26: Arbeitsplatzgrenzwerte (TRGS 900): | E26: =VLOOKUP($G$1,'Übersicht GBU'!A:AB,21,FALSE) -> -
D27: Angaben zu den CMR-Bestandteilen: | E27: =CONCATENATE(VLOOKUP($G$1,'Übersicht GBU'!A:AR,30,FALSE)," (",(VLOOKUP($G$1,'Übersicht GBU'!A:AR,31,FALSE)),"%), ",(VLOOKUP($G$1,'Übersicht GBU'!A:AR,32,FALSE))," / ",(VLOOKUP($G$1,'Übersicht GBU'!A:AR,33,FALSE))," - ",(VLOOKUP($G$1,'Übersicht GBU'!A:AR,34,FALSE))) -> #N/A
E28: =CONCATENATE(VLOOKUP($G$1,'Übersicht GBU'!A:AR,35,FALSE)," (",(VLOOKUP($G$1,'Übersicht GBU'!A:AR,36,FALSE)),"%), ",(VLOOKUP($G$1,'Übersicht GBU'!A:AR,37,FALSE))," / ",(VLOOKUP($G$1,'Übersicht GBU'!A:AR,38,FALSE))," - ",(VLOOKUP($G$1,'Übersicht GBU'!A:AR,39,FALSE))) -> - (0%), - / keine - entfällt
B30: Expositionsbeschreibung
D32: Beschreibung von Ausmaß, Art und Dauer der Exposition / Expositionswege: | E32: Die gefahrbringende Komponente ist
B34: Anwendung der Technischen Regeln für Gefahrstoffe (TRGS) | G34: trifft zu
D36: Gefährdungen durch Hautkontakt (TRGS 401): | G36: o
D37: Hautgefährdende Eigenschaften: | G37: o | J37: H314, H315, H317, EUH066, EUH204, EUH205, EUH208
D38: Hautresorptive Eigenschaften: | G38: o | J38: H310, H311, H312, H370, H371, H372, H373
D39: Sonstige hautgefährdende Eigenschaften: | G39: o | J39: wirkt entfettend // Gefahr der Hautresorption
D40: Tätigkeitsbedingte Feuchtarbeit: | G40: o | J40: Kontakt mit wässrigen Flüssigkeiten >2 Std./Tag; Händewaschen >15x/Tag
D41: Verletzung der Haut bei der Tätigkeit: | G41: o | J41: z. B. Schnitte, Stiche, scharfkantige Partikel oder künstliche Mineralfasern
D42: Besondere physikalische Bedingungen: | G42: o | J42: z. B. Hitze, Kälte, UV-Strahlung
D43: Sichtbare Verschmutzung der Haut: | G43: o
D44: Maßnahmenreihe nach EMGK "Hautkontakt": | E44: =CONCATENATE(VLOOKUP($G$1,'Übersicht GBU'!A:AB,26,FALSE)," (",VLOOKUP($G$1,'Übersicht GBU'!A:AB,27,FALSE),")") -> Schutzleitfaden-250 (Erweiterter Maßnahmenbedarf „Haut“) | G44: o
E45: Die allgemeinen Hautschutz- und Hygienemaßnahmen werden eingehalten. | G45: o | J45: Die allgemeinen Hautschutz- und Hygienemaßnahmen werden eingehalten.
D46: Persönliche Schutzausrüstung: Hand-/ Hautschutz: | E46: Chemikalienbeständige Schutzhandschuhe (EN 374) | G46: o | J46: Chemikalienbeständige Schutzhandschuhe (EN 374)
G47: o | J47: Definition / Typ / Klasse
D49: Gefährdungen durch Einatmen (TRGS 402): | G49: o
D50: Arbeitsplatzmessungen: | G50: o
D51: Nichtmesstechnische Ermittlungsmethoden: | G51: o
D52: Maßnahmenreihe nach EMGK "Einatmen": | E52: =CONCATENATE(VLOOKUP($G$1,'Übersicht GBU'!A:AB,24,FALSE)," (",VLOOKUP($G$1,'Übersicht GBU'!A:AB,25,FALSE),")") -> Schutzleitfaden-300 (Geschlossenes System) | G52: o
G53: o
D54: Persönliche Schutzausrüstung: Atemschutz: | G54: o
D55: Technische Schutzmaßnahmen: | G55: o
G56: o
D58: Brand- und Explosionsgefährdung (TRGS 721): | G58: o | J58: Das Produkt ist nicht brennbar und nicht explosionsgefährlich.
D59: Flammpunkt: | E59: =IF(VLOOKUP($G$1,'Übersicht GBU'!A:DJ,45,FALSE)="k. A.","keine Angabe",CONCATENATE(VLOOKUP($G$1,'Übersicht GBU'!A:DJ,45,FALSE),"°C")) -> -°C | G59: o
D60: Explosionsgrenzen (UEG / OEG): | E60: =IF(VLOOKUP($G$1,'Übersicht GBU'!A:DJ,46,FALSE)="k. A.","keine Angabe",CONCATENATE(VLOOKUP($G$1,'Übersicht GBU'!A:DJ,46,FALSE)," - ",VLOOKUP($G$1,'Übersicht GBU'!A:DJ,47,FALSE)," Vol.-%")) -> - Vol.-% | G60: o
D61: Wahrscheinlichkeit und Dauer Explosionsgefahr: | G61: o | J61: -
D62: Wirksame Zündquellen: | G62: o | J62: keine Zündquellen vorhanden
D63: Ausmaß der Auswirkungen von Explosionen: | G63: o | J63: -
D64: Explosionsschutzdokument: | G64: o | J64: nicht relevant
D65: Maßnahmenreihe EMGK "Brand und Explosion": | E65: =CONCATENATE(VLOOKUP($G$1,'Übersicht GBU'!A:AC,28,FALSE)," (",VLOOKUP($G$1,'Übersicht GBU'!A:AC,29,FALSE),")") -> Schutzleitfaden-PC270 (Grundanforderungen bei erhöhter Brandgefährdung) | G65: o
G66: o | J66: Die allgemeinen Brandschutzmaßnahmen werden eingehalten.
D68: Stoffspezifisch "Blei" (TRGS 505): | G68: o | J68: entfällt
D69: Ortsfeste Behälter (TRGS 509): | G69: o | J69: entfällt
D70: Ortsbewegliche Behälter (TRGS 510): | G70: o
D71: Substitution (TRGS 600): | E71: =VLOOKUP($G$1,'Übersicht GBU'!A:AW,49,FALSE) -> Substitutionen sind im Galvanikbereich nicht zielführend (vgl. ASA vom 05.05.2025) | G71: o
D73: Rettungs- und Erste-Hilfe-Maßnahmen: | J73: Notfallkit für Gefahrstoffkontaminationen, Mitgabe von Informationsmaterial an Rettungsdienst
D75: Sonstige Informationen und Hinweise:
B77: Kap | C77: lfd. Nr | D77: Schutzmaßnahmen und Verhaltensregeln | G77: wirksam
B78: S | D78: Substitution
B79: S | C79: =ROW(A79)-(ROW(A$78)) -> 1 | D79: Aufgrund des technischen Knowhows dieses Produktes ist eine Substitution zurzeit nicht möglich. | G79: o
B80: T | D80: Technische Schutzmaßnahmen
B81: T | C81: =ROW(A81)-(ROW(A$80)) -> 1 | D81: Für ausreichende Raumbelüftung sorgen. | G81: o
B82: T | C82: =ROW(A82)-(ROW(A$80)) -> 2 | D82: Absaugung: Nur bei Rauch, Gas, Dämpfen oder Nebel | G82: o
B83: T | C83: =ROW(A83)-(ROW(A$80)) -> 3 | D83: Staubbildung und Staubablagerung vermeiden. | G83: o
B84: T | C84: =ROW(A84)-(ROW(A$80)) -> 4 | D84: Bei Staubbildung Absaugung vorsehen. | G84: o
B85: T | C85: =ROW(A85)-(ROW(A$80)) -> 5 | D85: Waschgelegenheiten bereithalten. | G85: o
B86: O | D86: Organisatorische Schutzmaßnahmen
B87: O | C87: =ROW(A87)-(ROW(A$86)) -> 1 | D87: Jährliche Unterweisung der Beschäftigten im Umgang mit dem Gefahrstoff durchführen. | G87: o
B88: O | C88: =ROW(A88)-(ROW(A$86)) -> 2 | D88: Betriebsanweisung nach § 14 GefStoffV und TRGS 555 erstellen und kommunizieren. | G88: o
B89: O | C89: =ROW(A89)-(ROW(A$86)) -> 3 | D89: Für Verfügbarkeit von Erste-Hilfe-Material / Augenspülflaschen in der Nähe zum Arbeitsplatz sorgen | G89: o
B90: O | C90: =ROW(A90)-(ROW(A$86)) -> 4 | D90: Zutrittsbeschränkungen zum Arbeitsbereich definieren. | G90: o
B91: P | D91: Personenbezogene Schutzmaßnahmen
B92: P | C92: =ROW(A92)-(ROW(A$91)) -> 1 | D92: Handschutz: Schutzhandschuhe tragen. | G92: o
B93: P | C93: =ROW(A93)-(ROW(A$91)) -> 2 | D93: Hautschutzprodukte bereitstellen und Hautschutzplan visualisieren. | G93: o
B94: P | C94: =ROW(A94)-(ROW(A$91)) -> 3 | D94: Augenschutz: Dichtschließende Schutzbrillen tragen, wenn eine Kontamination der Augen zu erwarten ist. | G94: o
B95: P | C95: =ROW(A95)-(ROW(A$91)) -> 4 | D95: Atemschutz: Partikelfilter Typ P2 tragen, wenn eine Inhalation aufgewirbelter Stäube zu erwarten ist. | G95: o
B96: P | C96: =ROW(A96)-(ROW(A$91)) -> 5 | D96: Bei unzureichender Belüftung geeigneten Atemschutz verwenden. | G96: o
B97: P | C97: =ROW(A97)-(ROW(A$91)) -> 6 | D97: Bei der Verwendung dieses Produkts nicht essen, trinken oder rauchen. | G97: o
B98: P | C98: =ROW(A98)-(ROW(A$91)) -> 7 | D98: Allgemeine Hygienemaßnahmen am Arbeitsplatz einhalten. | G98: o
B99: P | C99: =ROW(A99)-(ROW(A$91)) -> 8 | D99: Vor dem Verlassen des Arbeitsplatzes Hände und andere kontaminierte Körperteile mit Wasser und Seife waschen. | G99: o
B100: P | C100: =ROW(A100)-(ROW(A$91)) -> 9 | D100: Kontaminierte Kleidung und Schutzausrüstung vor Pausen / Arbeitsende ausziehen und waschen. | G100: o
B101: P | C101: =ROW(A101)-(ROW(A$91)) -> 10 | D101: Arbeitsmedizinische Vorsorgeuntersuchungen durchführen. | G101: o
B102: 1 | D102: Brandschutzmaßnahmen
B103: 1 | C103: =ROW(A103)-(ROW(A$102)) -> 1 | D103: Von Zündquellen und heißen Oberflächen fernhalten. | G103: o
B104: 1 | C104: =ROW(A104)-(ROW(A$102)) -> 2 | D104: Kein Feuer und offenes Licht im Arbeitsbereich. | G104: o
B105: 1 | C105: =ROW(A105)-(ROW(A$102)) -> 3 | D105: Ex-Schutz-Dokument erstellen. | G105: o
B106: 2 | D106: Lagerhaltung und Reaktivität
B107: 2 | C107: =ROW(A107)-(ROW(A$106)) -> 1 | D107: Trocken lagern. | G107: o
B108: 2 | C108: =ROW(A108)-(ROW(A$106)) -> 2 | D108: Behälter dicht verschlossen an einem kühlen, trockenen, gut belüfteten Ort aufbewahren. | G108: o
B109: 2 | C109: =ROW(A109)-(ROW(A$106)) -> 3 | D109: Getrennt von anderen Gefahrstoffen lagern. | G109: o
B110: 2 | C110: =ROW(A110)-(ROW(A$106)) -> 4 | D110: Zu vermeidende Bedingungen: Hitze, starke Erwärmung, Feuchtigkeit | G110: o
B111: 3 | D111: Methoden und Material für Rückhaltung und Reinigung
B112: 3 | C112: =ROW(A112)-(ROW(A$111)) -> 1 | D112: Verschüttetes Material mit Staubsauger aufnehmen oder mit Schaufel und Besen o.ä. aufnehmen. | G112: o
B113: 3 | C113: =ROW(A113)-(ROW(A$111)) -> 2 | D113: Staubentwicklung vermeiden. | G113: o
B114: 4 | D114: Umweltschutzmaßnahmen
B115: 4 | C115: =ROW(A115)-(ROW(A$114)) -> 1 | D115: Vermeiden Sie die Freisetzung in die Umwelt vermeiden. | G115: o
B116: 4 | C116: =ROW(A116)-(ROW(A$114)) -> 2 | D116: Nicht in Oberflächengewässer oder Kanalisation gelangen lassen. | G116: o
B117: 5
...
